{"type":"FeatureCollection","features":[{"type":"Feature","properties":{"nombre":"Ruta 5 Sur","jerarquia":1},"geometry":{"type":"LineString","coordinates":[[-71.69262,-35.53972],[-71.69185,-35.53817],[-71.69128,-35.53719],[-71.69086,-35.53655],[-71.69006,-35.53553]]}},{"type":"Feature","properties":{"nombre":"20 Oriente","jerarquia":5},"geometry":{"type":"LineString","coordinates":[[-71.63256,-35.4197],[-71.63261,-35.41983]]}},{"type":"Feature","properties":{"nombre":"20 Oriente","jerarquia":5},"geometry":{"type":"LineString","coordinates":[[-71.63261,-35.41983],[-71.63319,-35.42128],[-71.63333,-35.42178],[-71.63375,-35.42277],[-71.6339,-35.42354],[-71.6345,-35.42516]]}},{"type":"Feature","properties":{"nombre":"Camino El Bolsico","jerarquia":5},"geometry":{"type":"LineString","coordinates":[[-71.59037,-35.52574],[-71.58782,-35.52719],[-71.58376,-35.52936],[-71.58351,-35.52941],[-71.58311,-35.5293],[-71.58282,-35.52931],[-71.57614,-35.53146],[-71.57322,-35.53256],[-71.57121,-35.53367],[-71.5703,-35.53411]]}},{"type":"Feature","properties":{"nombre":"Ruta K-361","jerarquia":4},"geometry":{"type":"LineString","coordinates":[[-71.57376,-35.50769],[-71.57412,-35.50845]]}},{"type":"Feature","properties":{"nombre":"Ruta K-361","jerarquia":4},"geometry":{"type":"LineString","coordinates":[[-71.57412,-35.50845],[-71.57463,-35.50947],[-71.57613,-35.51154],[-71.57833,-35.51405],[-71.58335,-35.51801],[-71.58423,-35.51878]]}},{"type":"Feature","properties":{"nombre":"Ruta K-361","jerarquia":4},"geometry":{"type":"LineString","coordinates":[[-71.58423,-35.51878],[-71.58573,-35.52014]]}},{"type":"Feature","properties":{"nombre":"Ruta K-361","jerarquia":4},"geometry":{"type":"LineString","coordinates":[[-71.58573,-35.52014],[-71.58681,-35.52128],[-71.5877,-35.52206]]}},{"type":"Feature","properties":{"nombre":"Ruta K-361","jerarquia":4},"geometry":{"type":"LineString","coordinates":[[-71.5877,-35.52206],[-71.58839,-35.52284],[-71.59002,-35.52541],[-71.59037,-35.52574]]}},{"type":"Feature","properties":{"nombre":"Ruta K-361","jerarquia":4},"geometry":{"type":"LineString","coordinates":[[-71.59037,-35.52574],[-71.5907,-35.5259],[-71.59084,-35.52591],[-71.59282,-35.52528],[-71.59558,-35.52466],[-71.59849,-35.52387]]}},{"type":"Feature","properties":{"nombre":"Ruta K-361","jerarquia":4},"geometry":{"type":"LineString","coordinates":[[-71.59849,-35.52387],[-71.60103,-35.52315],[-71.60352,-35.52259],[-71.60431,-35.52234],[-71.60633,-35.52141],[-71.60757,-35.52098],[-71.60768,-35.52098],[-71.60787,-35.52106],[-71.60832,-35.52191],[-71.60848,-35.5221]]}},{"type":"Feature","properties":{"nombre":"Ruta K-380","jerarquia":5},"geometry":{"type":"LineString","coordinates":[[-71.7503,-35.54563],[-71.74987,-35.54614],[-71.7498,-35.54629],[-71.74983,-35.54644],[-71.75014,-35.54675],[-71.75026,-35.54702],[-71.75001,-35.54832],[-71.74998,-35.54939],[-71.74987,-35.5507],[-71.7497,-35.55154],[-71.7495,-35.55186]]}},{"type":"Feature","properties":{"nombre":"Ruta K-380","jerarquia":5},"geometry":{"type":"LineString","coordinates":[[-71.7495,-35.55186],[-71.74924,-35.55179],[-71.74809,-35.55093],[-71.74756,-35.55062],[-71.74677,-35.55003],[-71.74417,-35.54827],[-71.74296,-35.5476],[-71.74277,-35.54758],[-71.74266,-35.54762],[-71.74191,-35.54817],[-71.73969,-35.54895]]}},{"type":"Feature","properties":{"nombre":"Ruta K-380","jerarquia":5},"geometry":{"type":"LineString","coordinates":[[-71.73969,-35.54895],[-71.73937,-35.54886],[-71.73849,-35.54836],[-71.73801,-35.54761]]}},{"type":"Feature","properties":{"nombre":"Ruta K-380","jerarquia":5},"geometry":{"type":"LineString","coordinates":[[-71.73801,-35.54761],[-71.73747,-35.54714],[-71.73737,-35.54698],[-71.73695,-35.54614],[-71.73677,-35.54528],[-71.73675,-35.54461],[-71.73705,-35.54379],[-71.73691,-35.54318],[-71.73689,-35.54285],[-71.73715,-35.54136]]}},{"type":"Feature","properties":{"nombre":"Ruta K-380","jerarquia":5},"geometry":{"type":"LineString","coordinates":[[-71.73715,-35.54136],[-71.73723,-35.54093],[-71.73723,-35.54075],[-71.73692,-35.53992]]}},{"type":"Feature","properties":{"nombre":"Ruta K-380","jerarquia":5},"geometry":{"type":"LineString","coordinates":[[-71.73692,-35.53992],[-71.7366,-35.53904]]}},{"type":"Feature","properties":{"nombre":"Ruta K-380","jerarquia":5},"geometry":{"type":"LineString","coordinates":[[-71.7366,-35.53904],[-71.7364,-35.53836],[-71.73563,-35.53644],[-71.73557,-35.53558],[-71.73541,-35.53504],[-71.73532,-35.5343]]}},{"type":"Feature","properties":{"nombre":"Ruta K-380","jerarquia":5},"geometry":{"type":"LineString","coordinates":[[-71.73532,-35.5343],[-71.73488,-35.53285],[-71.73483,-35.53194]]}},{"type":"Feature","properties":{"nombre":"Ruta K-380","jerarquia":5},"geometry":{"type":"LineString","coordinates":[[-71.73483,-35.53194],[-71.73484,-35.53129],[-71.73504,-35.53072]]}},{"type":"Feature","properties":{"nombre":"Ruta K-380","jerarquia":5},"geometry":{"type":"LineString","coordinates":[[-71.73504,-35.53072],[-71.73516,-35.53008],[-71.73519,-35.52902]]}},{"type":"Feature","properties":{"nombre":"Ruta K-380","jerarquia":5},"geometry":{"type":"LineString","coordinates":[[-71.73519,-35.52902],[-71.73485,-35.52744],[-71.7347,-35.52701],[-71.73392,-35.52614],[-71.73318,-35.52563],[-71.73282,-35.5252],[-71.73224,-35.52378],[-71.732,-35.52338],[-71.7309,-35.52189],[-71.7306,-35.52096],[-71.73026,-35.52028],[-71.73007,-35.52007],[-71.72932,-35.51948],[-71.72874,-35.51881],[-71.72756,-35.51781],[-71.72674,-35.51687]]}},{"type":"Feature","properties":{"nombre":"Ruta K-380","jerarquia":5},"geometry":{"type":"LineString","coordinates":[[-71.72674,-35.51687],[-71.72644,-35.5164],[-71.72623,-35.51593],[-71.7251,-35.51295]]}},{"type":"Feature","properties":{"nombre":"Ruta K-380","jerarquia":5},"geometry":{"type":"LineString","coordinates":[[-71.7251,-35.51295],[-71.72413,-35.51015]]}},{"type":"Feature","properties":{"nombre":"Ruta K-380","jerarquia":5},"geometry":{"type":"LineString","coordinates":[[-71.72413,-35.51015],[-71.72394,-35.50957]]}},{"type":"Feature","properties":{"nombre":"Ruta K-380","jerarquia":5},"geometry":{"type":"LineString","coordinates":[[-71.72394,-35.50957],[-71.72362,-35.50876]]}},{"type":"Feature","properties":{"nombre":"Ruta K-380","jerarquia":5},"geometry":{"type":"LineString","coordinates":[[-71.72362,-35.50876],[-71.72279,-35.50676],[-71.72232,-35.50591],[-71.72216,-35.50575],[-71.72193,-35.50561]]}},{"type":"Feature","properties":{"nombre":"Ruta K-380","jerarquia":5},"geometry":{"type":"LineString","coordinates":[[-71.72193,-35.50561],[-71.71169,-35.49868]]}},{"type":"Feature","properties":{"nombre":"Ruta K-353","jerarquia":5},"geometry":{"type":"LineString","coordinates":[[-71.62405,-35.45905],[-71.62401,-35.45921],[-71.62323,-35.45993],[-71.62294,-35.4601]]}},{"type":"Feature","properties":{"nombre":"Ruta K-353","jerarquia":5},"geometry":{"type":"LineString","coordinates":[[-71.62294,-35.4601],[-71.62264,-35.46013],[-71.6218,-35.46005],[-71.62159,-35.46008],[-71.62141,-35.46016],[-71.62132,-35.46037],[-71.621,-35.46376],[-71.62087,-35.46392],[-71.62071,-35.46399],[-71.62004,-35.46398]]}},{"type":"Feature","properties":{"nombre":"Ruta K-353","jerarquia":5},"geometry":{"type":"LineString","coordinates":[[-71.62004,-35.46398],[-71.61993,-35.46397]]}},{"type":"Feature","properties":{"nombre":"Ruta K-353","jerarquia":5},"geometry":{"type":"LineString","coordinates":[[-71.61993,-35.46397],[-71.61908,-35.46391],[-71.61901,-35.46397],[-71.61871,-35.46724],[-71.61862,-35.46737],[-71.61741,-35.46812],[-71.61713,-35.471],[-71.61709,-35.47106]]}},{"type":"Feature","properties":{"nombre":"Ruta K-353","jerarquia":5},"geometry":{"type":"LineString","coordinates":[[-71.61709,-35.47106],[-71.61706,-35.47107]]}},{"type":"Feature","properties":{"nombre":"Ruta K-353","jerarquia":5},"geometry":{"type":"LineString","coordinates":[[-71.61706,-35.47107],[-71.61364,-35.47151]]}},{"type":"Feature","properties":{"nombre":"Ruta K-353","jerarquia":5},"geometry":{"type":"LineString","coordinates":[[-71.61364,-35.47151],[-71.60987,-35.47205]]}},{"type":"Feature","properties":{"nombre":"Ruta K-353","jerarquia":5},"geometry":{"type":"LineString","coordinates":[[-71.60987,-35.47205],[-71.60633,-35.47257]]}},{"type":"Feature","properties":{"nombre":"Ruta K-353","jerarquia":5},"geometry":{"type":"LineString","coordinates":[[-71.60633,-35.47257],[-71.60579,-35.47264]]}},{"type":"Feature","properties":{"nombre":"","jerarquia":1},"geometry":{"type":"LineString","coordinates":[[-71.6593,-35.48766],[-71.65952,-35.48786],[-71.65971,-35.48795],[-71.65995,-35.48793],[-71.6602,-35.48776]]}},{"type":"Feature","properties":{"nombre":"Ruta K-120","jerarquia":5},"geometry":{"type":"LineString","coordinates":[[-71.66793,-35.39305],[-71.66969,-35.39413],[-71.67102,-35.39574],[-71.67241,-35.39687],[-71.67258,-35.39714],[-71.67278,-35.39767]]}},{"type":"Feature","properties":{"nombre":"Ruta K-120","jerarquia":5},"geometry":{"type":"LineString","coordinates":[[-71.67278,-35.39767],[-71.67344,-35.39884],[-71.67596,-35.40113],[-71.6762,-35.40129]]}},{"type":"Feature","properties":{"nombre":"Ruta K-120","jerarquia":5},"geometry":{"type":"LineString","coordinates":[[-71.6762,-35.40129],[-71.67699,-35.40193],[-71.67788,-35.40257],[-71.67828,-35.40294],[-71.67873,-35.40342],[-71.67932,-35.40441],[-71.67935,-35.40455],[-71.67926,-35.40469],[-71.67882,-35.405],[-71.6796,-35.4077],[-71.67957,-35.40866],[-71.67914,-35.40921],[-71.6791,-35.40942],[-71.67914,-35.40965],[-71.67954,-35.41027],[-71.6798,-35.41056],[-71.68087,-35.41106],[-71.68116,-35.41127],[-71.68157,-35.41167],[-71.68207,-35.4119],[-71.68297,-35.4125],[-71.68342,-35.41414],[-71.68343,-35.41437],[-71.68338,-35.41489],[-71.6834,-35.4157],[-71.68361,-35.41653],[-71.68376,-35.4169],[-71.6842,-35.41751],[-71.68438,-35.41801],[-71.6845,-35.41856],[-71.68528,-35.41994]]}},{"type":"Feature","properties":{"nombre":"Ruta K-120","jerarquia":5},"geometry":{"type":"LineString","coordinates":[[-71.68528,-35.41994],[-71.68545,-35.42024]]}},{"type":"Feature","properties":{"nombre":"Ruta K-120","jerarquia":5},"geometry":{"type":"LineString","coordinates":[[-71.68545,-35.42024],[-71.68552,-35.42035]]}},{"type":"Feature","properties":{"nombre":"Calle 5 Norte","jerarquia":5},"geometry":{"type":"LineString","coordinates":[[-71.62402,-35.42822],[-71.62466,-35.42801],[-71.62521,-35.42772],[-71.62578,-35.42756]]}},{"type":"Feature","properties":{"nombre":"Esmeralda","jerarquia":5},"geometry":{"type":"LineString","coordinates":[[-71.60319,-35.44848],[-71.60325,-35.44864]]}},{"type":"Feature","properties":{"nombre":"Esmeralda","jerarquia":5},"geometry":{"type":"LineString","coordinates":[[-71.60325,-35.44864],[-71.60323,-35.44871]]}},{"type":"Feature","properties":{"nombre":"Esmeralda","jerarquia":5},"geometry":{"type":"LineString","coordinates":[[-71.60323,-35.44871],[-71.60307,-35.44905],[-71.60333,-35.45051]]}},{"type":"Feature","properties":{"nombre":"Esmeralda","jerarquia":5},"geometry":{"type":"LineString","coordinates":[[-71.60333,-35.45051],[-71.60337,-35.45074]]}},{"type":"Feature","properties":{"nombre":"Esmeralda","jerarquia":5},"geometry":{"type":"LineString","coordinates":[[-71.60337,-35.45074],[-71.60345,-35.45116]]}},{"type":"Feature","properties":{"nombre":"Esmeralda","jerarquia":5},"geometry":{"type":"LineString","coordinates":[[-71.60345,-35.45116],[-71.60372,-35.4527]]}},{"type":"Feature","properties":{"nombre":"Esmeralda","jerarquia":5},"geometry":{"type":"LineString","coordinates":[[-71.60372,-35.4527],[-71.60382,-35.45323]]}},{"type":"Feature","properties":{"nombre":"Esmeralda","jerarquia":5},"geometry":{"type":"LineString","coordinates":[[-71.60382,-35.45323],[-71.60405,-35.45447]]}},{"type":"Feature","properties":{"nombre":"Esmeralda","jerarquia":5},"geometry":{"type":"LineString","coordinates":[[-71.60405,-35.45447],[-71.60408,-35.45457]]}},{"type":"Feature","properties":{"nombre":"Esmeralda","jerarquia":5},"geometry":{"type":"LineString","coordinates":[[-71.60408,-35.45457],[-71.6042,-35.45541],[-71.60454,-35.45622],[-71.60448,-35.45639],[-71.60427,-35.45655]]}},{"type":"Feature","properties":{"nombre":"Esmeralda","jerarquia":5},"geometry":{"type":"LineString","coordinates":[[-71.60427,-35.45655],[-71.60365,-35.45683]]}},{"type":"Feature","properties":{"nombre":"Esmeralda","jerarquia":5},"geometry":{"type":"LineString","coordinates":[[-71.60365,-35.45683],[-71.60358,-35.45687]]}},{"type":"Feature","properties":{"nombre":"Esmeralda","jerarquia":5},"geometry":{"type":"LineString","coordinates":[[-71.60358,-35.45687],[-71.60338,-35.45714],[-71.60296,-35.458],[-71.60227,-35.45881]]}},{"type":"Feature","properties":{"nombre":"Ruta K-398","jerarquia":4},"geometry":{"type":"LineString","coordinates":[[-71.67661,-35.52006],[-71.67687,-35.51992],[-71.67712,-35.51986],[-71.67737,-35.51992],[-71.67759,-35.52008]]}},{"type":"Feature","properties":{"nombre":"","jerarquia":1},"geometry":{"type":"LineString","coordinates":[[-71.65997,-35.48974],[-71.65981,-35.48953],[-71.65964,-35.48942]]}},{"type":"Feature","properties":{"nombre":"Ruta K-353","jerarquia":5},"geometry":{"type":"LineString","coordinates":[[-71.60904,-35.48204],[-71.60909,-35.48228],[-71.60938,-35.48282],[-71.60956,-35.48368]]}},{"type":"Feature","properties":{"nombre":"Ruta K-353","jerarquia":5},"geometry":{"type":"LineString","coordinates":[[-71.60956,-35.48368],[-71.60974,-35.48465],[-71.60935,-35.48539],[-71.60344,-35.49045]]}},{"type":"Feature","properties":{"nombre":"Ruta K-353","jerarquia":5},"geometry":{"type":"LineString","coordinates":[[-71.60344,-35.49045],[-71.60248,-35.49128]]}},{"type":"Feature","properties":{"nombre":"Ruta K-353","jerarquia":5},"geometry":{"type":"LineString","coordinates":[[-71.60248,-35.49128],[-71.60098,-35.49255]]}},{"type":"Feature","properties":{"nombre":"Ruta K-353","jerarquia":5},"geometry":{"type":"LineString","coordinates":[[-71.60098,-35.49255],[-71.59536,-35.49652]]}},{"type":"Feature","properties":{"nombre":"Ruta K-353","jerarquia":5},"geometry":{"type":"LineString","coordinates":[[-71.59536,-35.49652],[-71.59268,-35.49639]]}},{"type":"Feature","properties":{"nombre":"Ruta K-353","jerarquia":5},"geometry":{"type":"LineString","coordinates":[[-71.59268,-35.49639],[-71.59095,-35.49628]]}},{"type":"Feature","properties":{"nombre":"Ruta K-353","jerarquia":5},"geometry":{"type":"LineString","coordinates":[[-71.59095,-35.49628],[-71.58911,-35.49623]]}},{"type":"Feature","properties":{"nombre":"Ruta K-353","jerarquia":5},"geometry":{"type":"LineString","coordinates":[[-71.58911,-35.49623],[-71.58407,-35.49633]]}},{"type":"Feature","properties":{"nombre":"Ruta K-353","jerarquia":5},"geometry":{"type":"LineString","coordinates":[[-71.58407,-35.49633],[-71.58292,-35.49634],[-71.58267,-35.49629],[-71.58228,-35.49612],[-71.58202,-35.49613],[-71.5792,-35.49705],[-71.57638,-35.49875],[-71.57571,-35.499],[-71.57516,-35.49911]]}},{"type":"Feature","properties":{"nombre":"Ruta K-353","jerarquia":5},"geometry":{"type":"LineString","coordinates":[[-71.57516,-35.49911],[-71.56954,-35.49944]]}},{"type":"Feature","properties":{"nombre":"Camino Las Tinajas","jerarquia":5},"geometry":{"type":"LineString","coordinates":[[-71.68552,-35.42035],[-71.68557,-35.42043]]}},{"type":"Feature","properties":{"nombre":"Camino Las Tinajas","jerarquia":5},"geometry":{"type":"LineString","coordinates":[[-71.68557,-35.42043],[-71.68863,-35.42419]]}},{"type":"Feature","properties":{"nombre":"Avenida Ignacio Carrera Pinto","jerarquia":3},"geometry":{"type":"LineString","coordinates":[[-71.67522,-35.42927],[-71.67559,-35.4293],[-71.67587,-35.4294],[-71.67603,-35.42953],[-71.67632,-35.42988]]}},{"type":"Feature","properties":{"nombre":"Caserío Lircay","jerarquia":5},"geometry":{"type":"LineString","coordinates":[[-71.62219,-35.39868],[-71.62312,-35.39871],[-71.62419,-35.39781]]}},{"type":"Feature","properties":{"nombre":"Caserío Lircay","jerarquia":5},"geometry":{"type":"LineString","coordinates":[[-71.62419,-35.39781],[-71.62752,-35.39925]]}},{"type":"Feature","properties":{"nombre":"Caserío Lircay","jerarquia":5},"geometry":{"type":"LineString","coordinates":[[-71.62752,-35.39925],[-71.6277,-35.39933]]}},{"type":"Feature","properties":{"nombre":"Caletera Ruta 5","jerarquia":5},"geometry":{"type":"LineString","coordinates":[[-71.65142,-35.46882],[-71.65129,-35.46879],[-71.65058,-35.46894]]}},{"type":"Feature","properties":{"nombre":"Ruta K-555","jerarquia":5},"geometry":{"type":"LineString","coordinates":[[-71.55424,-35.46571],[-71.55417,-35.46559]]}},{"type":"Feature","properties":{"nombre":"Ruta K-555","jerarquia":5},"geometry":{"type":"LineString","coordinates":[[-71.55417,-35.46559],[-71.55365,-35.46466]]}},{"type":"Feature","properties":{"nombre":"Ruta K-555","jerarquia":5},"geometry":{"type":"LineString","coordinates":[[-71.55365,-35.46466],[-71.55321,-35.46388],[-71.54613,-35.45283]]}},{"type":"Feature","properties":{"nombre":"Ruta K-555","jerarquia":5},"geometry":{"type":"LineString","coordinates":[[-71.54613,-35.45283],[-71.54423,-35.44992]]}},{"type":"Feature","properties":{"nombre":"Ruta K-555","jerarquia":5},"geometry":{"type":"LineString","coordinates":[[-71.54423,-35.44992],[-71.54355,-35.44894]]}},{"type":"Feature","properties":{"nombre":"Ruta K-555","jerarquia":5},"geometry":{"type":"LineString","coordinates":[[-71.54355,-35.44894],[-71.54197,-35.44654]]}},{"type":"Feature","properties":{"nombre":"Ruta K-555","jerarquia":5},"geometry":{"type":"LineString","coordinates":[[-71.54197,-35.44654],[-71.54163,-35.44598]]}},{"type":"Feature","properties":{"nombre":"Ruta K-555","jerarquia":5},"geometry":{"type":"LineString","coordinates":[[-71.54163,-35.44598],[-71.54054,-35.44424],[-71.5404,-35.44402],[-71.54028,-35.44394]]}},{"type":"Feature","properties":{"nombre":"Ruta K-555","jerarquia":5},"geometry":{"type":"LineString","coordinates":[[-71.54028,-35.44394],[-71.53986,-35.44396],[-71.53857,-35.44426],[-71.53846,-35.44424],[-71.5383,-35.4441],[-71.53813,-35.44361]]}},{"type":"Feature","properties":{"nombre":"Ruta K-555","jerarquia":5},"geometry":{"type":"LineString","coordinates":[[-71.53813,-35.44361],[-71.53551,-35.43622]]}},{"type":"Feature","properties":{"nombre":"Ruta K-555","jerarquia":5},"geometry":{"type":"LineString","coordinates":[[-71.53551,-35.43622],[-71.53482,-35.43428]]}},{"type":"Feature","properties":{"nombre":"Ruta K-555","jerarquia":5},"geometry":{"type":"LineString","coordinates":[[-71.53482,-35.43428],[-71.53463,-35.43373]]}},{"type":"Feature","properties":{"nombre":"Ruta K-555","jerarquia":5},"geometry":{"type":"LineString","coordinates":[[-71.53463,-35.43373],[-71.53393,-35.43177]]}},{"type":"Feature","properties":{"nombre":"Ruta K-555","jerarquia":5},"geometry":{"type":"LineString","coordinates":[[-71.53393,-35.43177],[-71.53335,-35.43015]]}},{"type":"Feature","properties":{"nombre":"Camino de la Aurora","jerarquia":5},"geometry":{"type":"LineString","coordinates":[[-71.53288,-35.49619],[-71.53284,-35.49609]]}},{"type":"Feature","properties":{"nombre":"Camino de la Aurora","jerarquia":5},"geometry":{"type":"LineString","coordinates":[[-71.53284,-35.49609],[-71.53278,-35.496]]}},{"type":"Feature","properties":{"nombre":"Camino de la Aurora","jerarquia":5},"geometry":{"type":"LineString","coordinates":[[-71.53278,-35.496],[-71.53277,-35.49599]]}},{"type":"Feature","properties":{"nombre":"Camino de la Aurora","jerarquia":5},"geometry":{"type":"LineString","coordinates":[[-71.53277,-35.49599],[-71.53179,-35.49438]]}},{"type":"Feature","properties":{"nombre":"Camino de la Aurora","jerarquia":5},"geometry":{"type":"LineString","coordinates":[[-71.53179,-35.49438],[-71.53117,-35.49341]]}},{"type":"Feature","properties":{"nombre":"Camino de la Aurora","jerarquia":5},"geometry":{"type":"LineString","coordinates":[[-71.53117,-35.49341],[-71.53086,-35.4929]]}},{"type":"Feature","properties":{"nombre":"Camino de la Aurora","jerarquia":5},"geometry":{"type":"LineString","coordinates":[[-71.53086,-35.4929],[-71.53057,-35.49239]]}},{"type":"Feature","properties":{"nombre":"Camino de la Aurora","jerarquia":5},"geometry":{"type":"LineString","coordinates":[[-71.53057,-35.49239],[-71.52965,-35.49085]]}},{"type":"Feature","properties":{"nombre":"Camino de la Aurora","jerarquia":5},"geometry":{"type":"LineString","coordinates":[[-71.52965,-35.49085],[-71.52935,-35.49036]]}},{"type":"Feature","properties":{"nombre":"Camino de la Aurora","jerarquia":5},"geometry":{"type":"LineString","coordinates":[[-71.52935,-35.49036],[-71.52643,-35.48579]]}},{"type":"Feature","properties":{"nombre":"Ruta K-390","jerarquia":4},"geometry":{"type":"LineString","coordinates":[[-71.70228,-35.50584],[-71.70219,-35.50525],[-71.70226,-35.50331],[-71.70286,-35.50103]]}},{"type":"Feature","properties":{"nombre":"Ruta K-390","jerarquia":4},"geometry":{"type":"LineString","coordinates":[[-71.70286,-35.50103],[-71.7042,-35.49676]]}},{"type":"Feature","properties":{"nombre":"Ruta K-390","jerarquia":4},"geometry":{"type":"LineString","coordinates":[[-71.7042,-35.49676],[-71.70491,-35.49495],[-71.70497,-35.49417]]}},{"type":"Feature","properties":{"nombre":"Ruta K-390","jerarquia":4},"geometry":{"type":"LineString","coordinates":[[-71.70497,-35.49417],[-71.70497,-35.4941]]}},{"type":"Feature","properties":{"nombre":"Ruta K-390","jerarquia":4},"geometry":{"type":"LineString","coordinates":[[-71.70497,-35.4941],[-71.70504,-35.49183]]}},{"type":"Feature","properties":{"nombre":"Ruta K-390","jerarquia":4},"geometry":{"type":"LineString","coordinates":[[-71.70504,-35.49183],[-71.70509,-35.4907]]}},{"type":"Feature","properties":{"nombre":"Ruta K-390","jerarquia":4},"geometry":{"type":"LineString","coordinates":[[-71.70509,-35.4907],[-71.7051,-35.49042]]}},{"type":"Feature","properties":{"nombre":"Ruta K-390","jerarquia":4},"geometry":{"type":"LineString","coordinates":[[-71.7051,-35.49042],[-71.7051,-35.49023]]}},{"type":"Feature","properties":{"nombre":"Ruta K-390","jerarquia":4},"geometry":{"type":"LineString","coordinates":[[-71.7051,-35.49023],[-71.70515,-35.48881]]}},{"type":"Feature","properties":{"nombre":"Ruta K-390","jerarquia":4},"geometry":{"type":"LineString","coordinates":[[-71.70515,-35.48881],[-71.70511,-35.48811],[-71.70468,-35.48694]]}},{"type":"Feature","properties":{"nombre":"Ruta K-390","jerarquia":4},"geometry":{"type":"LineString","coordinates":[[-71.70468,-35.48694],[-71.70409,-35.48531]]}},{"type":"Feature","properties":{"nombre":"Ruta K-390","jerarquia":4},"geometry":{"type":"LineString","coordinates":[[-71.70409,-35.48531],[-71.7039,-35.48476]]}},{"type":"Feature","properties":{"nombre":"Ruta K-390","jerarquia":4},"geometry":{"type":"LineString","coordinates":[[-71.7039,-35.48476],[-71.70361,-35.4841],[-71.70332,-35.48368]]}},{"type":"Feature","properties":{"nombre":"Ruta K-390","jerarquia":4},"geometry":{"type":"LineString","coordinates":[[-71.70332,-35.48368],[-71.70205,-35.48227],[-71.70189,-35.48204],[-71.70139,-35.48085],[-71.70074,-35.47909],[-71.69999,-35.47758]]}},{"type":"Feature","properties":{"nombre":"Ruta K-390","jerarquia":4},"geometry":{"type":"LineString","coordinates":[[-71.69999,-35.47758],[-71.69804,-35.47404]]}},{"type":"Feature","properties":{"nombre":"Ruta K-390","jerarquia":4},"geometry":{"type":"LineString","coordinates":[[-71.69804,-35.47404],[-71.69794,-35.47386]]}},{"type":"Feature","properties":{"nombre":"Ruta K-390","jerarquia":4},"geometry":{"type":"LineString","coordinates":[[-71.69794,-35.47386],[-71.69767,-35.47331],[-71.69734,-35.47236],[-71.69667,-35.46927]]}},{"type":"Feature","properties":{"nombre":"Ruta K-390","jerarquia":4},"geometry":{"type":"LineString","coordinates":[[-71.69667,-35.46927],[-71.69662,-35.46913]]}},{"type":"Feature","properties":{"nombre":"Ruta K-390","jerarquia":4},"geometry":{"type":"LineString","coordinates":[[-71.69662,-35.46913],[-71.6957,-35.46627]]}},{"type":"Feature","properties":{"nombre":"Camino a Huilliborgoa","jerarquia":5},"geometry":{"type":"LineString","coordinates":[[-71.63363,-35.39965],[-71.63376,-35.40088],[-71.63374,-35.40118]]}},{"type":"Feature","properties":{"nombre":"Camino a Huilliborgoa","jerarquia":5},"geometry":{"type":"LineString","coordinates":[[-71.63374,-35.40118],[-71.63373,-35.40125]]}},{"type":"Feature","properties":{"nombre":"Ruta K-25","jerarquia":4},"geometry":{"type":"LineString","coordinates":[[-71.59295,-35.37179],[-71.58837,-35.37351]]}},{"type":"Feature","properties":{"nombre":"Ruta K-25","jerarquia":4},"geometry":{"type":"LineString","coordinates":[[-71.58837,-35.37351],[-71.58667,-35.37418]]}},{"type":"Feature","properties":{"nombre":"Ruta K-25","jerarquia":4},"geometry":{"type":"LineString","coordinates":[[-71.58667,-35.37418],[-71.58102,-35.37639]]}},{"type":"Feature","properties":{"nombre":"Ruta K-25","jerarquia":4},"geometry":{"type":"LineString","coordinates":[[-71.58102,-35.37639],[-71.57994,-35.37683]]}},{"type":"Feature","properties":{"nombre":"Ruta K-25","jerarquia":4},"geometry":{"type":"LineString","coordinates":[[-71.57994,-35.37683],[-71.5729,-35.37953],[-71.57201,-35.37976]]}},{"type":"Feature","properties":{"nombre":"Ruta K-25","jerarquia":4},"geometry":{"type":"LineString","coordinates":[[-71.57201,-35.37976],[-71.57085,-35.38002]]}},{"type":"Feature","properties":{"nombre":"Ruta K-25","jerarquia":4},"geometry":{"type":"LineString","coordinates":[[-71.57085,-35.38002],[-71.57026,-35.38015]]}},{"type":"Feature","properties":{"nombre":"Ruta K-25","jerarquia":4},"geometry":{"type":"LineString","coordinates":[[-71.57026,-35.38015],[-71.56875,-35.38048]]}},{"type":"Feature","properties":{"nombre":"Ruta K-25","jerarquia":4},"geometry":{"type":"LineString","coordinates":[[-71.56875,-35.38048],[-71.56591,-35.38108]]}},{"type":"Feature","properties":{"nombre":"Ruta K-25","jerarquia":4},"geometry":{"type":"LineString","coordinates":[[-71.56591,-35.38108],[-71.5639,-35.38146]]}},{"type":"Feature","properties":{"nombre":"Ruta K-25","jerarquia":4},"geometry":{"type":"LineString","coordinates":[[-71.5639,-35.38146],[-71.55923,-35.38235]]}},{"type":"Feature","properties":{"nombre":"Ruta K-25","jerarquia":4},"geometry":{"type":"LineString","coordinates":[[-71.55923,-35.38235],[-71.55861,-35.38247]]}},{"type":"Feature","properties":{"nombre":"Ruta K-25","jerarquia":4},"geometry":{"type":"LineString","coordinates":[[-71.55861,-35.38247],[-71.55409,-35.38331],[-71.55348,-35.38347],[-71.55306,-35.38363],[-71.55251,-35.384],[-71.54882,-35.38708],[-71.54843,-35.38746],[-71.54795,-35.38777]]}},{"type":"Feature","properties":{"nombre":"Ruta K-390","jerarquia":5},"geometry":{"type":"LineString","coordinates":[[-71.69675,-35.54742],[-71.69714,-35.54732],[-71.69741,-35.54736],[-71.69762,-35.54747],[-71.69787,-35.54773]]}},{"type":"Feature","properties":{"nombre":"Ruta K-390","jerarquia":5},"geometry":{"type":"LineString","coordinates":[[-71.69787,-35.54773],[-71.69877,-35.54809],[-71.69898,-35.54802],[-71.69907,-35.54773],[-71.69905,-35.54749],[-71.69897,-35.54731],[-71.69801,-35.54581],[-71.69793,-35.5456],[-71.69801,-35.5449],[-71.698,-35.5446],[-71.69781,-35.54399],[-71.69754,-35.54336],[-71.69745,-35.54291],[-71.69749,-35.54258],[-71.69776,-35.54181]]}},{"type":"Feature","properties":{"nombre":"Ruta K-390","jerarquia":5},"geometry":{"type":"LineString","coordinates":[[-71.69776,-35.54181],[-71.69798,-35.54129]]}},{"type":"Feature","properties":{"nombre":"Ruta K-390","jerarquia":5},"geometry":{"type":"LineString","coordinates":[[-71.69798,-35.54129],[-71.69809,-35.54092]]}},{"type":"Feature","properties":{"nombre":"Ruta K-390","jerarquia":5},"geometry":{"type":"LineString","coordinates":[[-71.69809,-35.54092],[-71.69804,-35.53968]]}},{"type":"Feature","properties":{"nombre":"Ruta K-390","jerarquia":5},"geometry":{"type":"LineString","coordinates":[[-71.69804,-35.53968],[-71.69764,-35.53583]]}},{"type":"Feature","properties":{"nombre":"Ruta K-390","jerarquia":5},"geometry":{"type":"LineString","coordinates":[[-71.69764,-35.53583],[-71.69754,-35.535]]}},{"type":"Feature","properties":{"nombre":"Ruta K-390","jerarquia":5},"geometry":{"type":"LineString","coordinates":[[-71.69754,-35.535],[-71.69706,-35.53081],[-71.69612,-35.52635],[-71.69616,-35.52574],[-71.69635,-35.52519]]}},{"type":"Feature","properties":{"nombre":"Calle 12 Oriente","jerarquia":5},"geometry":{"type":"LineString","coordinates":[[-71.64773,-35.42635],[-71.64783,-35.42738]]}},{"type":"Feature","properties":{"nombre":"Calle 12 Oriente","jerarquia":5},"geometry":{"type":"LineString","coordinates":[[-71.64783,-35.42738],[-71.64784,-35.42754]]}},{"type":"Feature","properties":{"nombre":"Calle 13 Oriente","jerarquia":5},"geometry":{"type":"LineString","coordinates":[[-71.6473,-35.43758],[-71.64719,-35.43663]]}},{"type":"Feature","properties":{"nombre":"Calle 1 Sur","jerarquia":5},"geometry":{"type":"LineString","coordinates":[[-71.67551,-35.42707],[-71.67515,-35.42705]]}},{"type":"Feature","properties":{"nombre":"8 Poniente","jerarquia":5},"geometry":{"type":"LineString","coordinates":[[-71.6822,-35.43828],[-71.68233,-35.43848]]}},{"type":"Feature","properties":{"nombre":"8 Poniente","jerarquia":5},"geometry":{"type":"LineString","coordinates":[[-71.68233,-35.43848],[-71.68281,-35.43912]]}},{"type":"Feature","properties":{"nombre":"8 Poniente","jerarquia":5},"geometry":{"type":"LineString","coordinates":[[-71.68281,-35.43912],[-71.68289,-35.43921]]}},{"type":"Feature","properties":{"nombre":"8 Poniente","jerarquia":5},"geometry":{"type":"LineString","coordinates":[[-71.68289,-35.43921],[-71.68348,-35.43994]]}},{"type":"Feature","properties":{"nombre":"8 Poniente","jerarquia":5},"geometry":{"type":"LineString","coordinates":[[-71.68348,-35.43994],[-71.68417,-35.44075]]}},{"type":"Feature","properties":{"nombre":"8 Poniente","jerarquia":5},"geometry":{"type":"LineString","coordinates":[[-71.68417,-35.44075],[-71.68423,-35.44083]]}},{"type":"Feature","properties":{"nombre":"8 Poniente","jerarquia":5},"geometry":{"type":"LineString","coordinates":[[-71.68423,-35.44083],[-71.68531,-35.44215]]}},{"type":"Feature","properties":{"nombre":"8 Poniente","jerarquia":5},"geometry":{"type":"LineString","coordinates":[[-71.68531,-35.44215],[-71.68536,-35.44222]]}},{"type":"Feature","properties":{"nombre":"8 Poniente","jerarquia":5},"geometry":{"type":"LineString","coordinates":[[-71.68536,-35.44222],[-71.686,-35.44303]]}},{"type":"Feature","properties":{"nombre":"8 Poniente","jerarquia":5},"geometry":{"type":"LineString","coordinates":[[-71.686,-35.44303],[-71.68612,-35.44317]]}},{"type":"Feature","properties":{"nombre":"Calle 8 Oriente","jerarquia":5},"geometry":{"type":"LineString","coordinates":[[-71.65549,-35.42543],[-71.65545,-35.42438]]}},{"type":"Feature","properties":{"nombre":"Calle 8 Oriente","jerarquia":5},"geometry":{"type":"LineString","coordinates":[[-71.65545,-35.42438],[-71.65542,-35.42372]]}},{"type":"Feature","properties":{"nombre":"Calle 8 Oriente","jerarquia":5},"geometry":{"type":"LineString","coordinates":[[-71.65542,-35.42372],[-71.6554,-35.42303]]}},{"type":"Feature","properties":{"nombre":"Calle 8 Oriente","jerarquia":5},"geometry":{"type":"LineString","coordinates":[[-71.6554,-35.42303],[-71.65539,-35.42295]]}},{"type":"Feature","properties":{"nombre":"","jerarquia":3},"geometry":{"type":"LineString","coordinates":[[-71.67528,-35.42588],[-71.67538,-35.42589]]}},{"type":"Feature","properties":{"nombre":"Avenida Isidoro del Solar","jerarquia":4},"geometry":{"type":"LineString","coordinates":[[-71.6667,-35.42574],[-71.66772,-35.42468]]}},{"type":"Feature","properties":{"nombre":"Calle 1 Oriente","jerarquia":4},"geometry":{"type":"LineString","coordinates":[[-71.66496,-35.42226],[-71.66491,-35.4224],[-71.66502,-35.42357]]}},{"type":"Feature","properties":{"nombre":"Calle 1 Oriente","jerarquia":4},"geometry":{"type":"LineString","coordinates":[[-71.66502,-35.42357],[-71.66512,-35.4246]]}},{"type":"Feature","properties":{"nombre":"Calle 1 Oriente","jerarquia":4},"geometry":{"type":"LineString","coordinates":[[-71.66512,-35.4246],[-71.66512,-35.42467]]}},{"type":"Feature","properties":{"nombre":"Calle 1 Oriente","jerarquia":4},"geometry":{"type":"LineString","coordinates":[[-71.66512,-35.42467],[-71.66524,-35.42596]]}},{"type":"Feature","properties":{"nombre":"Calle 1 Oriente","jerarquia":4},"geometry":{"type":"LineString","coordinates":[[-71.66524,-35.42596],[-71.66525,-35.42605]]}},{"type":"Feature","properties":{"nombre":"Calle 1 Oriente","jerarquia":4},"geometry":{"type":"LineString","coordinates":[[-71.66525,-35.42605],[-71.66527,-35.42629]]}},{"type":"Feature","properties":{"nombre":"","jerarquia":3},"geometry":{"type":"LineString","coordinates":[[-71.63959,-35.43104],[-71.63983,-35.43097]]}},{"type":"Feature","properties":{"nombre":"","jerarquia":3},"geometry":{"type":"LineString","coordinates":[[-71.63983,-35.43097],[-71.63991,-35.43097]]}},{"type":"Feature","properties":{"nombre":"Calle 5 Sur","jerarquia":5},"geometry":{"type":"LineString","coordinates":[[-71.64236,-35.4341],[-71.6421,-35.43414]]}},{"type":"Feature","properties":{"nombre":"Calle 2 Sur","jerarquia":3},"geometry":{"type":"LineString","coordinates":[[-71.66547,-35.42832],[-71.6654,-35.42833]]}},{"type":"Feature","properties":{"nombre":"Calle 2 Sur","jerarquia":3},"geometry":{"type":"LineString","coordinates":[[-71.651,-35.42959],[-71.65089,-35.42971],[-71.65055,-35.42976]]}},{"type":"Feature","properties":{"nombre":"Calle 2 Sur","jerarquia":3},"geometry":{"type":"LineString","coordinates":[[-71.65055,-35.42976],[-71.65048,-35.42977]]}},{"type":"Feature","properties":{"nombre":"Avenida 1 Oriente","jerarquia":4},"geometry":{"type":"LineString","coordinates":[[-71.66484,-35.42172],[-71.66495,-35.4218],[-71.66498,-35.42198]]}},{"type":"Feature","properties":{"nombre":"Avenida 1 Oriente","jerarquia":4},"geometry":{"type":"LineString","coordinates":[[-71.66484,-35.42172],[-71.66476,-35.42181],[-71.66477,-35.42216]]}},{"type":"Feature","properties":{"nombre":"Avenida 1 Oriente","jerarquia":4},"geometry":{"type":"LineString","coordinates":[[-71.66477,-35.42216],[-71.66478,-35.42228]]}},{"type":"Feature","properties":{"nombre":"Avenida 5 Oriente","jerarquia":5},"geometry":{"type":"LineString","coordinates":[[-71.65325,-35.40392],[-71.65318,-35.40371]]}},{"type":"Feature","properties":{"nombre":"Avenida 5 Oriente","jerarquia":5},"geometry":{"type":"LineString","coordinates":[[-71.65318,-35.40371],[-71.65301,-35.40314]]}},{"type":"Feature","properties":{"nombre":"Calle 6 Oriente","jerarquia":4},"geometry":{"type":"LineString","coordinates":[[-71.65891,-35.43369],[-71.65879,-35.43231]]}},{"type":"Feature","properties":{"nombre":"Calle 6 Oriente","jerarquia":4},"geometry":{"type":"LineString","coordinates":[[-71.65879,-35.43231],[-71.65871,-35.43126]]}},{"type":"Feature","properties":{"nombre":"Calle 6 Oriente","jerarquia":4},"geometry":{"type":"LineString","coordinates":[[-71.65871,-35.43126],[-71.65859,-35.4299]]}},{"type":"Feature","properties":{"nombre":"Calle 6 Oriente","jerarquia":4},"geometry":{"type":"LineString","coordinates":[[-71.65859,-35.4299],[-71.65852,-35.429]]}},{"type":"Feature","properties":{"nombre":"Calle 6 Oriente","jerarquia":4},"geometry":{"type":"LineString","coordinates":[[-71.65852,-35.429],[-71.65851,-35.42888]]}},{"type":"Feature","properties":{"nombre":"29 Sur","jerarquia":5},"geometry":{"type":"LineString","coordinates":[[-71.68992,-35.44796],[-71.68995,-35.44795]]}},{"type":"Feature","properties":{"nombre":"29 Sur","jerarquia":5},"geometry":{"type":"LineString","coordinates":[[-71.68995,-35.44795],[-71.69003,-35.44792]]}},{"type":"Feature","properties":{"nombre":"29 Sur","jerarquia":5},"geometry":{"type":"LineString","coordinates":[[-71.69003,-35.44792],[-71.69065,-35.44768]]}},{"type":"Feature","properties":{"nombre":"29 Sur","jerarquia":5},"geometry":{"type":"LineString","coordinates":[[-71.69065,-35.44768],[-71.69103,-35.44754]]}},{"type":"Feature","properties":{"nombre":"29 Sur","jerarquia":5},"geometry":{"type":"LineString","coordinates":[[-71.69103,-35.44754],[-71.69144,-35.44738]]}},{"type":"Feature","properties":{"nombre":"29 Sur","jerarquia":5},"geometry":{"type":"LineString","coordinates":[[-71.69144,-35.44738],[-71.69182,-35.44724]]}},{"type":"Feature","properties":{"nombre":"29 Sur","jerarquia":5},"geometry":{"type":"LineString","coordinates":[[-71.69182,-35.44724],[-71.6923,-35.44705]]}},{"type":"Feature","properties":{"nombre":"29 Sur","jerarquia":5},"geometry":{"type":"LineString","coordinates":[[-71.6923,-35.44705],[-71.69271,-35.4469]]}},{"type":"Feature","properties":{"nombre":"29 Sur","jerarquia":5},"geometry":{"type":"LineString","coordinates":[[-71.69271,-35.4469],[-71.69316,-35.44673]]}},{"type":"Feature","properties":{"nombre":"29 Sur","jerarquia":5},"geometry":{"type":"LineString","coordinates":[[-71.69316,-35.44673],[-71.69364,-35.44655]]}},{"type":"Feature","properties":{"nombre":"29 Sur","jerarquia":5},"geometry":{"type":"LineString","coordinates":[[-71.69364,-35.44655],[-71.69414,-35.44636]]}},{"type":"Feature","properties":{"nombre":"29 Sur","jerarquia":5},"geometry":{"type":"LineString","coordinates":[[-71.69414,-35.44636],[-71.69429,-35.4463]]}},{"type":"Feature","properties":{"nombre":"29 Sur","jerarquia":5},"geometry":{"type":"LineString","coordinates":[[-71.69429,-35.4463],[-71.69453,-35.44621]]}},{"type":"Feature","properties":{"nombre":"29 Sur","jerarquia":5},"geometry":{"type":"LineString","coordinates":[[-71.69453,-35.44621],[-71.69474,-35.44613]]}},{"type":"Feature","properties":{"nombre":"29 Sur","jerarquia":5},"geometry":{"type":"LineString","coordinates":[[-71.69474,-35.44613],[-71.69505,-35.44601]]}},{"type":"Feature","properties":{"nombre":"29 Sur","jerarquia":5},"geometry":{"type":"LineString","coordinates":[[-71.69505,-35.44601],[-71.69536,-35.44589]]}},{"type":"Feature","properties":{"nombre":"29 Sur","jerarquia":5},"geometry":{"type":"LineString","coordinates":[[-71.69536,-35.44589],[-71.69558,-35.44581]]}},{"type":"Feature","properties":{"nombre":"29 Sur","jerarquia":5},"geometry":{"type":"LineString","coordinates":[[-71.69558,-35.44581],[-71.6958,-35.44572]]}},{"type":"Feature","properties":{"nombre":"29 Sur","jerarquia":5},"geometry":{"type":"LineString","coordinates":[[-71.6958,-35.44572],[-71.69613,-35.4456]]}},{"type":"Feature","properties":{"nombre":"29 Sur","jerarquia":5},"geometry":{"type":"LineString","coordinates":[[-71.69613,-35.4456],[-71.69653,-35.44545]]}},{"type":"Feature","properties":{"nombre":"29 Sur","jerarquia":5},"geometry":{"type":"LineString","coordinates":[[-71.69653,-35.44545],[-71.69697,-35.44528]]}},{"type":"Feature","properties":{"nombre":"29 Sur","jerarquia":5},"geometry":{"type":"LineString","coordinates":[[-71.69697,-35.44528],[-71.69717,-35.44521]]}},{"type":"Feature","properties":{"nombre":"29 Sur","jerarquia":5},"geometry":{"type":"LineString","coordinates":[[-71.69717,-35.44521],[-71.69752,-35.44507]]}},{"type":"Feature","properties":{"nombre":"29 Sur","jerarquia":5},"geometry":{"type":"LineString","coordinates":[[-71.69752,-35.44507],[-71.6978,-35.44496]]}},{"type":"Feature","properties":{"nombre":"21 Poniente","jerarquia":5},"geometry":{"type":"LineString","coordinates":[[-71.70003,-35.44408],[-71.70002,-35.44402],[-71.69974,-35.44375]]}},{"type":"Feature","properties":{"nombre":"Calle 14 Poniente","jerarquia":5},"geometry":{"type":"LineString","coordinates":[[-71.69191,-35.44442],[-71.69185,-35.44431]]}},{"type":"Feature","properties":{"nombre":"Calle 14 Poniente","jerarquia":5},"geometry":{"type":"LineString","coordinates":[[-71.69185,-35.44431],[-71.69124,-35.44323],[-71.69093,-35.44278]]}},{"type":"Feature","properties":{"nombre":"Calle 14 Poniente","jerarquia":5},"geometry":{"type":"LineString","coordinates":[[-71.69093,-35.44278],[-71.69056,-35.44212],[-71.69053,-35.442]]}},{"type":"Feature","properties":{"nombre":"Calle 14 Poniente","jerarquia":5},"geometry":{"type":"LineString","coordinates":[[-71.69053,-35.442],[-71.69057,-35.44193]]}},{"type":"Feature","properties":{"nombre":"Calle 15 Oriente","jerarquia":5},"geometry":{"type":"LineString","coordinates":[[-71.644,-35.42781],[-71.64411,-35.4288]]}},{"type":"Feature","properties":{"nombre":"Calle 15 Oriente","jerarquia":5},"geometry":{"type":"LineString","coordinates":[[-71.64411,-35.4288],[-71.64413,-35.42892]]}},{"type":"Feature","properties":{"nombre":"Calle 15 Oriente","jerarquia":5},"geometry":{"type":"LineString","coordinates":[[-71.64413,-35.42892],[-71.64425,-35.43003]]}},{"type":"Feature","properties":{"nombre":"Calle 15 Oriente","jerarquia":5},"geometry":{"type":"LineString","coordinates":[[-71.64425,-35.43003],[-71.64435,-35.43097]]}},{"type":"Feature","properties":{"nombre":"Calle 15 Oriente","jerarquia":5},"geometry":{"type":"LineString","coordinates":[[-71.64435,-35.43097],[-71.64446,-35.43193]]}},{"type":"Feature","properties":{"nombre":"Calle 15 Oriente","jerarquia":5},"geometry":{"type":"LineString","coordinates":[[-71.64446,-35.43193],[-71.64457,-35.4329]]}},{"type":"Feature","properties":{"nombre":"Calle 15 Oriente","jerarquia":5},"geometry":{"type":"LineString","coordinates":[[-71.64457,-35.4329],[-71.64468,-35.43391]]}},{"type":"Feature","properties":{"nombre":"","jerarquia":2},"geometry":{"type":"LineString","coordinates":[[-71.63471,-35.43279],[-71.63452,-35.43275]]}},{"type":"Feature","properties":{"nombre":"Calle 2 Norte","jerarquia":3},"geometry":{"type":"LineString","coordinates":[[-71.63577,-35.42911],[-71.63568,-35.42914]]}},{"type":"Feature","properties":{"nombre":"19 Sur","jerarquia":5},"geometry":{"type":"LineString","coordinates":[[-71.6839,-35.43861],[-71.68427,-35.43838]]}},{"type":"Feature","properties":{"nombre":"19 Sur","jerarquia":5},"geometry":{"type":"LineString","coordinates":[[-71.68427,-35.43838],[-71.68464,-35.43815]]}},{"type":"Feature","properties":{"nombre":"19 Sur","jerarquia":5},"geometry":{"type":"LineString","coordinates":[[-71.68464,-35.43815],[-71.68505,-35.4379]]}},{"type":"Feature","properties":{"nombre":"19 Sur","jerarquia":5},"geometry":{"type":"LineString","coordinates":[[-71.68505,-35.4379],[-71.68519,-35.43781]]}},{"type":"Feature","properties":{"nombre":"19 Sur","jerarquia":5},"geometry":{"type":"LineString","coordinates":[[-71.68519,-35.43781],[-71.68544,-35.43766]]}},{"type":"Feature","properties":{"nombre":"19 Sur","jerarquia":5},"geometry":{"type":"LineString","coordinates":[[-71.68544,-35.43766],[-71.68574,-35.43747]]}},{"type":"Feature","properties":{"nombre":"19 Sur","jerarquia":5},"geometry":{"type":"LineString","coordinates":[[-71.68574,-35.43747],[-71.68586,-35.4374]]}},{"type":"Feature","properties":{"nombre":"19 Sur","jerarquia":5},"geometry":{"type":"LineString","coordinates":[[-71.68586,-35.4374],[-71.68622,-35.43717]]}},{"type":"Feature","properties":{"nombre":"19 Sur","jerarquia":5},"geometry":{"type":"LineString","coordinates":[[-71.68622,-35.43717],[-71.68631,-35.43712]]}},{"type":"Feature","properties":{"nombre":"19 Sur","jerarquia":5},"geometry":{"type":"LineString","coordinates":[[-71.68631,-35.43712],[-71.68642,-35.43705]]}},{"type":"Feature","properties":{"nombre":"19 Sur","jerarquia":5},"geometry":{"type":"LineString","coordinates":[[-71.68642,-35.43705],[-71.68656,-35.43696]]}},{"type":"Feature","properties":{"nombre":"19 Sur","jerarquia":5},"geometry":{"type":"LineString","coordinates":[[-71.68656,-35.43696],[-71.68677,-35.43683]]}},{"type":"Feature","properties":{"nombre":"19 Sur","jerarquia":5},"geometry":{"type":"LineString","coordinates":[[-71.68677,-35.43683],[-71.68713,-35.43661]]}},{"type":"Feature","properties":{"nombre":"19 Sur","jerarquia":5},"geometry":{"type":"LineString","coordinates":[[-71.68713,-35.43661],[-71.68718,-35.43658]]}},{"type":"Feature","properties":{"nombre":"19 Sur","jerarquia":5},"geometry":{"type":"LineString","coordinates":[[-71.68718,-35.43658],[-71.68758,-35.43633]]}},{"type":"Feature","properties":{"nombre":"19 Sur","jerarquia":5},"geometry":{"type":"LineString","coordinates":[[-71.68758,-35.43633],[-71.6877,-35.43626]]}},{"type":"Feature","properties":{"nombre":"19 Sur","jerarquia":5},"geometry":{"type":"LineString","coordinates":[[-71.6877,-35.43626],[-71.68798,-35.43608]]}},{"type":"Feature","properties":{"nombre":"19 Sur","jerarquia":5},"geometry":{"type":"LineString","coordinates":[[-71.68798,-35.43608],[-71.68832,-35.43587]]}},{"type":"Feature","properties":{"nombre":"19 Sur","jerarquia":5},"geometry":{"type":"LineString","coordinates":[[-71.68832,-35.43587],[-71.68848,-35.43577]]}},{"type":"Feature","properties":{"nombre":"10 Sur","jerarquia":5},"geometry":{"type":"LineString","coordinates":[[-71.67764,-35.432],[-71.67755,-35.43205]]}},{"type":"Feature","properties":{"nombre":"10 Sur","jerarquia":5},"geometry":{"type":"LineString","coordinates":[[-71.67755,-35.43205],[-71.67641,-35.43258]]}},{"type":"Feature","properties":{"nombre":"10 Sur","jerarquia":5},"geometry":{"type":"LineString","coordinates":[[-71.67641,-35.43258],[-71.6752,-35.43317]]}},{"type":"Feature","properties":{"nombre":"10 Sur","jerarquia":5},"geometry":{"type":"LineString","coordinates":[[-71.6752,-35.43317],[-71.67291,-35.43424]]}},{"type":"Feature","properties":{"nombre":"5 Poniente","jerarquia":5},"geometry":{"type":"LineString","coordinates":[[-71.68232,-35.45428],[-71.68232,-35.45417]]}},{"type":"Feature","properties":{"nombre":"5 Poniente","jerarquia":5},"geometry":{"type":"LineString","coordinates":[[-71.68232,-35.45417],[-71.68232,-35.45386]]}},{"type":"Feature","properties":{"nombre":"5 Poniente","jerarquia":5},"geometry":{"type":"LineString","coordinates":[[-71.68232,-35.45386],[-71.68232,-35.45346]]}},{"type":"Feature","properties":{"nombre":"5 Poniente","jerarquia":5},"geometry":{"type":"LineString","coordinates":[[-71.68232,-35.45346],[-71.68232,-35.45303]]}},{"type":"Feature","properties":{"nombre":"5 Poniente","jerarquia":5},"geometry":{"type":"LineString","coordinates":[[-71.68232,-35.45303],[-71.68232,-35.45265]]}},{"type":"Feature","properties":{"nombre":"5 Poniente","jerarquia":5},"geometry":{"type":"LineString","coordinates":[[-71.68232,-35.45265],[-71.68231,-35.45228]]}},{"type":"Feature","properties":{"nombre":"5 Poniente","jerarquia":5},"geometry":{"type":"LineString","coordinates":[[-71.68231,-35.45228],[-71.68231,-35.45187]]}},{"type":"Feature","properties":{"nombre":"5 Poniente","jerarquia":5},"geometry":{"type":"LineString","coordinates":[[-71.68231,-35.45187],[-71.68231,-35.45098]]}},{"type":"Feature","properties":{"nombre":"5 Poniente","jerarquia":5},"geometry":{"type":"LineString","coordinates":[[-71.68231,-35.45098],[-71.6823,-35.45081]]}},{"type":"Feature","properties":{"nombre":"26 Sur","jerarquia":5},"geometry":{"type":"LineString","coordinates":[[-71.68478,-35.44481],[-71.68513,-35.44462]]}},{"type":"Feature","properties":{"nombre":"26 Sur","jerarquia":5},"geometry":{"type":"LineString","coordinates":[[-71.68513,-35.44462],[-71.68515,-35.4446]]}},{"type":"Feature","properties":{"nombre":"26 Sur","jerarquia":5},"geometry":{"type":"LineString","coordinates":[[-71.68515,-35.4446],[-71.68562,-35.44434]]}},{"type":"Feature","properties":{"nombre":"26 Sur","jerarquia":5},"geometry":{"type":"LineString","coordinates":[[-71.68562,-35.44434],[-71.6862,-35.444]]}},{"type":"Feature","properties":{"nombre":"26 Sur","jerarquia":5},"geometry":{"type":"LineString","coordinates":[[-71.6862,-35.444],[-71.68635,-35.44392]]}},{"type":"Feature","properties":{"nombre":"Calle 18 Sur","jerarquia":4},"geometry":{"type":"LineString","coordinates":[[-71.67756,-35.44041],[-71.67811,-35.44017]]}},{"type":"Feature","properties":{"nombre":"Calle 18 Sur","jerarquia":4},"geometry":{"type":"LineString","coordinates":[[-71.67811,-35.44017],[-71.67836,-35.44006]]}},{"type":"Feature","properties":{"nombre":"Calle 18 Sur","jerarquia":4},"geometry":{"type":"LineString","coordinates":[[-71.67836,-35.44006],[-71.67883,-35.43985]]}},{"type":"Feature","properties":{"nombre":"Calle 18 Sur","jerarquia":4},"geometry":{"type":"LineString","coordinates":[[-71.67883,-35.43985],[-71.67926,-35.43966]]}},{"type":"Feature","properties":{"nombre":"Calle 18 Sur","jerarquia":4},"geometry":{"type":"LineString","coordinates":[[-71.67926,-35.43966],[-71.6797,-35.43946]]}},{"type":"Feature","properties":{"nombre":"Calle 18 Sur","jerarquia":4},"geometry":{"type":"LineString","coordinates":[[-71.6797,-35.43946],[-71.68008,-35.4393]]}},{"type":"Feature","properties":{"nombre":"Calle 18 Sur","jerarquia":4},"geometry":{"type":"LineString","coordinates":[[-71.68008,-35.4393],[-71.68025,-35.43922]]}},{"type":"Feature","properties":{"nombre":"Calle 18 Sur","jerarquia":4},"geometry":{"type":"LineString","coordinates":[[-71.68025,-35.43922],[-71.68064,-35.43904]]}},{"type":"Feature","properties":{"nombre":"Calle 18 Sur","jerarquia":4},"geometry":{"type":"LineString","coordinates":[[-71.68064,-35.43904],[-71.68187,-35.4385]]}},{"type":"Feature","properties":{"nombre":"Calle 18 Sur","jerarquia":4},"geometry":{"type":"LineString","coordinates":[[-71.68187,-35.4385],[-71.68195,-35.43847]]}},{"type":"Feature","properties":{"nombre":"Calle 4 Poniente","jerarquia":5},"geometry":{"type":"LineString","coordinates":[[-71.6787,-35.45099],[-71.67854,-35.45029]]}},{"type":"Feature","properties":{"nombre":"Calle 4 Poniente","jerarquia":5},"geometry":{"type":"LineString","coordinates":[[-71.67854,-35.45029],[-71.67845,-35.44992]]}},{"type":"Feature","properties":{"nombre":"Calle 4 Poniente","jerarquia":5},"geometry":{"type":"LineString","coordinates":[[-71.67845,-35.44992],[-71.67842,-35.44981]]}},{"type":"Feature","properties":{"nombre":"Calle 4 Poniente","jerarquia":5},"geometry":{"type":"LineString","coordinates":[[-71.67842,-35.44981],[-71.67837,-35.44956]]}},{"type":"Feature","properties":{"nombre":"Calle 4 Poniente","jerarquia":5},"geometry":{"type":"LineString","coordinates":[[-71.67837,-35.44956],[-71.67828,-35.4492]]}},{"type":"Feature","properties":{"nombre":"Calle 4 Poniente","jerarquia":5},"geometry":{"type":"LineString","coordinates":[[-71.67828,-35.4492],[-71.67819,-35.44875]]}},{"type":"Feature","properties":{"nombre":"5 Poniente","jerarquia":5},"geometry":{"type":"LineString","coordinates":[[-71.67879,-35.44227],[-71.67889,-35.44252],[-71.67881,-35.44285]]}},{"type":"Feature","properties":{"nombre":"5 Poniente","jerarquia":5},"geometry":{"type":"LineString","coordinates":[[-71.67881,-35.44285],[-71.67877,-35.44324]]}},{"type":"Feature","properties":{"nombre":"5 Poniente","jerarquia":5},"geometry":{"type":"LineString","coordinates":[[-71.67877,-35.44324],[-71.67875,-35.4434]]}},{"type":"Feature","properties":{"nombre":"5 Poniente","jerarquia":5},"geometry":{"type":"LineString","coordinates":[[-71.67875,-35.4434],[-71.67877,-35.44361],[-71.67885,-35.44374]]}},{"type":"Feature","properties":{"nombre":"Avenida Lircay","jerarquia":3},"geometry":{"type":"LineString","coordinates":[[-71.62776,-35.39949],[-71.62832,-35.39959]]}},{"type":"Feature","properties":{"nombre":"Avenida Lircay","jerarquia":3},"geometry":{"type":"LineString","coordinates":[[-71.62832,-35.39959],[-71.63032,-35.40021]]}},{"type":"Feature","properties":{"nombre":"Avenida Lircay","jerarquia":3},"geometry":{"type":"LineString","coordinates":[[-71.63032,-35.40021],[-71.63075,-35.40034]]}},{"type":"Feature","properties":{"nombre":"Avenida Lircay","jerarquia":3},"geometry":{"type":"LineString","coordinates":[[-71.6208,-35.40003],[-71.6206,-35.40005],[-71.62043,-35.39999],[-71.62013,-35.39954]]}},{"type":"Feature","properties":{"nombre":"Avenida Lircay","jerarquia":3},"geometry":{"type":"LineString","coordinates":[[-71.62118,-35.39986],[-71.6208,-35.40003]]}},{"type":"Feature","properties":{"nombre":"Avenida Circunvalación","jerarquia":3},"geometry":{"type":"LineString","coordinates":[[-71.67579,-35.42504],[-71.67569,-35.42536]]}},{"type":"Feature","properties":{"nombre":"Avenida Circunvalación","jerarquia":3},"geometry":{"type":"LineString","coordinates":[[-71.67597,-35.4243],[-71.67579,-35.42504]]}},{"type":"Feature","properties":{"nombre":"El Arenal","jerarquia":5},"geometry":{"type":"LineString","coordinates":[[-71.67213,-35.4291],[-71.67203,-35.4292]]}},{"type":"Feature","properties":{"nombre":"El Arenal","jerarquia":5},"geometry":{"type":"LineString","coordinates":[[-71.67203,-35.4292],[-71.6719,-35.4294]]}},{"type":"Feature","properties":{"nombre":"El Arenal","jerarquia":5},"geometry":{"type":"LineString","coordinates":[[-71.6719,-35.4294],[-71.67178,-35.42956]]}},{"type":"Feature","properties":{"nombre":"El Arenal","jerarquia":5},"geometry":{"type":"LineString","coordinates":[[-71.67178,-35.42956],[-71.67127,-35.43029]]}},{"type":"Feature","properties":{"nombre":"El Arenal","jerarquia":5},"geometry":{"type":"LineString","coordinates":[[-71.67127,-35.43029],[-71.67037,-35.43156]]}},{"type":"Feature","properties":{"nombre":"El Arenal","jerarquia":5},"geometry":{"type":"LineString","coordinates":[[-71.67037,-35.43156],[-71.67001,-35.4321]]}},{"type":"Feature","properties":{"nombre":"El Arenal","jerarquia":5},"geometry":{"type":"LineString","coordinates":[[-71.67001,-35.4321],[-71.66976,-35.43258]]}},{"type":"Feature","properties":{"nombre":"El Arenal","jerarquia":5},"geometry":{"type":"LineString","coordinates":[[-71.66976,-35.43258],[-71.66967,-35.43271],[-71.66939,-35.43293]]}},{"type":"Feature","properties":{"nombre":"Calle 2 Norte","jerarquia":3},"geometry":{"type":"LineString","coordinates":[[-71.63995,-35.42773],[-71.64167,-35.42713],[-71.64452,-35.4258]]}},{"type":"Feature","properties":{"nombre":"Calle 2 Norte","jerarquia":3},"geometry":{"type":"LineString","coordinates":[[-71.64452,-35.4258],[-71.64511,-35.42552]]}},{"type":"Feature","properties":{"nombre":"Calle 2 Norte","jerarquia":3},"geometry":{"type":"LineString","coordinates":[[-71.64511,-35.42552],[-71.64556,-35.4253]]}},{"type":"Feature","properties":{"nombre":"Calle 2 Norte","jerarquia":3},"geometry":{"type":"LineString","coordinates":[[-71.64556,-35.4253],[-71.64564,-35.42526]]}},{"type":"Feature","properties":{"nombre":"26 Sur B","jerarquia":5},"geometry":{"type":"LineString","coordinates":[[-71.69086,-35.44182],[-71.69097,-35.44174]]}},{"type":"Feature","properties":{"nombre":"26 Sur B","jerarquia":5},"geometry":{"type":"LineString","coordinates":[[-71.69097,-35.44174],[-71.69122,-35.4415]]}},{"type":"Feature","properties":{"nombre":"26 Sur B","jerarquia":5},"geometry":{"type":"LineString","coordinates":[[-71.69122,-35.4415],[-71.69147,-35.4412]]}},{"type":"Feature","properties":{"nombre":"26 Sur B","jerarquia":5},"geometry":{"type":"LineString","coordinates":[[-71.69147,-35.4412],[-71.69164,-35.44084]]}},{"type":"Feature","properties":{"nombre":"14 Sur","jerarquia":5},"geometry":{"type":"LineString","coordinates":[[-71.67785,-35.43671],[-71.67749,-35.43698]]}},{"type":"Feature","properties":{"nombre":"14 Sur","jerarquia":5},"geometry":{"type":"LineString","coordinates":[[-71.67749,-35.43698],[-71.67716,-35.43722]]}},{"type":"Feature","properties":{"nombre":"14 Sur","jerarquia":5},"geometry":{"type":"LineString","coordinates":[[-71.67716,-35.43722],[-71.67687,-35.43744]]}},{"type":"Feature","properties":{"nombre":"14 Sur","jerarquia":5},"geometry":{"type":"LineString","coordinates":[[-71.67687,-35.43744],[-71.67671,-35.43755]]}},{"type":"Feature","properties":{"nombre":"14 Sur","jerarquia":5},"geometry":{"type":"LineString","coordinates":[[-71.67671,-35.43755],[-71.67635,-35.43778]]}},{"type":"Feature","properties":{"nombre":"14 Sur","jerarquia":5},"geometry":{"type":"LineString","coordinates":[[-71.67635,-35.43778],[-71.67613,-35.4379]]}},{"type":"Feature","properties":{"nombre":"14 Sur","jerarquia":5},"geometry":{"type":"LineString","coordinates":[[-71.67613,-35.4379],[-71.67582,-35.43808]]}},{"type":"Feature","properties":{"nombre":"14 Sur","jerarquia":5},"geometry":{"type":"LineString","coordinates":[[-71.67582,-35.43808],[-71.6757,-35.43815]]}},{"type":"Feature","properties":{"nombre":"14 Sur","jerarquia":5},"geometry":{"type":"LineString","coordinates":[[-71.6757,-35.43815],[-71.67531,-35.43838]]}},{"type":"Feature","properties":{"nombre":"14 Sur","jerarquia":5},"geometry":{"type":"LineString","coordinates":[[-71.67531,-35.43838],[-71.67471,-35.43873]]}},{"type":"Feature","properties":{"nombre":"14 Sur","jerarquia":5},"geometry":{"type":"LineString","coordinates":[[-71.67471,-35.43873],[-71.67425,-35.43899]]}},{"type":"Feature","properties":{"nombre":"14 Sur","jerarquia":5},"geometry":{"type":"LineString","coordinates":[[-71.67425,-35.43899],[-71.67414,-35.43905]]}},{"type":"Feature","properties":{"nombre":"Avenida Balmaceda","jerarquia":5},"geometry":{"type":"LineString","coordinates":[[-71.68466,-35.52127],[-71.6848,-35.52144],[-71.68517,-35.5222]]}},{"type":"Feature","properties":{"nombre":"Avenida Balmaceda","jerarquia":5},"geometry":{"type":"LineString","coordinates":[[-71.68517,-35.5222],[-71.68549,-35.52281],[-71.68562,-35.52292],[-71.68772,-35.52331]]}},{"type":"Feature","properties":{"nombre":"Avenida Balmaceda","jerarquia":5},"geometry":{"type":"LineString","coordinates":[[-71.68772,-35.52331],[-71.6893,-35.5236]]}},{"type":"Feature","properties":{"nombre":"Avenida Balmaceda","jerarquia":5},"geometry":{"type":"LineString","coordinates":[[-71.6893,-35.5236],[-71.68952,-35.52364]]}},{"type":"Feature","properties":{"nombre":"Avenida Balmaceda","jerarquia":5},"geometry":{"type":"LineString","coordinates":[[-71.68952,-35.52364],[-71.68998,-35.52373]]}},{"type":"Feature","properties":{"nombre":"Avenida Balmaceda","jerarquia":5},"geometry":{"type":"LineString","coordinates":[[-71.68998,-35.52373],[-71.69028,-35.52378]]}},{"type":"Feature","properties":{"nombre":"Avenida Balmaceda","jerarquia":5},"geometry":{"type":"LineString","coordinates":[[-71.69028,-35.52378],[-71.69082,-35.52388]]}},{"type":"Feature","properties":{"nombre":"Avenida Balmaceda","jerarquia":5},"geometry":{"type":"LineString","coordinates":[[-71.69082,-35.52388],[-71.69237,-35.52416]]}},{"type":"Feature","properties":{"nombre":"Avenida Balmaceda","jerarquia":5},"geometry":{"type":"LineString","coordinates":[[-71.69237,-35.52416],[-71.69303,-35.52428]]}},{"type":"Feature","properties":{"nombre":"Avenida Balmaceda","jerarquia":5},"geometry":{"type":"LineString","coordinates":[[-71.69303,-35.52428],[-71.69393,-35.52444]]}},{"type":"Feature","properties":{"nombre":"Avenida Balmaceda","jerarquia":5},"geometry":{"type":"LineString","coordinates":[[-71.69393,-35.52444],[-71.69617,-35.52485]]}},{"type":"Feature","properties":{"nombre":"Ruta K-509","jerarquia":4},"geometry":{"type":"LineString","coordinates":[[-71.67543,-35.52106],[-71.67489,-35.52093]]}},{"type":"Feature","properties":{"nombre":"Ruta K-509","jerarquia":4},"geometry":{"type":"LineString","coordinates":[[-71.67489,-35.52093],[-71.67122,-35.52036]]}},{"type":"Feature","properties":{"nombre":"Ruta K-509","jerarquia":4},"geometry":{"type":"LineString","coordinates":[[-71.67122,-35.52036],[-71.66999,-35.52014]]}},{"type":"Feature","properties":{"nombre":"Ruta K-509","jerarquia":4},"geometry":{"type":"LineString","coordinates":[[-71.66999,-35.52014],[-71.66793,-35.51981]]}},{"type":"Feature","properties":{"nombre":"Ruta K-509","jerarquia":4},"geometry":{"type":"LineString","coordinates":[[-71.66793,-35.51981],[-71.66768,-35.51977]]}},{"type":"Feature","properties":{"nombre":"Ruta K-509","jerarquia":4},"geometry":{"type":"LineString","coordinates":[[-71.66768,-35.51977],[-71.66663,-35.51963],[-71.66631,-35.51954],[-71.66601,-35.51937],[-71.66532,-35.51871],[-71.66459,-35.51786],[-71.66417,-35.51726],[-71.66145,-35.5131]]}},{"type":"Feature","properties":{"nombre":"Ruta K-509","jerarquia":4},"geometry":{"type":"LineString","coordinates":[[-71.66145,-35.5131],[-71.65922,-35.50968],[-71.65731,-35.50689]]}},{"type":"Feature","properties":{"nombre":"","jerarquia":4},"geometry":{"type":"LineString","coordinates":[[-71.67661,-35.52006],[-71.67615,-35.52034]]}},{"type":"Feature","properties":{"nombre":"","jerarquia":1},"geometry":{"type":"LineString","coordinates":[[-71.67543,-35.52106],[-71.67616,-35.52118]]}},{"type":"Feature","properties":{"nombre":"","jerarquia":1},"geometry":{"type":"LineString","coordinates":[[-71.67706,-35.52136],[-71.67638,-35.52123]]}},{"type":"Feature","properties":{"nombre":"","jerarquia":1},"geometry":{"type":"LineString","coordinates":[[-71.67826,-35.5214],[-71.67812,-35.52155],[-71.67806,-35.52171],[-71.67815,-35.52209]]}},{"type":"Feature","properties":{"nombre":"","jerarquia":1},"geometry":{"type":"LineString","coordinates":[[-71.6774,-35.52126],[-71.67784,-35.52144],[-71.67826,-35.5214]]}},{"type":"Feature","properties":{"nombre":"Ruta 5 Sur","jerarquia":1},"geometry":{"type":"LineString","coordinates":[[-71.69548,-35.55553],[-71.69643,-35.55097]]}},{"type":"Feature","properties":{"nombre":"Ruta 5 Sur","jerarquia":1},"geometry":{"type":"LineString","coordinates":[[-71.69651,-35.55098],[-71.69556,-35.55554]]}},{"type":"Feature","properties":{"nombre":"Avenida Alameda Bernardo O'Higgins","jerarquia":3},"geometry":{"type":"LineString","coordinates":[[-71.6802,-35.42062],[-71.67993,-35.42071],[-71.67926,-35.4211]]}},{"type":"Feature","properties":{"nombre":"Avenida Alameda Bernardo O'Higgins","jerarquia":3},"geometry":{"type":"LineString","coordinates":[[-71.67926,-35.4211],[-71.67907,-35.42118]]}},{"type":"Feature","properties":{"nombre":"Avenida Alameda Bernardo O'Higgins","jerarquia":3},"geometry":{"type":"LineString","coordinates":[[-71.67907,-35.42118],[-71.6788,-35.42121]]}},{"type":"Feature","properties":{"nombre":"Avenida Alameda Bernardo O'Higgins","jerarquia":3},"geometry":{"type":"LineString","coordinates":[[-71.6788,-35.42121],[-71.6776,-35.42131]]}},{"type":"Feature","properties":{"nombre":"Avenida Alameda Bernardo O'Higgins","jerarquia":3},"geometry":{"type":"LineString","coordinates":[[-71.6776,-35.42131],[-71.67651,-35.4214]]}},{"type":"Feature","properties":{"nombre":"Ruta K-60-J","jerarquia":3},"geometry":{"type":"LineString","coordinates":[[-71.68533,-35.42036],[-71.68552,-35.42035]]}},{"type":"Feature","properties":{"nombre":"Ruta 5 Sur","jerarquia":1},"geometry":{"type":"LineString","coordinates":[[-71.58836,-35.36684],[-71.57984,-35.35779]]}},{"type":"Feature","properties":{"nombre":"Ruta 5 Sur","jerarquia":1},"geometry":{"type":"LineString","coordinates":[[-71.61635,-35.39562],[-71.61754,-35.39673]]}},{"type":"Feature","properties":{"nombre":"Ruta K-513","jerarquia":5},"geometry":{"type":"LineString","coordinates":[[-71.6701,-35.52672],[-71.67051,-35.52493]]}},{"type":"Feature","properties":{"nombre":"Ruta K-513","jerarquia":5},"geometry":{"type":"LineString","coordinates":[[-71.67051,-35.52493],[-71.67073,-35.52394],[-71.67122,-35.52036]]}},{"type":"Feature","properties":{"nombre":"Ruta K-513","jerarquia":5},"geometry":{"type":"LineString","coordinates":[[-71.67005,-35.52692],[-71.6701,-35.52672]]}},{"type":"Feature","properties":{"nombre":"Ruta K-390","jerarquia":4},"geometry":{"type":"LineString","coordinates":[[-71.70233,-35.50599],[-71.70228,-35.50584]]}},{"type":"Feature","properties":{"nombre":"Serrano","jerarquia":5},"geometry":{"type":"LineString","coordinates":[[-71.68772,-35.52331],[-71.68774,-35.52322]]}},{"type":"Feature","properties":{"nombre":"Serrano","jerarquia":5},"geometry":{"type":"LineString","coordinates":[[-71.68774,-35.52322],[-71.68806,-35.52204]]}},{"type":"Feature","properties":{"nombre":"Serrano","jerarquia":5},"geometry":{"type":"LineString","coordinates":[[-71.68806,-35.52204],[-71.68818,-35.52155]]}},{"type":"Feature","properties":{"nombre":"Serrano","jerarquia":5},"geometry":{"type":"LineString","coordinates":[[-71.68818,-35.52155],[-71.6883,-35.52111]]}},{"type":"Feature","properties":{"nombre":"Serrano","jerarquia":5},"geometry":{"type":"LineString","coordinates":[[-71.6883,-35.52111],[-71.68839,-35.52077]]}},{"type":"Feature","properties":{"nombre":"","jerarquia":1},"geometry":{"type":"LineString","coordinates":[[-71.67616,-35.52118],[-71.67642,-35.52115],[-71.67661,-35.52102],[-71.67667,-35.52088],[-71.67663,-35.52069]]}},{"type":"Feature","properties":{"nombre":"","jerarquia":1},"geometry":{"type":"LineString","coordinates":[[-71.67663,-35.52069],[-71.67648,-35.52045]]}},{"type":"Feature","properties":{"nombre":"Calle 1 Oriente","jerarquia":5},"geometry":{"type":"LineString","coordinates":[[-71.6687,-35.44587],[-71.66928,-35.44675]]}},{"type":"Feature","properties":{"nombre":"Calle 1 Oriente","jerarquia":5},"geometry":{"type":"LineString","coordinates":[[-71.66928,-35.44675],[-71.66977,-35.44757]]}},{"type":"Feature","properties":{"nombre":"Calle 1 Oriente","jerarquia":5},"geometry":{"type":"LineString","coordinates":[[-71.66977,-35.44757],[-71.67015,-35.4482]]}},{"type":"Feature","properties":{"nombre":"Calle 1 Oriente","jerarquia":5},"geometry":{"type":"LineString","coordinates":[[-71.67015,-35.4482],[-71.67075,-35.44917]]}},{"type":"Feature","properties":{"nombre":"Calle 1 Oriente","jerarquia":5},"geometry":{"type":"LineString","coordinates":[[-71.67075,-35.44917],[-71.6708,-35.44925]]}},{"type":"Feature","properties":{"nombre":"1 1/2 Poniente","jerarquia":5},"geometry":{"type":"LineString","coordinates":[[-71.67674,-35.45543],[-71.67657,-35.45478]]}},{"type":"Feature","properties":{"nombre":"12 Sur","jerarquia":5},"geometry":{"type":"LineString","coordinates":[[-71.66412,-35.44086],[-71.66421,-35.44074],[-71.66432,-35.44069]]}},{"type":"Feature","properties":{"nombre":"12 Sur","jerarquia":5},"geometry":{"type":"LineString","coordinates":[[-71.66432,-35.44069],[-71.66465,-35.44067]]}},{"type":"Feature","properties":{"nombre":"12 Sur","jerarquia":5},"geometry":{"type":"LineString","coordinates":[[-71.66465,-35.44067],[-71.66505,-35.44064]]}},{"type":"Feature","properties":{"nombre":"12 Sur","jerarquia":5},"geometry":{"type":"LineString","coordinates":[[-71.66505,-35.44064],[-71.66564,-35.44061]]}},{"type":"Feature","properties":{"nombre":"12 Sur","jerarquia":5},"geometry":{"type":"LineString","coordinates":[[-71.66564,-35.44061],[-71.66666,-35.44055]]}},{"type":"Feature","properties":{"nombre":"12 Sur","jerarquia":5},"geometry":{"type":"LineString","coordinates":[[-71.66666,-35.44055],[-71.66732,-35.4405]]}},{"type":"Feature","properties":{"nombre":"12 Sur","jerarquia":5},"geometry":{"type":"LineString","coordinates":[[-71.66732,-35.4405],[-71.66771,-35.44047]]}},{"type":"Feature","properties":{"nombre":"12 Sur","jerarquia":5},"geometry":{"type":"LineString","coordinates":[[-71.66771,-35.44047],[-71.66811,-35.44033]]}},{"type":"Feature","properties":{"nombre":"12 Sur","jerarquia":5},"geometry":{"type":"LineString","coordinates":[[-71.66811,-35.44033],[-71.66859,-35.44018]]}},{"type":"Feature","properties":{"nombre":"Calle 6 Oriente","jerarquia":4},"geometry":{"type":"LineString","coordinates":[[-71.66096,-35.4391],[-71.66127,-35.43954]]}},{"type":"Feature","properties":{"nombre":"Calle 6 Oriente","jerarquia":4},"geometry":{"type":"LineString","coordinates":[[-71.66127,-35.43954],[-71.66147,-35.43962],[-71.66222,-35.43978]]}},{"type":"Feature","properties":{"nombre":"Calle 6 Oriente","jerarquia":4},"geometry":{"type":"LineString","coordinates":[[-71.66222,-35.43978],[-71.66244,-35.43986]]}},{"type":"Feature","properties":{"nombre":"Calle 6 Oriente","jerarquia":4},"geometry":{"type":"LineString","coordinates":[[-71.66244,-35.43986],[-71.66266,-35.44002]]}},{"type":"Feature","properties":{"nombre":"Calle 6 Oriente","jerarquia":4},"geometry":{"type":"LineString","coordinates":[[-71.66266,-35.44002],[-71.66275,-35.44021]]}},{"type":"Feature","properties":{"nombre":"Calle 6 Oriente","jerarquia":4},"geometry":{"type":"LineString","coordinates":[[-71.66275,-35.44021],[-71.66277,-35.4404]]}},{"type":"Feature","properties":{"nombre":"Calle 6 Oriente","jerarquia":4},"geometry":{"type":"LineString","coordinates":[[-71.66277,-35.4404],[-71.66281,-35.44078]]}},{"type":"Feature","properties":{"nombre":"Calle 6 Oriente","jerarquia":4},"geometry":{"type":"LineString","coordinates":[[-71.66281,-35.44078],[-71.66284,-35.44118]]}},{"type":"Feature","properties":{"nombre":"Circunvalación Sur","jerarquia":5},"geometry":{"type":"LineString","coordinates":[[-71.67045,-35.43819],[-71.67045,-35.43778]]}},{"type":"Feature","properties":{"nombre":"Circunvalación Sur","jerarquia":5},"geometry":{"type":"LineString","coordinates":[[-71.67045,-35.43778],[-71.67034,-35.43742]]}},{"type":"Feature","properties":{"nombre":"Circunvalación Sur","jerarquia":5},"geometry":{"type":"LineString","coordinates":[[-71.67034,-35.43742],[-71.6702,-35.43707]]}},{"type":"Feature","properties":{"nombre":"Circunvalación Sur","jerarquia":5},"geometry":{"type":"LineString","coordinates":[[-71.6702,-35.43707],[-71.67013,-35.43689]]}},{"type":"Feature","properties":{"nombre":"Circunvalación Sur","jerarquia":5},"geometry":{"type":"LineString","coordinates":[[-71.67013,-35.43689],[-71.67006,-35.4367]]}},{"type":"Feature","properties":{"nombre":"Circunvalación Sur","jerarquia":5},"geometry":{"type":"LineString","coordinates":[[-71.67006,-35.4367],[-71.66998,-35.43648]]}},{"type":"Feature","properties":{"nombre":"Circunvalación Sur","jerarquia":5},"geometry":{"type":"LineString","coordinates":[[-71.66998,-35.43648],[-71.66991,-35.43629]]}},{"type":"Feature","properties":{"nombre":"Circunvalación Sur","jerarquia":5},"geometry":{"type":"LineString","coordinates":[[-71.66991,-35.43629],[-71.66982,-35.43606]]}},{"type":"Feature","properties":{"nombre":"Circunvalación Sur","jerarquia":5},"geometry":{"type":"LineString","coordinates":[[-71.66982,-35.43606],[-71.66978,-35.43595]]}},{"type":"Feature","properties":{"nombre":"Circunvalación Sur","jerarquia":5},"geometry":{"type":"LineString","coordinates":[[-71.66978,-35.43595],[-71.66967,-35.43567]]}},{"type":"Feature","properties":{"nombre":"Circunvalación Sur","jerarquia":5},"geometry":{"type":"LineString","coordinates":[[-71.66967,-35.43567],[-71.66957,-35.4355]]}},{"type":"Feature","properties":{"nombre":"Calle 2 Norte","jerarquia":5},"geometry":{"type":"LineString","coordinates":[[-71.65002,-35.42583],[-71.65101,-35.42576]]}},{"type":"Feature","properties":{"nombre":"Calle 2 Norte","jerarquia":5},"geometry":{"type":"LineString","coordinates":[[-71.65101,-35.42576],[-71.65168,-35.42577]]}},{"type":"Feature","properties":{"nombre":"18 Oriente","jerarquia":4},"geometry":{"type":"LineString","coordinates":[[-71.64594,-35.43864],[-71.64631,-35.43858]]}},{"type":"Feature","properties":{"nombre":"Calle 3½ Sur","jerarquia":5},"geometry":{"type":"LineString","coordinates":[[-71.64674,-35.43177],[-71.64816,-35.43166]]}},{"type":"Feature","properties":{"nombre":"Calle 3½ Sur","jerarquia":5},"geometry":{"type":"LineString","coordinates":[[-71.64816,-35.43166],[-71.64821,-35.43166]]}},{"type":"Feature","properties":{"nombre":"12 Sur","jerarquia":5},"geometry":{"type":"LineString","coordinates":[[-71.63614,-35.44537],[-71.63652,-35.44519]]}},{"type":"Feature","properties":{"nombre":"12 Sur","jerarquia":5},"geometry":{"type":"LineString","coordinates":[[-71.63652,-35.44519],[-71.6367,-35.44511]]}},{"type":"Feature","properties":{"nombre":"12 Sur","jerarquia":5},"geometry":{"type":"LineString","coordinates":[[-71.6367,-35.44511],[-71.63714,-35.4449]]}},{"type":"Feature","properties":{"nombre":"12 Sur","jerarquia":5},"geometry":{"type":"LineString","coordinates":[[-71.63714,-35.4449],[-71.63752,-35.44472]]}},{"type":"Feature","properties":{"nombre":"12 Sur","jerarquia":5},"geometry":{"type":"LineString","coordinates":[[-71.63752,-35.44472],[-71.63759,-35.4447]]}},{"type":"Feature","properties":{"nombre":"12 Sur","jerarquia":5},"geometry":{"type":"LineString","coordinates":[[-71.63759,-35.4447],[-71.63801,-35.44452]]}},{"type":"Feature","properties":{"nombre":"12 Sur","jerarquia":5},"geometry":{"type":"LineString","coordinates":[[-71.63801,-35.44452],[-71.6383,-35.44438]]}},{"type":"Feature","properties":{"nombre":"12 Sur","jerarquia":5},"geometry":{"type":"LineString","coordinates":[[-71.6383,-35.44438],[-71.63848,-35.4443]]}},{"type":"Feature","properties":{"nombre":"12 Sur","jerarquia":5},"geometry":{"type":"LineString","coordinates":[[-71.63848,-35.4443],[-71.63899,-35.44407]]}},{"type":"Feature","properties":{"nombre":"Calle 3 Sur","jerarquia":5},"geometry":{"type":"LineString","coordinates":[[-71.64538,-35.43088],[-71.64435,-35.43097]]}},{"type":"Feature","properties":{"nombre":"Calle 3 Sur","jerarquia":5},"geometry":{"type":"LineString","coordinates":[[-71.64435,-35.43097],[-71.6432,-35.43104]]}},{"type":"Feature","properties":{"nombre":"Calle 3 Sur","jerarquia":5},"geometry":{"type":"LineString","coordinates":[[-71.6432,-35.43104],[-71.64203,-35.43112]]}},{"type":"Feature","properties":{"nombre":"Calle 3 Sur","jerarquia":5},"geometry":{"type":"LineString","coordinates":[[-71.64203,-35.43112],[-71.6409,-35.4312]]}},{"type":"Feature","properties":{"nombre":"19 Norte","jerarquia":5},"geometry":{"type":"LineString","coordinates":[[-71.64948,-35.40288],[-71.64977,-35.40273],[-71.65013,-35.40263]]}},{"type":"Feature","properties":{"nombre":"19 Norte","jerarquia":5},"geometry":{"type":"LineString","coordinates":[[-71.65013,-35.40263],[-71.65078,-35.4025]]}},{"type":"Feature","properties":{"nombre":"19 Norte","jerarquia":5},"geometry":{"type":"LineString","coordinates":[[-71.65078,-35.4025],[-71.6512,-35.40242]]}},{"type":"Feature","properties":{"nombre":"19 Norte","jerarquia":5},"geometry":{"type":"LineString","coordinates":[[-71.6512,-35.40242],[-71.65244,-35.40219]]}},{"type":"Feature","properties":{"nombre":"Calle 14 Norte","jerarquia":5},"geometry":{"type":"LineString","coordinates":[[-71.65573,-35.40818],[-71.65561,-35.40824]]}},{"type":"Feature","properties":{"nombre":"Calle 14 Norte","jerarquia":5},"geometry":{"type":"LineString","coordinates":[[-71.65561,-35.40824],[-71.65497,-35.40856]]}},{"type":"Feature","properties":{"nombre":"Calle 14 Norte","jerarquia":5},"geometry":{"type":"LineString","coordinates":[[-71.65497,-35.40856],[-71.65455,-35.40876]]}},{"type":"Feature","properties":{"nombre":"Calle 14 Norte","jerarquia":5},"geometry":{"type":"LineString","coordinates":[[-71.65455,-35.40876],[-71.65418,-35.40896]]}},{"type":"Feature","properties":{"nombre":"Calle 14 Norte","jerarquia":5},"geometry":{"type":"LineString","coordinates":[[-71.65418,-35.40896],[-71.65402,-35.40904]]}},{"type":"Feature","properties":{"nombre":"Calle 14 Norte","jerarquia":5},"geometry":{"type":"LineString","coordinates":[[-71.65402,-35.40904],[-71.65372,-35.40918]]}},{"type":"Feature","properties":{"nombre":"Calle 14 Norte","jerarquia":5},"geometry":{"type":"LineString","coordinates":[[-71.65372,-35.40918],[-71.65328,-35.40939]]}},{"type":"Feature","properties":{"nombre":"Calle 14 Norte","jerarquia":5},"geometry":{"type":"LineString","coordinates":[[-71.65328,-35.40939],[-71.65316,-35.40944]]}},{"type":"Feature","properties":{"nombre":"Calle 14 Norte","jerarquia":5},"geometry":{"type":"LineString","coordinates":[[-71.65316,-35.40944],[-71.65289,-35.40957]]}},{"type":"Feature","properties":{"nombre":"Calle 14 Norte","jerarquia":5},"geometry":{"type":"LineString","coordinates":[[-71.65289,-35.40957],[-71.65233,-35.40982]]}},{"type":"Feature","properties":{"nombre":"Calle 14 Norte","jerarquia":5},"geometry":{"type":"LineString","coordinates":[[-71.65233,-35.40982],[-71.65164,-35.41013]]}},{"type":"Feature","properties":{"nombre":"Calle 14 Norte","jerarquia":5},"geometry":{"type":"LineString","coordinates":[[-71.65164,-35.41013],[-71.65143,-35.41022]]}},{"type":"Feature","properties":{"nombre":"Calle 14 Norte","jerarquia":5},"geometry":{"type":"LineString","coordinates":[[-71.65143,-35.41022],[-71.65128,-35.41028]]}},{"type":"Feature","properties":{"nombre":"Calle 14 Norte","jerarquia":5},"geometry":{"type":"LineString","coordinates":[[-71.65128,-35.41028],[-71.65086,-35.41045]]}},{"type":"Feature","properties":{"nombre":"Calle 14 Norte","jerarquia":5},"geometry":{"type":"LineString","coordinates":[[-71.65086,-35.41045],[-71.65019,-35.41076]]}},{"type":"Feature","properties":{"nombre":"Calle 14 Norte","jerarquia":5},"geometry":{"type":"LineString","coordinates":[[-71.65019,-35.41076],[-71.65013,-35.41079]]}},{"type":"Feature","properties":{"nombre":"Calle 6 Oriente","jerarquia":4},"geometry":{"type":"LineString","coordinates":[[-71.65976,-35.4374],[-71.65943,-35.43729]]}},{"type":"Feature","properties":{"nombre":"Calle 6 Oriente","jerarquia":4},"geometry":{"type":"LineString","coordinates":[[-71.65943,-35.43729],[-71.65942,-35.43721]]}},{"type":"Feature","properties":{"nombre":"Calle 6 Oriente","jerarquia":4},"geometry":{"type":"LineString","coordinates":[[-71.65942,-35.43721],[-71.65934,-35.43637]]}},{"type":"Feature","properties":{"nombre":"Calle 6 Oriente","jerarquia":4},"geometry":{"type":"LineString","coordinates":[[-71.65934,-35.43637],[-71.65915,-35.43511]]}},{"type":"Feature","properties":{"nombre":"Calle 6 Oriente","jerarquia":4},"geometry":{"type":"LineString","coordinates":[[-71.65915,-35.43511],[-71.65903,-35.43429]]}},{"type":"Feature","properties":{"nombre":"Calle 6 Oriente","jerarquia":4},"geometry":{"type":"LineString","coordinates":[[-71.65903,-35.43429],[-71.65891,-35.43369]]}},{"type":"Feature","properties":{"nombre":"Calle 5 Oriente","jerarquia":5},"geometry":{"type":"LineString","coordinates":[[-71.66028,-35.43351],[-71.66046,-35.43423]]}},{"type":"Feature","properties":{"nombre":"Calle 5 Oriente","jerarquia":5},"geometry":{"type":"LineString","coordinates":[[-71.66046,-35.43423],[-71.66058,-35.43488]]}},{"type":"Feature","properties":{"nombre":"Calle 5 Oriente","jerarquia":5},"geometry":{"type":"LineString","coordinates":[[-71.66058,-35.43488],[-71.66071,-35.43553]]}},{"type":"Feature","properties":{"nombre":"Calle 5 Oriente","jerarquia":5},"geometry":{"type":"LineString","coordinates":[[-71.66071,-35.43553],[-71.66077,-35.43586]]}},{"type":"Feature","properties":{"nombre":"Calle 5 Oriente","jerarquia":5},"geometry":{"type":"LineString","coordinates":[[-71.66077,-35.43586],[-71.66087,-35.43626]]}},{"type":"Feature","properties":{"nombre":"Calle 5 Oriente","jerarquia":5},"geometry":{"type":"LineString","coordinates":[[-71.66087,-35.43626],[-71.66109,-35.43652]]}},{"type":"Feature","properties":{"nombre":"17 Norte","jerarquia":5},"geometry":{"type":"LineString","coordinates":[[-71.63472,-35.41893],[-71.6338,-35.41931],[-71.63264,-35.41967]]}},{"type":"Feature","properties":{"nombre":"17 Norte","jerarquia":5},"geometry":{"type":"LineString","coordinates":[[-71.63264,-35.41967],[-71.63256,-35.4197]]}},{"type":"Feature","properties":{"nombre":"Calle 10 Norte","jerarquia":5},"geometry":{"type":"LineString","coordinates":[[-71.62847,-35.42338],[-71.6284,-35.42342]]}},{"type":"Feature","properties":{"nombre":"Calle 10 Norte","jerarquia":5},"geometry":{"type":"LineString","coordinates":[[-71.6284,-35.42342],[-71.62802,-35.42366]]}},{"type":"Feature","properties":{"nombre":"Calle 10 Norte","jerarquia":5},"geometry":{"type":"LineString","coordinates":[[-71.62802,-35.42366],[-71.62748,-35.424]]}},{"type":"Feature","properties":{"nombre":"Calle 10 Norte","jerarquia":5},"geometry":{"type":"LineString","coordinates":[[-71.62748,-35.424],[-71.62722,-35.42418]]}},{"type":"Feature","properties":{"nombre":"Calle 10 Norte","jerarquia":5},"geometry":{"type":"LineString","coordinates":[[-71.62722,-35.42418],[-71.6269,-35.42452]]}},{"type":"Feature","properties":{"nombre":"Calle 10 Norte","jerarquia":5},"geometry":{"type":"LineString","coordinates":[[-71.6269,-35.42452],[-71.62688,-35.42461]]}},{"type":"Feature","properties":{"nombre":"Calle 23 Oriente","jerarquia":5},"geometry":{"type":"LineString","coordinates":[[-71.63304,-35.42983],[-71.633,-35.42977]]}},{"type":"Feature","properties":{"nombre":"Calle 23 Oriente","jerarquia":5},"geometry":{"type":"LineString","coordinates":[[-71.633,-35.42977],[-71.63273,-35.42924]]}},{"type":"Feature","properties":{"nombre":"Calle 23 Oriente","jerarquia":5},"geometry":{"type":"LineString","coordinates":[[-71.63273,-35.42924],[-71.63248,-35.42875]]}},{"type":"Feature","properties":{"nombre":"Calle 23 Oriente","jerarquia":5},"geometry":{"type":"LineString","coordinates":[[-71.63248,-35.42875],[-71.63222,-35.42824]]}},{"type":"Feature","properties":{"nombre":"Calle 23 Oriente","jerarquia":5},"geometry":{"type":"LineString","coordinates":[[-71.63222,-35.42824],[-71.63198,-35.42779]]}},{"type":"Feature","properties":{"nombre":"Calle 23 Oriente","jerarquia":5},"geometry":{"type":"LineString","coordinates":[[-71.63198,-35.42779],[-71.63194,-35.4277]]}},{"type":"Feature","properties":{"nombre":"Calle 23 Oriente","jerarquia":5},"geometry":{"type":"LineString","coordinates":[[-71.63194,-35.4277],[-71.63163,-35.42711]]}},{"type":"Feature","properties":{"nombre":"9½ Oriente Pasaje 3","jerarquia":4},"geometry":{"type":"LineString","coordinates":[[-71.65221,-35.41419],[-71.652,-35.41381]]}},{"type":"Feature","properties":{"nombre":"9½ Oriente Pasaje 3","jerarquia":4},"geometry":{"type":"LineString","coordinates":[[-71.652,-35.41381],[-71.65201,-35.41374]]}},{"type":"Feature","properties":{"nombre":"Calle 1 Norte","jerarquia":4},"geometry":{"type":"LineString","coordinates":[[-71.64046,-35.4281],[-71.6403,-35.42815],[-71.6402,-35.42829]]}},{"type":"Feature","properties":{"nombre":"Avenida Circunvalación 30 Oriente","jerarquia":5},"geometry":{"type":"LineString","coordinates":[[-71.62585,-35.42747],[-71.62571,-35.42713]]}},{"type":"Feature","properties":{"nombre":"Avenida Circunvalación 30 Oriente","jerarquia":5},"geometry":{"type":"LineString","coordinates":[[-71.62571,-35.42713],[-71.62557,-35.42681]]}},{"type":"Feature","properties":{"nombre":"Avenida Circunvalación 30 Oriente","jerarquia":5},"geometry":{"type":"LineString","coordinates":[[-71.62557,-35.42681],[-71.62542,-35.42647]]}},{"type":"Feature","properties":{"nombre":"Avenida Circunvalación 30 Oriente","jerarquia":5},"geometry":{"type":"LineString","coordinates":[[-71.62542,-35.42647],[-71.62528,-35.42615]]}},{"type":"Feature","properties":{"nombre":"Avenida Circunvalación 30 Oriente","jerarquia":5},"geometry":{"type":"LineString","coordinates":[[-71.62528,-35.42615],[-71.62514,-35.42582]]}},{"type":"Feature","properties":{"nombre":"Avenida Circunvalación 30 Oriente","jerarquia":5},"geometry":{"type":"LineString","coordinates":[[-71.62514,-35.42582],[-71.625,-35.4255]]}},{"type":"Feature","properties":{"nombre":"Avenida Circunvalación 30 Oriente","jerarquia":5},"geometry":{"type":"LineString","coordinates":[[-71.625,-35.4255],[-71.62489,-35.42516]]}},{"type":"Feature","properties":{"nombre":"Avenida Circunvalación 30 Oriente","jerarquia":5},"geometry":{"type":"LineString","coordinates":[[-71.62489,-35.42516],[-71.62486,-35.4248]]}},{"type":"Feature","properties":{"nombre":"Avenida Circunvalación 30 Oriente","jerarquia":5},"geometry":{"type":"LineString","coordinates":[[-71.62486,-35.4248],[-71.62488,-35.42451]]}},{"type":"Feature","properties":{"nombre":"Avenida Circunvalación 30 Oriente","jerarquia":5},"geometry":{"type":"LineString","coordinates":[[-71.62488,-35.42451],[-71.62492,-35.4243]]}},{"type":"Feature","properties":{"nombre":"Avenida Circunvalación 30 Oriente","jerarquia":5},"geometry":{"type":"LineString","coordinates":[[-71.62492,-35.4243],[-71.62494,-35.42422]]}},{"type":"Feature","properties":{"nombre":"Calle 13 Norte","jerarquia":5},"geometry":{"type":"LineString","coordinates":[[-71.62726,-35.42212],[-71.62629,-35.42276]]}},{"type":"Feature","properties":{"nombre":"Calle 13 Norte","jerarquia":5},"geometry":{"type":"LineString","coordinates":[[-71.62629,-35.42276],[-71.62576,-35.42329],[-71.62546,-35.4238]]}},{"type":"Feature","properties":{"nombre":"Calle 13 Norte","jerarquia":5},"geometry":{"type":"LineString","coordinates":[[-71.62546,-35.4238],[-71.62533,-35.42425]]}},{"type":"Feature","properties":{"nombre":"Calle 13 Norte","jerarquia":5},"geometry":{"type":"LineString","coordinates":[[-71.62533,-35.42425],[-71.62531,-35.4243]]}},{"type":"Feature","properties":{"nombre":"9 Oriente","jerarquia":5},"geometry":{"type":"LineString","coordinates":[[-71.65758,-35.44426],[-71.65783,-35.44463]]}},{"type":"Feature","properties":{"nombre":"9 Oriente","jerarquia":5},"geometry":{"type":"LineString","coordinates":[[-71.65783,-35.44463],[-71.65812,-35.44504]]}},{"type":"Feature","properties":{"nombre":"9 Oriente","jerarquia":5},"geometry":{"type":"LineString","coordinates":[[-71.65812,-35.44504],[-71.65838,-35.44543]]}},{"type":"Feature","properties":{"nombre":"9 Oriente","jerarquia":5},"geometry":{"type":"LineString","coordinates":[[-71.65838,-35.44543],[-71.65842,-35.44548]]}},{"type":"Feature","properties":{"nombre":"9 Oriente","jerarquia":5},"geometry":{"type":"LineString","coordinates":[[-71.65842,-35.44548],[-71.65863,-35.44581]]}},{"type":"Feature","properties":{"nombre":"9 Oriente","jerarquia":5},"geometry":{"type":"LineString","coordinates":[[-71.65863,-35.44581],[-71.6589,-35.44622]]}},{"type":"Feature","properties":{"nombre":"9 Oriente","jerarquia":5},"geometry":{"type":"LineString","coordinates":[[-71.6589,-35.44622],[-71.65912,-35.44655]]}},{"type":"Feature","properties":{"nombre":"9 Oriente","jerarquia":5},"geometry":{"type":"LineString","coordinates":[[-71.65912,-35.44655],[-71.65931,-35.44684]]}},{"type":"Feature","properties":{"nombre":"9 Oriente","jerarquia":5},"geometry":{"type":"LineString","coordinates":[[-71.65931,-35.44684],[-71.65934,-35.44688]]}},{"type":"Feature","properties":{"nombre":"9 Oriente","jerarquia":5},"geometry":{"type":"LineString","coordinates":[[-71.65934,-35.44688],[-71.65974,-35.44753]]}},{"type":"Feature","properties":{"nombre":"9 Oriente","jerarquia":5},"geometry":{"type":"LineString","coordinates":[[-71.65974,-35.44753],[-71.65985,-35.44771]]}},{"type":"Feature","properties":{"nombre":"9 Oriente","jerarquia":5},"geometry":{"type":"LineString","coordinates":[[-71.65985,-35.44771],[-71.6601,-35.4481]]}},{"type":"Feature","properties":{"nombre":"9 Oriente","jerarquia":5},"geometry":{"type":"LineString","coordinates":[[-71.6601,-35.4481],[-71.66036,-35.44849]]}},{"type":"Feature","properties":{"nombre":"9 Oriente","jerarquia":5},"geometry":{"type":"LineString","coordinates":[[-71.66036,-35.44849],[-71.66045,-35.44864]]}},{"type":"Feature","properties":{"nombre":"9 Oriente","jerarquia":5},"geometry":{"type":"LineString","coordinates":[[-71.66045,-35.44864],[-71.66076,-35.4491]]}},{"type":"Feature","properties":{"nombre":"9 Oriente","jerarquia":5},"geometry":{"type":"LineString","coordinates":[[-71.66076,-35.4491],[-71.6608,-35.44917]]}},{"type":"Feature","properties":{"nombre":"5 Poniente","jerarquia":5},"geometry":{"type":"LineString","coordinates":[[-71.67879,-35.44227],[-71.67854,-35.44186]]}},{"type":"Feature","properties":{"nombre":"5 Poniente","jerarquia":5},"geometry":{"type":"LineString","coordinates":[[-71.67854,-35.44186],[-71.67777,-35.44071]]}},{"type":"Feature","properties":{"nombre":"5 Poniente","jerarquia":5},"geometry":{"type":"LineString","coordinates":[[-71.67777,-35.44071],[-71.67761,-35.44048]]}},{"type":"Feature","properties":{"nombre":"5 Poniente","jerarquia":5},"geometry":{"type":"LineString","coordinates":[[-71.67761,-35.44048],[-71.67756,-35.44041]]}},{"type":"Feature","properties":{"nombre":"Avenida Salvador Allende","jerarquia":3},"geometry":{"type":"LineString","coordinates":[[-71.64983,-35.42345],[-71.64985,-35.42428]]}},{"type":"Feature","properties":{"nombre":"Calle 14 Oriente","jerarquia":5},"geometry":{"type":"LineString","coordinates":[[-71.64514,-35.42492],[-71.64514,-35.42475]]}},{"type":"Feature","properties":{"nombre":"Calle 14 Oriente","jerarquia":5},"geometry":{"type":"LineString","coordinates":[[-71.64514,-35.42475],[-71.64508,-35.42399]]}},{"type":"Feature","properties":{"nombre":"Calle 14 Oriente","jerarquia":5},"geometry":{"type":"LineString","coordinates":[[-71.64508,-35.42399],[-71.6452,-35.4236]]}},{"type":"Feature","properties":{"nombre":"Calle 14 Oriente","jerarquia":5},"geometry":{"type":"LineString","coordinates":[[-71.6452,-35.4236],[-71.64523,-35.42353]]}},{"type":"Feature","properties":{"nombre":"Calle 2 Norte","jerarquia":5},"geometry":{"type":"LineString","coordinates":[[-71.64514,-35.42492],[-71.64523,-35.42511],[-71.64548,-35.42522]]}},{"type":"Feature","properties":{"nombre":"Calle 2 Norte","jerarquia":5},"geometry":{"type":"LineString","coordinates":[[-71.64548,-35.42522],[-71.64564,-35.42526]]}},{"type":"Feature","properties":{"nombre":"17 Norte","jerarquia":5},"geometry":{"type":"LineString","coordinates":[[-71.63974,-35.4151],[-71.63942,-35.41537]]}},{"type":"Feature","properties":{"nombre":"17 Norte","jerarquia":5},"geometry":{"type":"LineString","coordinates":[[-71.63942,-35.41537],[-71.63914,-35.4156]]}},{"type":"Feature","properties":{"nombre":"17 Norte","jerarquia":5},"geometry":{"type":"LineString","coordinates":[[-71.63914,-35.4156],[-71.63892,-35.41578]]}},{"type":"Feature","properties":{"nombre":"17 Norte","jerarquia":5},"geometry":{"type":"LineString","coordinates":[[-71.63892,-35.41578],[-71.63881,-35.41587]]}},{"type":"Feature","properties":{"nombre":"17 Norte","jerarquia":5},"geometry":{"type":"LineString","coordinates":[[-71.63881,-35.41587],[-71.63845,-35.41616]]}},{"type":"Feature","properties":{"nombre":"17 Norte","jerarquia":5},"geometry":{"type":"LineString","coordinates":[[-71.63845,-35.41616],[-71.63805,-35.41649]]}},{"type":"Feature","properties":{"nombre":"17 Norte","jerarquia":5},"geometry":{"type":"LineString","coordinates":[[-71.63805,-35.41649],[-71.63647,-35.41778]]}},{"type":"Feature","properties":{"nombre":"Avenida Cancha Rayada","jerarquia":3},"geometry":{"type":"LineString","coordinates":[[-71.64961,-35.42255],[-71.64967,-35.42237]]}},{"type":"Feature","properties":{"nombre":"","jerarquia":4},"geometry":{"type":"LineString","coordinates":[[-71.62936,-35.43383],[-71.62907,-35.43393]]}},{"type":"Feature","properties":{"nombre":"Calle 2 Norte","jerarquia":4},"geometry":{"type":"LineString","coordinates":[[-71.62817,-35.43129],[-71.62986,-35.43078]]}},{"type":"Feature","properties":{"nombre":"Calle 2 Norte","jerarquia":4},"geometry":{"type":"LineString","coordinates":[[-71.62986,-35.43078],[-71.63033,-35.43065]]}},{"type":"Feature","properties":{"nombre":"Calle 2 Norte","jerarquia":4},"geometry":{"type":"LineString","coordinates":[[-71.63033,-35.43065],[-71.63093,-35.4305]]}},{"type":"Feature","properties":{"nombre":"17 Oriente","jerarquia":4},"geometry":{"type":"LineString","coordinates":[[-71.64179,-35.42799],[-71.64142,-35.42749],[-71.64126,-35.42737]]}},{"type":"Feature","properties":{"nombre":"13½ Oriente Interior","jerarquia":5},"geometry":{"type":"LineString","coordinates":[[-71.64257,-35.41347],[-71.64261,-35.4133]]}},{"type":"Feature","properties":{"nombre":"13½ Oriente Interior","jerarquia":5},"geometry":{"type":"LineString","coordinates":[[-71.64261,-35.4133],[-71.64263,-35.41307]]}},{"type":"Feature","properties":{"nombre":"Avenida Padre Guido Lebret","jerarquia":3},"geometry":{"type":"LineString","coordinates":[[-71.67569,-35.42536],[-71.6756,-35.42583]]}},{"type":"Feature","properties":{"nombre":"Avenida Padre Guido Lebret","jerarquia":3},"geometry":{"type":"LineString","coordinates":[[-71.6756,-35.42583],[-71.67557,-35.426]]}},{"type":"Feature","properties":{"nombre":"Avenida Padre Guido Lebret","jerarquia":3},"geometry":{"type":"LineString","coordinates":[[-71.67557,-35.426],[-71.67551,-35.42707]]}},{"type":"Feature","properties":{"nombre":"Avenida Padre Guido Lebret","jerarquia":3},"geometry":{"type":"LineString","coordinates":[[-71.67551,-35.42707],[-71.67557,-35.42751]]}},{"type":"Feature","properties":{"nombre":"Avenida Padre Guido Lebret","jerarquia":3},"geometry":{"type":"LineString","coordinates":[[-71.67557,-35.42751],[-71.67567,-35.42818]]}},{"type":"Feature","properties":{"nombre":"Carlos Schorr","jerarquia":3},"geometry":{"type":"LineString","coordinates":[[-71.67232,-35.4293],[-71.6723,-35.4293]]}},{"type":"Feature","properties":{"nombre":"Carlos Schorr","jerarquia":3},"geometry":{"type":"LineString","coordinates":[[-71.6723,-35.4293],[-71.67203,-35.4292]]}},{"type":"Feature","properties":{"nombre":"Carlos Schorr","jerarquia":3},"geometry":{"type":"LineString","coordinates":[[-71.67203,-35.4292],[-71.67181,-35.42904]]}},{"type":"Feature","properties":{"nombre":"Carlos Schorr","jerarquia":3},"geometry":{"type":"LineString","coordinates":[[-71.67181,-35.42904],[-71.67126,-35.42864]]}},{"type":"Feature","properties":{"nombre":"Carlos Schorr","jerarquia":3},"geometry":{"type":"LineString","coordinates":[[-71.67126,-35.42864],[-71.67039,-35.42799]]}},{"type":"Feature","properties":{"nombre":"Avenida Circunvalación 30 Oriente","jerarquia":4},"geometry":{"type":"LineString","coordinates":[[-71.63028,-35.43659],[-71.63016,-35.43638]]}},{"type":"Feature","properties":{"nombre":"Avenida Circunvalación 30 Oriente","jerarquia":4},"geometry":{"type":"LineString","coordinates":[[-71.63016,-35.43638],[-71.63007,-35.43623],[-71.63,-35.43576]]}},{"type":"Feature","properties":{"nombre":"Calle 11 Norte","jerarquia":5},"geometry":{"type":"LineString","coordinates":[[-71.64705,-35.41544],[-71.64629,-35.41575]]}},{"type":"Feature","properties":{"nombre":"Calle 11 Norte","jerarquia":5},"geometry":{"type":"LineString","coordinates":[[-71.64629,-35.41575],[-71.64617,-35.4158]]}},{"type":"Feature","properties":{"nombre":"Calle 11 Norte","jerarquia":5},"geometry":{"type":"LineString","coordinates":[[-71.64617,-35.4158],[-71.64553,-35.41608]]}},{"type":"Feature","properties":{"nombre":"Calle 11 Norte","jerarquia":5},"geometry":{"type":"LineString","coordinates":[[-71.64553,-35.41608],[-71.64537,-35.41616]]}},{"type":"Feature","properties":{"nombre":"Avenida Circunvalación","jerarquia":3},"geometry":{"type":"LineString","coordinates":[[-71.67548,-35.42011],[-71.67562,-35.42074]]}},{"type":"Feature","properties":{"nombre":"Avenida Circunvalación","jerarquia":3},"geometry":{"type":"LineString","coordinates":[[-71.67562,-35.42074],[-71.67565,-35.42091]]}},{"type":"Feature","properties":{"nombre":"Avenida 21 Norte","jerarquia":5},"geometry":{"type":"LineString","coordinates":[[-71.62384,-35.41078],[-71.62566,-35.41044]]}},{"type":"Feature","properties":{"nombre":"Avenida 21 Norte","jerarquia":5},"geometry":{"type":"LineString","coordinates":[[-71.62566,-35.41044],[-71.62579,-35.41043]]}},{"type":"Feature","properties":{"nombre":"Enlace Las Industrias","jerarquia":5},"geometry":{"type":"LineString","coordinates":[[-71.62698,-35.41029],[-71.62799,-35.4099]]}},{"type":"Feature","properties":{"nombre":"Calle de Servicio Ruta 5","jerarquia":5},"geometry":{"type":"LineString","coordinates":[[-71.63259,-35.42172],[-71.6326,-35.42162],[-71.62981,-35.41451],[-71.62974,-35.41444],[-71.62961,-35.4144],[-71.62907,-35.41447],[-71.62895,-35.41437],[-71.62878,-35.41406]]}},{"type":"Feature","properties":{"nombre":"21 Oriente","jerarquia":4},"geometry":{"type":"LineString","coordinates":[[-71.63757,-35.43423],[-71.63739,-35.43392]]}},{"type":"Feature","properties":{"nombre":"21 Oriente","jerarquia":4},"geometry":{"type":"LineString","coordinates":[[-71.63739,-35.43392],[-71.63726,-35.43367],[-71.63722,-35.43342]]}},{"type":"Feature","properties":{"nombre":"21 Oriente","jerarquia":4},"geometry":{"type":"LineString","coordinates":[[-71.63722,-35.43342],[-71.6372,-35.43301]]}},{"type":"Feature","properties":{"nombre":"21 Oriente","jerarquia":2},"geometry":{"type":"LineString","coordinates":[[-71.63682,-35.43203],[-71.63622,-35.43049]]}},{"type":"Feature","properties":{"nombre":"21 Oriente","jerarquia":2},"geometry":{"type":"LineString","coordinates":[[-71.63622,-35.43049],[-71.63585,-35.42955]]}},{"type":"Feature","properties":{"nombre":"","jerarquia":3},"geometry":{"type":"LineString","coordinates":[[-71.65236,-35.41288],[-71.65287,-35.41295]]}},{"type":"Feature","properties":{"nombre":"","jerarquia":3},"geometry":{"type":"LineString","coordinates":[[-71.65287,-35.41295],[-71.65303,-35.41296]]}},{"type":"Feature","properties":{"nombre":"","jerarquia":3},"geometry":{"type":"LineString","coordinates":[[-71.64547,-35.40684],[-71.64527,-35.40684]]}},{"type":"Feature","properties":{"nombre":"","jerarquia":1},"geometry":{"type":"LineString","coordinates":[[-71.60111,-35.37911],[-71.60139,-35.37919]]}},{"type":"Feature","properties":{"nombre":"Calle 2 Norte","jerarquia":4},"geometry":{"type":"LineString","coordinates":[[-71.62147,-35.43335],[-71.61769,-35.43448]]}},{"type":"Feature","properties":{"nombre":"Calle 2 Norte","jerarquia":4},"geometry":{"type":"LineString","coordinates":[[-71.61769,-35.43448],[-71.61598,-35.43499]]}},{"type":"Feature","properties":{"nombre":"Calle 2 Norte","jerarquia":4},"geometry":{"type":"LineString","coordinates":[[-71.61598,-35.43499],[-71.61583,-35.43503]]}},{"type":"Feature","properties":{"nombre":"Calle 2 Norte","jerarquia":4},"geometry":{"type":"LineString","coordinates":[[-71.61583,-35.43503],[-71.61569,-35.43507]]}},{"type":"Feature","properties":{"nombre":"Calle 2 Norte","jerarquia":4},"geometry":{"type":"LineString","coordinates":[[-71.61569,-35.43507],[-71.61494,-35.4353]]}},{"type":"Feature","properties":{"nombre":"Calle 2 Norte","jerarquia":4},"geometry":{"type":"LineString","coordinates":[[-71.61494,-35.4353],[-71.6148,-35.43534]]}},{"type":"Feature","properties":{"nombre":"18 Oriente","jerarquia":5},"geometry":{"type":"LineString","coordinates":[[-71.6373,-35.42372],[-71.63652,-35.42184]]}},{"type":"Feature","properties":{"nombre":"18 Oriente","jerarquia":5},"geometry":{"type":"LineString","coordinates":[[-71.63652,-35.42184],[-71.63557,-35.41946]]}},{"type":"Feature","properties":{"nombre":"Calle 19 Norte","jerarquia":5},"geometry":{"type":"LineString","coordinates":[[-71.64528,-35.40662],[-71.64536,-35.40654]]}},{"type":"Feature","properties":{"nombre":"Calle 19 Norte","jerarquia":5},"geometry":{"type":"LineString","coordinates":[[-71.64536,-35.40654],[-71.6455,-35.40643]]}},{"type":"Feature","properties":{"nombre":"Calle 19 Norte","jerarquia":5},"geometry":{"type":"LineString","coordinates":[[-71.6455,-35.40643],[-71.64577,-35.40617]]}},{"type":"Feature","properties":{"nombre":"Calle 19 Norte","jerarquia":5},"geometry":{"type":"LineString","coordinates":[[-71.64577,-35.40617],[-71.64603,-35.40591]]}},{"type":"Feature","properties":{"nombre":"Calle 19 Norte","jerarquia":5},"geometry":{"type":"LineString","coordinates":[[-71.64603,-35.40591],[-71.6463,-35.40565]]}},{"type":"Feature","properties":{"nombre":"Calle 19 Norte","jerarquia":5},"geometry":{"type":"LineString","coordinates":[[-71.6463,-35.40565],[-71.64652,-35.40544]]}},{"type":"Feature","properties":{"nombre":"Calle 19 Norte","jerarquia":5},"geometry":{"type":"LineString","coordinates":[[-71.64652,-35.40544],[-71.64674,-35.40522]]}},{"type":"Feature","properties":{"nombre":"Avenida Cancha Rayada","jerarquia":3},"geometry":{"type":"LineString","coordinates":[[-71.64989,-35.42214],[-71.64987,-35.4222]]}},{"type":"Feature","properties":{"nombre":"Avenida Cancha Rayada","jerarquia":3},"geometry":{"type":"LineString","coordinates":[[-71.64987,-35.4222],[-71.64973,-35.42258]]}},{"type":"Feature","properties":{"nombre":"Avenida Cancha Rayada","jerarquia":3},"geometry":{"type":"LineString","coordinates":[[-71.65092,-35.42092],[-71.65051,-35.4214]]}},{"type":"Feature","properties":{"nombre":"Avenida Cancha Rayada","jerarquia":3},"geometry":{"type":"LineString","coordinates":[[-71.65051,-35.4214],[-71.64989,-35.42214]]}},{"type":"Feature","properties":{"nombre":"21 Oriente","jerarquia":3},"geometry":{"type":"LineString","coordinates":[[-71.6407,-35.44206],[-71.64043,-35.4414]]}},{"type":"Feature","properties":{"nombre":"21 Oriente","jerarquia":3},"geometry":{"type":"LineString","coordinates":[[-71.64043,-35.4414],[-71.63995,-35.4402]]}},{"type":"Feature","properties":{"nombre":"21 Oriente","jerarquia":3},"geometry":{"type":"LineString","coordinates":[[-71.63995,-35.4402],[-71.63978,-35.43977]]}},{"type":"Feature","properties":{"nombre":"Calle 16 Sur","jerarquia":5},"geometry":{"type":"LineString","coordinates":[[-71.65618,-35.44829],[-71.65629,-35.44824]]}},{"type":"Feature","properties":{"nombre":"Calle 16 Sur","jerarquia":5},"geometry":{"type":"LineString","coordinates":[[-71.65629,-35.44824],[-71.65678,-35.44802]]}},{"type":"Feature","properties":{"nombre":"Calle 16 Sur","jerarquia":5},"geometry":{"type":"LineString","coordinates":[[-71.65678,-35.44802],[-71.65776,-35.44758]]}},{"type":"Feature","properties":{"nombre":"Calle 16 Sur","jerarquia":5},"geometry":{"type":"LineString","coordinates":[[-71.65776,-35.44758],[-71.65873,-35.44716]]}},{"type":"Feature","properties":{"nombre":"Calle 16 Sur","jerarquia":5},"geometry":{"type":"LineString","coordinates":[[-71.65873,-35.44716],[-71.65919,-35.44695]]}},{"type":"Feature","properties":{"nombre":"Calle 16 Sur","jerarquia":5},"geometry":{"type":"LineString","coordinates":[[-71.65919,-35.44695],[-71.65922,-35.44694]]}},{"type":"Feature","properties":{"nombre":"Calle de Servicio Ruta 5","jerarquia":5},"geometry":{"type":"LineString","coordinates":[[-71.64652,-35.4523],[-71.64661,-35.45251]]}},{"type":"Feature","properties":{"nombre":"Calle de Servicio Ruta 5","jerarquia":5},"geometry":{"type":"LineString","coordinates":[[-71.64661,-35.45251],[-71.64669,-35.45274],[-71.64668,-35.45294],[-71.64659,-35.45314],[-71.64623,-35.45366],[-71.64618,-35.45392],[-71.64621,-35.45416],[-71.64843,-35.4597]]}},{"type":"Feature","properties":{"nombre":"Calle de Servicio Ruta 5","jerarquia":5},"geometry":{"type":"LineString","coordinates":[[-71.64843,-35.4597],[-71.64846,-35.45979]]}},{"type":"Feature","properties":{"nombre":"Calle de Servicio Ruta 5","jerarquia":5},"geometry":{"type":"LineString","coordinates":[[-71.64846,-35.45979],[-71.65198,-35.46869]]}},{"type":"Feature","properties":{"nombre":"Calle de Servicio Ruta 5","jerarquia":5},"geometry":{"type":"LineString","coordinates":[[-71.65198,-35.46869],[-71.65294,-35.47111]]}},{"type":"Feature","properties":{"nombre":"Calle de Servicio Ruta 5","jerarquia":5},"geometry":{"type":"LineString","coordinates":[[-71.65294,-35.47111],[-71.65323,-35.47175],[-71.65478,-35.47577]]}},{"type":"Feature","properties":{"nombre":"Ruta K-625","jerarquia":4},"geometry":{"type":"LineString","coordinates":[[-71.64395,-35.45163],[-71.64414,-35.45104],[-71.64417,-35.45077],[-71.64413,-35.45057],[-71.64392,-35.45003]]}},{"type":"Feature","properties":{"nombre":"","jerarquia":1},"geometry":{"type":"LineString","coordinates":[[-71.64248,-35.44556],[-71.64306,-35.44624]]}},{"type":"Feature","properties":{"nombre":"Enlace El Tabaco","jerarquia":4},"geometry":{"type":"LineString","coordinates":[[-71.64475,-35.452],[-71.64451,-35.45207]]}},{"type":"Feature","properties":{"nombre":"Enlace El Tabaco","jerarquia":4},"geometry":{"type":"LineString","coordinates":[[-71.64522,-35.45187],[-71.64475,-35.452]]}},{"type":"Feature","properties":{"nombre":"Caletera Ruta 5 Sur","jerarquia":5},"geometry":{"type":"LineString","coordinates":[[-71.66069,-35.48753],[-71.66072,-35.48771],[-71.66137,-35.48931],[-71.66145,-35.48961],[-71.66141,-35.4898],[-71.66133,-35.48993],[-71.66073,-35.49036],[-71.6607,-35.49061],[-71.66423,-35.49947]]}},{"type":"Feature","properties":{"nombre":"Caletera Ruta 5 Sur","jerarquia":5},"geometry":{"type":"LineString","coordinates":[[-71.66423,-35.49947],[-71.66869,-35.51069],[-71.6693,-35.51182],[-71.67011,-35.51289]]}},{"type":"Feature","properties":{"nombre":"Caletera Ruta 5 Sur","jerarquia":5},"geometry":{"type":"LineString","coordinates":[[-71.67011,-35.51289],[-71.67481,-35.51808],[-71.67508,-35.51829]]}},{"type":"Feature","properties":{"nombre":"Caletera Ruta 5 Sur","jerarquia":5},"geometry":{"type":"LineString","coordinates":[[-71.67508,-35.51829],[-71.67737,-35.51954]]}},{"type":"Feature","properties":{"nombre":"Caletera Ruta 5 Sur","jerarquia":5},"geometry":{"type":"LineString","coordinates":[[-71.67737,-35.51954],[-71.67766,-35.51978],[-71.67821,-35.52052],[-71.67867,-35.52103],[-71.6787,-35.52111],[-71.67867,-35.52117]]}},{"type":"Feature","properties":{"nombre":"Caletera Ruta 5 Sur","jerarquia":5},"geometry":{"type":"LineString","coordinates":[[-71.67867,-35.52117],[-71.67861,-35.52122]]}},{"type":"Feature","properties":{"nombre":"Enlace Unihue","jerarquia":3},"geometry":{"type":"LineString","coordinates":[[-71.65993,-35.49017],[-71.66047,-35.49003]]}},{"type":"Feature","properties":{"nombre":"Enlace Unihue","jerarquia":3},"geometry":{"type":"LineString","coordinates":[[-71.66047,-35.49003],[-71.66102,-35.48985],[-71.66116,-35.48972],[-71.66121,-35.48954],[-71.66117,-35.48932],[-71.66052,-35.48775]]}},{"type":"Feature","properties":{"nombre":"Ruta K-625","jerarquia":5},"geometry":{"type":"LineString","coordinates":[[-71.61904,-35.5164],[-71.61931,-35.51595],[-71.62028,-35.51386],[-71.62079,-35.51335]]}},{"type":"Feature","properties":{"nombre":"Ruta K-625","jerarquia":5},"geometry":{"type":"LineString","coordinates":[[-71.62079,-35.51335],[-71.62178,-35.5127],[-71.62332,-35.51198],[-71.62786,-35.51022],[-71.62998,-35.50964],[-71.63076,-35.50915],[-71.63178,-35.50834],[-71.63185,-35.5082],[-71.63192,-35.50677],[-71.63206,-35.50652],[-71.6336,-35.50504],[-71.63578,-35.50404]]}},{"type":"Feature","properties":{"nombre":"Ruta K-625","jerarquia":5},"geometry":{"type":"LineString","coordinates":[[-71.63578,-35.50404],[-71.63718,-35.50339],[-71.63778,-35.503],[-71.639,-35.502],[-71.63928,-35.50171],[-71.63989,-35.50086],[-71.64007,-35.5007],[-71.64228,-35.49958]]}},{"type":"Feature","properties":{"nombre":"Ruta K-625","jerarquia":5},"geometry":{"type":"LineString","coordinates":[[-71.64228,-35.49958],[-71.64455,-35.49795],[-71.64464,-35.49782],[-71.64469,-35.49758],[-71.64468,-35.49371],[-71.64484,-35.49354],[-71.64672,-35.49219],[-71.64702,-35.49187],[-71.64714,-35.49165],[-71.64716,-35.49144],[-71.64687,-35.49047],[-71.64502,-35.48675],[-71.64506,-35.4865],[-71.64602,-35.48468],[-71.64703,-35.48235]]}},{"type":"Feature","properties":{"nombre":"Ruta K-625","jerarquia":5},"geometry":{"type":"LineString","coordinates":[[-71.64703,-35.48235],[-71.64813,-35.48087],[-71.6494,-35.47868],[-71.64951,-35.47839],[-71.64955,-35.47799]]}},{"type":"Feature","properties":{"nombre":"Enlace Unihue","jerarquia":3},"geometry":{"type":"LineString","coordinates":[[-71.65902,-35.49016],[-71.65949,-35.49023],[-71.65993,-35.49017]]}},{"type":"Feature","properties":{"nombre":"Cruce Talca - Pelarco","jerarquia":4},"geometry":{"type":"LineString","coordinates":[[-71.58929,-35.36888],[-71.58954,-35.36869]]}},{"type":"Feature","properties":{"nombre":"","jerarquia":4},"geometry":{"type":"LineString","coordinates":[[-71.58954,-35.36869],[-71.58948,-35.36895]]}},{"type":"Feature","properties":{"nombre":"","jerarquia":4},"geometry":{"type":"LineString","coordinates":[[-71.58948,-35.36895],[-71.58955,-35.36912]]}},{"type":"Feature","properties":{"nombre":"Cruce Talca - Pelarco","jerarquia":4},"geometry":{"type":"LineString","coordinates":[[-71.59023,-35.36821],[-71.59048,-35.36804]]}},{"type":"Feature","properties":{"nombre":"","jerarquia":1},"geometry":{"type":"LineString","coordinates":[[-71.59005,-35.36836],[-71.59033,-35.36857],[-71.59061,-35.36866],[-71.5909,-35.36863],[-71.59115,-35.3685]]}},{"type":"Feature","properties":{"nombre":"","jerarquia":4},"geometry":{"type":"LineString","coordinates":[[-71.58909,-35.36869],[-71.58935,-35.36876]]}},{"type":"Feature","properties":{"nombre":"","jerarquia":4},"geometry":{"type":"LineString","coordinates":[[-71.58935,-35.36876],[-71.58954,-35.36869]]}},{"type":"Feature","properties":{"nombre":"Cruce Talca - Pelarco","jerarquia":4},"geometry":{"type":"LineString","coordinates":[[-71.58976,-35.36854],[-71.59023,-35.36821]]}},{"type":"Feature","properties":{"nombre":"Cruce Talca - Pelarco","jerarquia":5},"geometry":{"type":"LineString","coordinates":[[-71.59048,-35.36804],[-71.59104,-35.36763]]}},{"type":"Feature","properties":{"nombre":"","jerarquia":5},"geometry":{"type":"LineString","coordinates":[[-71.6195,-35.39904],[-71.61928,-35.39879]]}},{"type":"Feature","properties":{"nombre":"Ruta 5 Sur","jerarquia":1},"geometry":{"type":"LineString","coordinates":[[-71.61927,-35.39834],[-71.61973,-35.39878]]}},{"type":"Feature","properties":{"nombre":"Avenida Lircay","jerarquia":3},"geometry":{"type":"LineString","coordinates":[[-71.62795,-35.39966],[-71.62777,-35.39963]]}},{"type":"Feature","properties":{"nombre":"Avenida Lircay","jerarquia":3},"geometry":{"type":"LineString","coordinates":[[-71.62777,-35.39963],[-71.62724,-35.39957],[-71.62469,-35.39948]]}},{"type":"Feature","properties":{"nombre":"Calle 18 Sur","jerarquia":5},"geometry":{"type":"LineString","coordinates":[[-71.6608,-35.44917],[-71.66087,-35.44914]]}},{"type":"Feature","properties":{"nombre":"Calle 18 Sur","jerarquia":5},"geometry":{"type":"LineString","coordinates":[[-71.66087,-35.44914],[-71.66109,-35.44904]]}},{"type":"Feature","properties":{"nombre":"Calle 18 Sur","jerarquia":5},"geometry":{"type":"LineString","coordinates":[[-71.66109,-35.44904],[-71.66125,-35.44898]]}},{"type":"Feature","properties":{"nombre":"Calle 18 Sur","jerarquia":5},"geometry":{"type":"LineString","coordinates":[[-71.66125,-35.44898],[-71.66193,-35.44867]]}},{"type":"Feature","properties":{"nombre":"Calle 18 Sur","jerarquia":5},"geometry":{"type":"LineString","coordinates":[[-71.66193,-35.44867],[-71.66251,-35.44842]]}},{"type":"Feature","properties":{"nombre":"Calle 18 Sur","jerarquia":5},"geometry":{"type":"LineString","coordinates":[[-71.66251,-35.44842],[-71.66299,-35.44827]]}},{"type":"Feature","properties":{"nombre":"Calle 18 Sur","jerarquia":5},"geometry":{"type":"LineString","coordinates":[[-71.66299,-35.44827],[-71.66425,-35.44788]]}},{"type":"Feature","properties":{"nombre":"Calle 18 Sur","jerarquia":5},"geometry":{"type":"LineString","coordinates":[[-71.66425,-35.44788],[-71.66544,-35.44743]]}},{"type":"Feature","properties":{"nombre":"Avenida San Miguel","jerarquia":2},"geometry":{"type":"LineString","coordinates":[[-71.63685,-35.43209],[-71.63659,-35.43217]]}},{"type":"Feature","properties":{"nombre":"Calle 1 Sur","jerarquia":4},"geometry":{"type":"LineString","coordinates":[[-71.64067,-35.42935],[-71.64077,-35.42927]]}},{"type":"Feature","properties":{"nombre":"Calle 1 Sur","jerarquia":4},"geometry":{"type":"LineString","coordinates":[[-71.64077,-35.42927],[-71.64099,-35.42918]]}},{"type":"Feature","properties":{"nombre":"Calle de Servicio Ruta 5","jerarquia":5},"geometry":{"type":"LineString","coordinates":[[-71.63228,-35.41919],[-71.62925,-35.41157],[-71.62887,-35.41042],[-71.62894,-35.40993]]}},{"type":"Feature","properties":{"nombre":"18 Oriente","jerarquia":3},"geometry":{"type":"LineString","coordinates":[[-71.63984,-35.42775],[-71.63992,-35.42784]]}},{"type":"Feature","properties":{"nombre":"18 Oriente","jerarquia":3},"geometry":{"type":"LineString","coordinates":[[-71.63992,-35.42784],[-71.63998,-35.42793]]}},{"type":"Feature","properties":{"nombre":"Calle 2 Norte","jerarquia":3},"geometry":{"type":"LineString","coordinates":[[-71.63573,-35.42904],[-71.63597,-35.42897]]}},{"type":"Feature","properties":{"nombre":"18 Oriente","jerarquia":4},"geometry":{"type":"LineString","coordinates":[[-71.64005,-35.43097],[-71.64008,-35.43122]]}},{"type":"Feature","properties":{"nombre":"","jerarquia":1},"geometry":{"type":"LineString","coordinates":[[-71.63215,-35.41943],[-71.63233,-35.4196],[-71.6325,-35.41966]]}},{"type":"Feature","properties":{"nombre":"Avenida Circunvalación","jerarquia":3},"geometry":{"type":"LineString","coordinates":[[-71.67417,-35.41724],[-71.67406,-35.41678],[-71.67388,-35.41638]]}},{"type":"Feature","properties":{"nombre":"Avenida Circunvalación","jerarquia":3},"geometry":{"type":"LineString","coordinates":[[-71.67388,-35.41638],[-71.67356,-35.4159],[-71.6712,-35.41286],[-71.67037,-35.41193],[-71.66963,-35.41122],[-71.66698,-35.40896]]}},{"type":"Feature","properties":{"nombre":"Avenida Circunvalación","jerarquia":3},"geometry":{"type":"LineString","coordinates":[[-71.66698,-35.40896],[-71.66655,-35.40857],[-71.66615,-35.40807],[-71.66506,-35.40578],[-71.66469,-35.40538],[-71.6635,-35.40428]]}},{"type":"Feature","properties":{"nombre":"","jerarquia":3},"geometry":{"type":"LineString","coordinates":[[-71.65314,-35.41299],[-71.65307,-35.41316],[-71.65308,-35.41334]]}},{"type":"Feature","properties":{"nombre":"","jerarquia":3},"geometry":{"type":"LineString","coordinates":[[-71.65308,-35.41334],[-71.65313,-35.41357]]}},{"type":"Feature","properties":{"nombre":"","jerarquia":3},"geometry":{"type":"LineString","coordinates":[[-71.63032,-35.40021],[-71.63073,-35.40018],[-71.63112,-35.40003]]}},{"type":"Feature","properties":{"nombre":"Avenida Lircay","jerarquia":3},"geometry":{"type":"LineString","coordinates":[[-71.65065,-35.41135],[-71.65119,-35.41184]]}},{"type":"Feature","properties":{"nombre":"Avenida Lircay","jerarquia":3},"geometry":{"type":"LineString","coordinates":[[-71.65119,-35.41184],[-71.65164,-35.41224]]}},{"type":"Feature","properties":{"nombre":"32 Oriente","jerarquia":5},"geometry":{"type":"LineString","coordinates":[[-71.62738,-35.44039],[-71.6276,-35.44071]]}},{"type":"Feature","properties":{"nombre":"32 Oriente","jerarquia":5},"geometry":{"type":"LineString","coordinates":[[-71.6276,-35.44071],[-71.62766,-35.4408]]}},{"type":"Feature","properties":{"nombre":"32 Oriente","jerarquia":5},"geometry":{"type":"LineString","coordinates":[[-71.62766,-35.4408],[-71.62782,-35.44103]]}},{"type":"Feature","properties":{"nombre":"32 Oriente","jerarquia":5},"geometry":{"type":"LineString","coordinates":[[-71.62782,-35.44103],[-71.62792,-35.44118]]}},{"type":"Feature","properties":{"nombre":"32 Oriente","jerarquia":5},"geometry":{"type":"LineString","coordinates":[[-71.62792,-35.44118],[-71.62795,-35.44122]]}},{"type":"Feature","properties":{"nombre":"32 Oriente","jerarquia":5},"geometry":{"type":"LineString","coordinates":[[-71.62795,-35.44122],[-71.62815,-35.4415]]}},{"type":"Feature","properties":{"nombre":"32 Oriente","jerarquia":5},"geometry":{"type":"LineString","coordinates":[[-71.62815,-35.4415],[-71.62818,-35.44155]]}},{"type":"Feature","properties":{"nombre":"32 Oriente","jerarquia":5},"geometry":{"type":"LineString","coordinates":[[-71.62818,-35.44155],[-71.62835,-35.44179]]}},{"type":"Feature","properties":{"nombre":"32 Oriente","jerarquia":5},"geometry":{"type":"LineString","coordinates":[[-71.62835,-35.44179],[-71.62843,-35.44191]]}},{"type":"Feature","properties":{"nombre":"32 Oriente","jerarquia":5},"geometry":{"type":"LineString","coordinates":[[-71.62843,-35.44191],[-71.62854,-35.44207]]}},{"type":"Feature","properties":{"nombre":"32 Oriente","jerarquia":5},"geometry":{"type":"LineString","coordinates":[[-71.62854,-35.44207],[-71.62869,-35.44229]]}},{"type":"Feature","properties":{"nombre":"32 Oriente","jerarquia":5},"geometry":{"type":"LineString","coordinates":[[-71.62869,-35.44229],[-71.62874,-35.44236]]}},{"type":"Feature","properties":{"nombre":"32 Oriente","jerarquia":5},"geometry":{"type":"LineString","coordinates":[[-71.62874,-35.44236],[-71.62893,-35.44263]]}},{"type":"Feature","properties":{"nombre":"32 Oriente","jerarquia":5},"geometry":{"type":"LineString","coordinates":[[-71.62893,-35.44263],[-71.62899,-35.44272]]}},{"type":"Feature","properties":{"nombre":"26 Sur","jerarquia":5},"geometry":{"type":"LineString","coordinates":[[-71.67656,-35.44969],[-71.67613,-35.44988]]}},{"type":"Feature","properties":{"nombre":"26 Sur","jerarquia":5},"geometry":{"type":"LineString","coordinates":[[-71.67613,-35.44988],[-71.67507,-35.45031]]}},{"type":"Feature","properties":{"nombre":"9 Oriente","jerarquia":5},"geometry":{"type":"LineString","coordinates":[[-71.66454,-35.45944],[-71.66434,-35.4591]]}},{"type":"Feature","properties":{"nombre":"9 Oriente","jerarquia":5},"geometry":{"type":"LineString","coordinates":[[-71.66434,-35.4591],[-71.66417,-35.45882]]}},{"type":"Feature","properties":{"nombre":"9 Oriente","jerarquia":5},"geometry":{"type":"LineString","coordinates":[[-71.66417,-35.45882],[-71.664,-35.45852]]}},{"type":"Feature","properties":{"nombre":"9 Oriente","jerarquia":5},"geometry":{"type":"LineString","coordinates":[[-71.664,-35.45852],[-71.66381,-35.4582]]}},{"type":"Feature","properties":{"nombre":"9 Oriente","jerarquia":5},"geometry":{"type":"LineString","coordinates":[[-71.66381,-35.4582],[-71.66329,-35.45729]]}},{"type":"Feature","properties":{"nombre":"9 Oriente","jerarquia":5},"geometry":{"type":"LineString","coordinates":[[-71.66329,-35.45729],[-71.66258,-35.45607]]}},{"type":"Feature","properties":{"nombre":"9 Oriente","jerarquia":5},"geometry":{"type":"LineString","coordinates":[[-71.66258,-35.45607],[-71.66255,-35.45603]]}},{"type":"Feature","properties":{"nombre":"Calle 18 Sur","jerarquia":4},"geometry":{"type":"LineString","coordinates":[[-71.68214,-35.43853],[-71.682,-35.43853]]}},{"type":"Feature","properties":{"nombre":"","jerarquia":1},"geometry":{"type":"LineString","coordinates":[[-71.59092,-35.36937],[-71.59052,-35.36923],[-71.5903,-35.36928],[-71.59018,-35.36938]]}},{"type":"Feature","properties":{"nombre":"","jerarquia":4},"geometry":{"type":"LineString","coordinates":[[-71.58955,-35.36912],[-71.58983,-35.36937]]}},{"type":"Feature","properties":{"nombre":"Ruta 5 Sur","jerarquia":1},"geometry":{"type":"LineString","coordinates":[[-71.59473,-35.37258],[-71.5977,-35.37526],[-71.59852,-35.37614]]}},{"type":"Feature","properties":{"nombre":"Ruta 5 Sur","jerarquia":1},"geometry":{"type":"LineString","coordinates":[[-71.5766,-35.35333],[-71.57615,-35.35229]]}},{"type":"Feature","properties":{"nombre":"Ruta 5 Sur","jerarquia":1},"geometry":{"type":"LineString","coordinates":[[-71.5763,-35.35226],[-71.57674,-35.35332]]}},{"type":"Feature","properties":{"nombre":"","jerarquia":1},"geometry":{"type":"LineString","coordinates":[[-71.57889,-35.35678],[-71.57856,-35.3566],[-71.57843,-35.35662],[-71.57832,-35.3567]]}},{"type":"Feature","properties":{"nombre":"Caletera Ruta 5 Sur","jerarquia":5},"geometry":{"type":"LineString","coordinates":[[-71.58833,-35.367],[-71.58596,-35.36448],[-71.5842,-35.36277],[-71.58281,-35.36131],[-71.58184,-35.36049]]}},{"type":"Feature","properties":{"nombre":"Caletera Ruta 5 Sur","jerarquia":5},"geometry":{"type":"LineString","coordinates":[[-71.58184,-35.36049],[-71.58001,-35.35913],[-71.57896,-35.35842],[-71.5787,-35.35816],[-71.57856,-35.35797],[-71.57834,-35.35727],[-71.57828,-35.3569],[-71.57832,-35.3567]]}},{"type":"Feature","properties":{"nombre":"","jerarquia":1},"geometry":{"type":"LineString","coordinates":[[-71.57766,-35.35516],[-71.57813,-35.35542]]}},{"type":"Feature","properties":{"nombre":"","jerarquia":1},"geometry":{"type":"LineString","coordinates":[[-71.59404,-35.37197],[-71.59433,-35.37176]]}},{"type":"Feature","properties":{"nombre":"Avenida Lircay","jerarquia":3},"geometry":{"type":"LineString","coordinates":[[-71.62078,-35.39925],[-71.6226,-35.39928]]}},{"type":"Feature","properties":{"nombre":"","jerarquia":1},"geometry":{"type":"LineString","coordinates":[[-71.6213,-35.4001],[-71.62165,-35.40019],[-71.62189,-35.40011],[-71.62195,-35.39999],[-71.62194,-35.39986],[-71.62186,-35.39975],[-71.62168,-35.39969]]}},{"type":"Feature","properties":{"nombre":"","jerarquia":1},"geometry":{"type":"LineString","coordinates":[[-71.62168,-35.39969],[-71.62156,-35.39969]]}},{"type":"Feature","properties":{"nombre":"Enlace Las Industrias","jerarquia":5},"geometry":{"type":"LineString","coordinates":[[-71.62799,-35.4099],[-71.6285,-35.40976]]}},{"type":"Feature","properties":{"nombre":"Enlace Las Industrias","jerarquia":5},"geometry":{"type":"LineString","coordinates":[[-71.62863,-35.40973],[-71.62886,-35.40967]]}},{"type":"Feature","properties":{"nombre":"Enlace Las Industrias","jerarquia":5},"geometry":{"type":"LineString","coordinates":[[-71.62886,-35.40967],[-71.62891,-35.40966]]}},{"type":"Feature","properties":{"nombre":"","jerarquia":1},"geometry":{"type":"LineString","coordinates":[[-71.63879,-35.43627],[-71.63949,-35.43711]]}},{"type":"Feature","properties":{"nombre":"","jerarquia":2},"geometry":{"type":"LineString","coordinates":[[-71.63758,-35.43187],[-71.63744,-35.43209]]}},{"type":"Feature","properties":{"nombre":"","jerarquia":2},"geometry":{"type":"LineString","coordinates":[[-71.63744,-35.43209],[-71.63738,-35.43229]]}},{"type":"Feature","properties":{"nombre":"","jerarquia":1},"geometry":{"type":"LineString","coordinates":[[-71.63811,-35.43483],[-71.63757,-35.43405]]}},{"type":"Feature","properties":{"nombre":"","jerarquia":1},"geometry":{"type":"LineString","coordinates":[[-71.64108,-35.44112],[-71.64109,-35.44182]]}},{"type":"Feature","properties":{"nombre":"","jerarquia":1},"geometry":{"type":"LineString","coordinates":[[-71.64109,-35.44182],[-71.64111,-35.4421]]}},{"type":"Feature","properties":{"nombre":"","jerarquia":2},"geometry":{"type":"LineString","coordinates":[[-71.63713,-35.43166],[-71.63739,-35.4318]]}},{"type":"Feature","properties":{"nombre":"","jerarquia":2},"geometry":{"type":"LineString","coordinates":[[-71.63739,-35.4318],[-71.6375,-35.43181]]}},{"type":"Feature","properties":{"nombre":"","jerarquia":1},"geometry":{"type":"LineString","coordinates":[[-71.63772,-35.43312],[-71.63803,-35.43435]]}},{"type":"Feature","properties":{"nombre":"","jerarquia":1},"geometry":{"type":"LineString","coordinates":[[-71.63888,-35.43749],[-71.63874,-35.4364]]}},{"type":"Feature","properties":{"nombre":"","jerarquia":1},"geometry":{"type":"LineString","coordinates":[[-71.67122,-35.51459],[-71.67068,-35.51423]]}},{"type":"Feature","properties":{"nombre":"","jerarquia":1},"geometry":{"type":"LineString","coordinates":[[-71.67068,-35.51423],[-71.67044,-35.51398]]}},{"type":"Feature","properties":{"nombre":"","jerarquia":4},"geometry":{"type":"LineString","coordinates":[[-71.66836,-35.44538],[-71.66876,-35.44552],[-71.66918,-35.44544]]}},{"type":"Feature","properties":{"nombre":"Calle 2 Sur","jerarquia":3},"geometry":{"type":"LineString","coordinates":[[-71.67039,-35.42799],[-71.67023,-35.42792]]}},{"type":"Feature","properties":{"nombre":"Avenida Colín","jerarquia":3},"geometry":{"type":"LineString","coordinates":[[-71.6852,-35.44233],[-71.68539,-35.44257]]}},{"type":"Feature","properties":{"nombre":"","jerarquia":3},"geometry":{"type":"LineString","coordinates":[[-71.6723,-35.4293],[-71.67206,-35.42932],[-71.6719,-35.4294]]}},{"type":"Feature","properties":{"nombre":"Carlos Schorr","jerarquia":3},"geometry":{"type":"LineString","coordinates":[[-71.67059,-35.42797],[-71.67077,-35.42809]]}},{"type":"Feature","properties":{"nombre":"Carlos Schorr","jerarquia":3},"geometry":{"type":"LineString","coordinates":[[-71.67077,-35.42809],[-71.67099,-35.42824]]}},{"type":"Feature","properties":{"nombre":"Carlos Schorr","jerarquia":3},"geometry":{"type":"LineString","coordinates":[[-71.67099,-35.42824],[-71.6717,-35.42876]]}},{"type":"Feature","properties":{"nombre":"Carlos Schorr","jerarquia":3},"geometry":{"type":"LineString","coordinates":[[-71.6717,-35.42876],[-71.67193,-35.42895]]}},{"type":"Feature","properties":{"nombre":"Carlos Schorr","jerarquia":3},"geometry":{"type":"LineString","coordinates":[[-71.67193,-35.42895],[-71.67204,-35.42903]]}},{"type":"Feature","properties":{"nombre":"Carlos Schorr","jerarquia":3},"geometry":{"type":"LineString","coordinates":[[-71.67204,-35.42903],[-71.67213,-35.4291]]}},{"type":"Feature","properties":{"nombre":"Carlos Schorr","jerarquia":3},"geometry":{"type":"LineString","coordinates":[[-71.67213,-35.4291],[-71.67244,-35.42925],[-71.67278,-35.42928]]}},{"type":"Feature","properties":{"nombre":"Calle 1 Sur","jerarquia":5},"geometry":{"type":"LineString","coordinates":[[-71.67062,-35.42764],[-71.67077,-35.42809]]}},{"type":"Feature","properties":{"nombre":"9 Oriente","jerarquia":5},"geometry":{"type":"LineString","coordinates":[[-71.66028,-35.45122],[-71.66026,-35.45102],[-71.66036,-35.45072]]}},{"type":"Feature","properties":{"nombre":"9 Oriente","jerarquia":5},"geometry":{"type":"LineString","coordinates":[[-71.66036,-35.45072],[-71.66038,-35.45058]]}},{"type":"Feature","properties":{"nombre":"9 Oriente","jerarquia":5},"geometry":{"type":"LineString","coordinates":[[-71.66038,-35.45058],[-71.66056,-35.4499]]}},{"type":"Feature","properties":{"nombre":"9 Oriente","jerarquia":5},"geometry":{"type":"LineString","coordinates":[[-71.66056,-35.4499],[-71.66071,-35.44926]]}},{"type":"Feature","properties":{"nombre":"9 Oriente","jerarquia":5},"geometry":{"type":"LineString","coordinates":[[-71.66071,-35.44926],[-71.6607,-35.4492]]}},{"type":"Feature","properties":{"nombre":"Calle 10 Oriente","jerarquia":4},"geometry":{"type":"LineString","coordinates":[[-71.6523,-35.44044],[-71.65244,-35.44061]]}},{"type":"Feature","properties":{"nombre":"Calle 10 Oriente","jerarquia":4},"geometry":{"type":"LineString","coordinates":[[-71.65244,-35.44061],[-71.65293,-35.44193]]}},{"type":"Feature","properties":{"nombre":"Calle 10 Oriente","jerarquia":4},"geometry":{"type":"LineString","coordinates":[[-71.65293,-35.44193],[-71.65326,-35.44294]]}},{"type":"Feature","properties":{"nombre":"Calle 10 Oriente","jerarquia":4},"geometry":{"type":"LineString","coordinates":[[-71.65326,-35.44294],[-71.65353,-35.44375]]}},{"type":"Feature","properties":{"nombre":"Calle 10 Oriente","jerarquia":4},"geometry":{"type":"LineString","coordinates":[[-71.65353,-35.44375],[-71.65374,-35.44434]]}},{"type":"Feature","properties":{"nombre":"Calle 10 Oriente","jerarquia":4},"geometry":{"type":"LineString","coordinates":[[-71.65374,-35.44434],[-71.6542,-35.44506]]}},{"type":"Feature","properties":{"nombre":"Calle 10 Oriente","jerarquia":4},"geometry":{"type":"LineString","coordinates":[[-71.6542,-35.44506],[-71.65442,-35.4454]]}},{"type":"Feature","properties":{"nombre":"Calle 10 Oriente","jerarquia":4},"geometry":{"type":"LineString","coordinates":[[-71.65442,-35.4454],[-71.65443,-35.4454]]}},{"type":"Feature","properties":{"nombre":"Calle 14 Oriente","jerarquia":4},"geometry":{"type":"LineString","coordinates":[[-71.64719,-35.4406],[-71.6472,-35.44034]]}},{"type":"Feature","properties":{"nombre":"Calle 14 Oriente","jerarquia":4},"geometry":{"type":"LineString","coordinates":[[-71.6472,-35.44034],[-71.64714,-35.43992],[-71.64676,-35.4394]]}},{"type":"Feature","properties":{"nombre":"Calle 14 Oriente","jerarquia":4},"geometry":{"type":"LineString","coordinates":[[-71.64676,-35.4394],[-71.64642,-35.43894]]}},{"type":"Feature","properties":{"nombre":"Avenida Salvador Allende","jerarquia":4},"geometry":{"type":"LineString","coordinates":[[-71.6523,-35.44044],[-71.65209,-35.44001]]}},{"type":"Feature","properties":{"nombre":"Calle 14 Oriente","jerarquia":4},"geometry":{"type":"LineString","coordinates":[[-71.64716,-35.44095],[-71.64719,-35.4406]]}},{"type":"Feature","properties":{"nombre":"Calle Paisaje Hermoso","jerarquia":5},"geometry":{"type":"LineString","coordinates":[[-71.6776,-35.45889],[-71.67746,-35.45836]]}},{"type":"Feature","properties":{"nombre":"Calle Paisaje Hermoso","jerarquia":5},"geometry":{"type":"LineString","coordinates":[[-71.67746,-35.45836],[-71.67737,-35.45799]]}},{"type":"Feature","properties":{"nombre":"Calle Paisaje Hermoso","jerarquia":5},"geometry":{"type":"LineString","coordinates":[[-71.67737,-35.45799],[-71.67728,-35.45763]]}},{"type":"Feature","properties":{"nombre":"Calle Paisaje Hermoso","jerarquia":5},"geometry":{"type":"LineString","coordinates":[[-71.67728,-35.45763],[-71.6772,-35.45727]]}},{"type":"Feature","properties":{"nombre":"Calle Paisaje Hermoso","jerarquia":5},"geometry":{"type":"LineString","coordinates":[[-71.6772,-35.45727],[-71.67712,-35.45691]]}},{"type":"Feature","properties":{"nombre":"Calle Paisaje Hermoso","jerarquia":5},"geometry":{"type":"LineString","coordinates":[[-71.67712,-35.45691],[-71.67703,-35.45651]]}},{"type":"Feature","properties":{"nombre":"Calle Paisaje Hermoso","jerarquia":5},"geometry":{"type":"LineString","coordinates":[[-71.67703,-35.45651],[-71.67695,-35.45615]]}},{"type":"Feature","properties":{"nombre":"Calle Paisaje Hermoso","jerarquia":5},"geometry":{"type":"LineString","coordinates":[[-71.67695,-35.45615],[-71.67686,-35.45579]]}},{"type":"Feature","properties":{"nombre":"Calle Paisaje Hermoso","jerarquia":5},"geometry":{"type":"LineString","coordinates":[[-71.67686,-35.45579],[-71.67674,-35.45543]]}},{"type":"Feature","properties":{"nombre":"Ruta K-392","jerarquia":5},"geometry":{"type":"LineString","coordinates":[[-71.67753,-35.47993],[-71.67955,-35.48074],[-71.68013,-35.48087],[-71.68126,-35.48079],[-71.68602,-35.47984]]}},{"type":"Feature","properties":{"nombre":"Ruta K-392","jerarquia":5},"geometry":{"type":"LineString","coordinates":[[-71.68602,-35.47984],[-71.691,-35.47881]]}},{"type":"Feature","properties":{"nombre":"Ruta K-392","jerarquia":5},"geometry":{"type":"LineString","coordinates":[[-71.691,-35.47881],[-71.69782,-35.47794],[-71.69999,-35.47758]]}},{"type":"Feature","properties":{"nombre":"Calle 6 Oriente","jerarquia":4},"geometry":{"type":"LineString","coordinates":[[-71.66039,-35.43823],[-71.66096,-35.4391]]}},{"type":"Feature","properties":{"nombre":"Calle 6 Oriente","jerarquia":4},"geometry":{"type":"LineString","coordinates":[[-71.66026,-35.43804],[-71.66039,-35.43823]]}},{"type":"Feature","properties":{"nombre":"Calle 1 Oriente","jerarquia":4},"geometry":{"type":"LineString","coordinates":[[-71.66601,-35.43403],[-71.66603,-35.43428]]}},{"type":"Feature","properties":{"nombre":"5 Poniente","jerarquia":5},"geometry":{"type":"LineString","coordinates":[[-71.68232,-35.45428],[-71.68233,-35.45438]]}},{"type":"Feature","properties":{"nombre":"5 Poniente","jerarquia":5},"geometry":{"type":"LineString","coordinates":[[-71.68233,-35.45438],[-71.68234,-35.45462]]}},{"type":"Feature","properties":{"nombre":"5 Poniente","jerarquia":5},"geometry":{"type":"LineString","coordinates":[[-71.68234,-35.45462],[-71.68234,-35.45471]]}},{"type":"Feature","properties":{"nombre":"5 Poniente","jerarquia":5},"geometry":{"type":"LineString","coordinates":[[-71.68234,-35.45471],[-71.68235,-35.45499]]}},{"type":"Feature","properties":{"nombre":"5 Poniente","jerarquia":5},"geometry":{"type":"LineString","coordinates":[[-71.68235,-35.45499],[-71.68236,-35.45515]]}},{"type":"Feature","properties":{"nombre":"5 Poniente","jerarquia":5},"geometry":{"type":"LineString","coordinates":[[-71.68236,-35.45515],[-71.68237,-35.45538]]}},{"type":"Feature","properties":{"nombre":"5 Poniente","jerarquia":5},"geometry":{"type":"LineString","coordinates":[[-71.68237,-35.45538],[-71.68238,-35.45584]]}},{"type":"Feature","properties":{"nombre":"5 Poniente","jerarquia":5},"geometry":{"type":"LineString","coordinates":[[-71.68238,-35.45584],[-71.6824,-35.45625]]}},{"type":"Feature","properties":{"nombre":"5 Poniente","jerarquia":5},"geometry":{"type":"LineString","coordinates":[[-71.6824,-35.45625],[-71.68241,-35.45664]]}},{"type":"Feature","properties":{"nombre":"5 Poniente","jerarquia":5},"geometry":{"type":"LineString","coordinates":[[-71.68241,-35.45664],[-71.68242,-35.4567]]}},{"type":"Feature","properties":{"nombre":"5 Poniente","jerarquia":5},"geometry":{"type":"LineString","coordinates":[[-71.68242,-35.4567],[-71.68242,-35.45687]]}},{"type":"Feature","properties":{"nombre":"Avenida 5 Oriente","jerarquia":5},"geometry":{"type":"LineString","coordinates":[[-71.65361,-35.40506],[-71.65364,-35.40515]]}},{"type":"Feature","properties":{"nombre":"Avenida 5 Oriente","jerarquia":5},"geometry":{"type":"LineString","coordinates":[[-71.65364,-35.40515],[-71.65366,-35.40521]]}},{"type":"Feature","properties":{"nombre":"Avenida 5 Oriente","jerarquia":5},"geometry":{"type":"LineString","coordinates":[[-71.65366,-35.40521],[-71.65379,-35.4055]]}},{"type":"Feature","properties":{"nombre":"Avenida 5 Oriente","jerarquia":5},"geometry":{"type":"LineString","coordinates":[[-71.65379,-35.4055],[-71.6545,-35.40649]]}},{"type":"Feature","properties":{"nombre":"Avenida 5 Oriente","jerarquia":5},"geometry":{"type":"LineString","coordinates":[[-71.6545,-35.40649],[-71.65573,-35.40818]]}},{"type":"Feature","properties":{"nombre":"Avenida 5 Oriente","jerarquia":5},"geometry":{"type":"LineString","coordinates":[[-71.65573,-35.40818],[-71.65718,-35.41015]]}},{"type":"Feature","properties":{"nombre":"Avenida 5 Oriente","jerarquia":5},"geometry":{"type":"LineString","coordinates":[[-71.65718,-35.41015],[-71.65811,-35.41141]]}},{"type":"Feature","properties":{"nombre":"Avenida 5 Oriente","jerarquia":5},"geometry":{"type":"LineString","coordinates":[[-71.65811,-35.41141],[-71.65816,-35.41149]]}},{"type":"Feature","properties":{"nombre":"Calle 5 Oriente","jerarquia":5},"geometry":{"type":"LineString","coordinates":[[-71.65151,-35.39694],[-71.65144,-35.39663]]}},{"type":"Feature","properties":{"nombre":"Calle 5 Oriente","jerarquia":5},"geometry":{"type":"LineString","coordinates":[[-71.65144,-35.39663],[-71.65133,-35.39615]]}},{"type":"Feature","properties":{"nombre":"Calle 5 Oriente","jerarquia":5},"geometry":{"type":"LineString","coordinates":[[-71.65133,-35.39615],[-71.65106,-35.39498]]}},{"type":"Feature","properties":{"nombre":"Calle 5 Oriente","jerarquia":5},"geometry":{"type":"LineString","coordinates":[[-71.65106,-35.39498],[-71.65101,-35.39476]]}},{"type":"Feature","properties":{"nombre":"Avenida 5 Oriente","jerarquia":5},"geometry":{"type":"LineString","coordinates":[[-71.65271,-35.40213],[-71.65261,-35.40177]]}},{"type":"Feature","properties":{"nombre":"Avenida 5 Oriente","jerarquia":5},"geometry":{"type":"LineString","coordinates":[[-71.65261,-35.40177],[-71.65251,-35.40144]]}},{"type":"Feature","properties":{"nombre":"Avenida 5 Oriente","jerarquia":5},"geometry":{"type":"LineString","coordinates":[[-71.65251,-35.40144],[-71.65238,-35.40102]]}},{"type":"Feature","properties":{"nombre":"Avenida 5 Oriente","jerarquia":5},"geometry":{"type":"LineString","coordinates":[[-71.65238,-35.40102],[-71.65225,-35.40057]]}},{"type":"Feature","properties":{"nombre":"Calle 5 Oriente","jerarquia":5},"geometry":{"type":"LineString","coordinates":[[-71.65906,-35.41134],[-71.6589,-35.41156]]}},{"type":"Feature","properties":{"nombre":"Calle 5 Oriente","jerarquia":5},"geometry":{"type":"LineString","coordinates":[[-71.6589,-35.41156],[-71.65854,-35.41206]]}},{"type":"Feature","properties":{"nombre":"14 Norte","jerarquia":5},"geometry":{"type":"LineString","coordinates":[[-71.66303,-35.40423],[-71.66281,-35.40438]]}},{"type":"Feature","properties":{"nombre":"14 Norte","jerarquia":5},"geometry":{"type":"LineString","coordinates":[[-71.66281,-35.40438],[-71.66231,-35.40453]]}},{"type":"Feature","properties":{"nombre":"14 Norte","jerarquia":5},"geometry":{"type":"LineString","coordinates":[[-71.66231,-35.40453],[-71.66206,-35.4046]]}},{"type":"Feature","properties":{"nombre":"14 Norte","jerarquia":5},"geometry":{"type":"LineString","coordinates":[[-71.66206,-35.4046],[-71.66181,-35.40467]]}},{"type":"Feature","properties":{"nombre":"14 Norte","jerarquia":5},"geometry":{"type":"LineString","coordinates":[[-71.66181,-35.40467],[-71.66133,-35.4048]]}},{"type":"Feature","properties":{"nombre":"14 Norte","jerarquia":5},"geometry":{"type":"LineString","coordinates":[[-71.66133,-35.4048],[-71.66082,-35.40497]]}},{"type":"Feature","properties":{"nombre":"14 Norte","jerarquia":5},"geometry":{"type":"LineString","coordinates":[[-71.66082,-35.40497],[-71.66032,-35.40518]]}},{"type":"Feature","properties":{"nombre":"14 Norte","jerarquia":5},"geometry":{"type":"LineString","coordinates":[[-71.66032,-35.40518],[-71.65926,-35.40568]]}},{"type":"Feature","properties":{"nombre":"Avenida 12 Norte","jerarquia":4},"geometry":{"type":"LineString","coordinates":[[-71.66288,-35.41019],[-71.66329,-35.41007]]}},{"type":"Feature","properties":{"nombre":"Avenida 12 Norte","jerarquia":4},"geometry":{"type":"LineString","coordinates":[[-71.66329,-35.41007],[-71.66384,-35.40992]]}},{"type":"Feature","properties":{"nombre":"Avenida 12 Norte","jerarquia":4},"geometry":{"type":"LineString","coordinates":[[-71.66384,-35.40992],[-71.66552,-35.40941]]}},{"type":"Feature","properties":{"nombre":"Avenida 12 Norte","jerarquia":4},"geometry":{"type":"LineString","coordinates":[[-71.66552,-35.40941],[-71.66642,-35.40915]]}},{"type":"Feature","properties":{"nombre":"Avenida 12 Norte","jerarquia":4},"geometry":{"type":"LineString","coordinates":[[-71.66642,-35.40915],[-71.66617,-35.40935],[-71.66558,-35.40954]]}},{"type":"Feature","properties":{"nombre":"Avenida 12 Norte","jerarquia":4},"geometry":{"type":"LineString","coordinates":[[-71.66558,-35.40954],[-71.66532,-35.40962]]}},{"type":"Feature","properties":{"nombre":"Avenida 12 Norte","jerarquia":4},"geometry":{"type":"LineString","coordinates":[[-71.66532,-35.40962],[-71.66479,-35.40977]]}},{"type":"Feature","properties":{"nombre":"Avenida 12 Norte","jerarquia":4},"geometry":{"type":"LineString","coordinates":[[-71.66479,-35.40977],[-71.66458,-35.40983]]}},{"type":"Feature","properties":{"nombre":"Avenida 12 Norte","jerarquia":4},"geometry":{"type":"LineString","coordinates":[[-71.66458,-35.40983],[-71.66389,-35.41003]]}},{"type":"Feature","properties":{"nombre":"Avenida 12 Norte","jerarquia":4},"geometry":{"type":"LineString","coordinates":[[-71.66389,-35.41003],[-71.66335,-35.41019]]}},{"type":"Feature","properties":{"nombre":"Avenida 12 Norte","jerarquia":4},"geometry":{"type":"LineString","coordinates":[[-71.66335,-35.41019],[-71.66293,-35.4103]]}},{"type":"Feature","properties":{"nombre":"21 Poniente","jerarquia":5},"geometry":{"type":"LineString","coordinates":[[-71.69537,-35.4388],[-71.6963,-35.43986]]}},{"type":"Feature","properties":{"nombre":"21 Poniente","jerarquia":5},"geometry":{"type":"LineString","coordinates":[[-71.6963,-35.43986],[-71.69634,-35.4399]]}},{"type":"Feature","properties":{"nombre":"21 Poniente","jerarquia":5},"geometry":{"type":"LineString","coordinates":[[-71.69634,-35.4399],[-71.69716,-35.44083]]}},{"type":"Feature","properties":{"nombre":"Calle 5","jerarquia":5},"geometry":{"type":"LineString","coordinates":[[-71.69853,-35.45314],[-71.6981,-35.45346]]}},{"type":"Feature","properties":{"nombre":"Calle 5","jerarquia":5},"geometry":{"type":"LineString","coordinates":[[-71.6981,-35.45346],[-71.69685,-35.45439]]}},{"type":"Feature","properties":{"nombre":"Calle 5","jerarquia":5},"geometry":{"type":"LineString","coordinates":[[-71.69685,-35.45439],[-71.69676,-35.45445]]}},{"type":"Feature","properties":{"nombre":"Calle 5","jerarquia":5},"geometry":{"type":"LineString","coordinates":[[-71.69676,-35.45445],[-71.69601,-35.45501]]}},{"type":"Feature","properties":{"nombre":"Calle 5","jerarquia":5},"geometry":{"type":"LineString","coordinates":[[-71.69601,-35.45501],[-71.69589,-35.45509]]}},{"type":"Feature","properties":{"nombre":"Calle 5","jerarquia":5},"geometry":{"type":"LineString","coordinates":[[-71.69589,-35.45509],[-71.69587,-35.45511]]}},{"type":"Feature","properties":{"nombre":"21 Poniente","jerarquia":5},"geometry":{"type":"LineString","coordinates":[[-71.69537,-35.4388],[-71.69476,-35.43809]]}},{"type":"Feature","properties":{"nombre":"21 Poniente","jerarquia":5},"geometry":{"type":"LineString","coordinates":[[-71.69476,-35.43809],[-71.69443,-35.43774],[-71.69437,-35.43759]]}},{"type":"Feature","properties":{"nombre":"22 Sur","jerarquia":5},"geometry":{"type":"LineString","coordinates":[[-71.69365,-35.43625],[-71.69335,-35.43636]]}},{"type":"Feature","properties":{"nombre":"22 Sur","jerarquia":5},"geometry":{"type":"LineString","coordinates":[[-71.69335,-35.43636],[-71.69319,-35.43642]]}},{"type":"Feature","properties":{"nombre":"22 Sur","jerarquia":5},"geometry":{"type":"LineString","coordinates":[[-71.69319,-35.43642],[-71.69291,-35.43652]]}},{"type":"Feature","properties":{"nombre":"22 Sur","jerarquia":5},"geometry":{"type":"LineString","coordinates":[[-71.69291,-35.43652],[-71.69274,-35.43658]]}},{"type":"Feature","properties":{"nombre":"22 Sur","jerarquia":5},"geometry":{"type":"LineString","coordinates":[[-71.69274,-35.43658],[-71.69235,-35.43673]]}},{"type":"Feature","properties":{"nombre":"22 Sur","jerarquia":5},"geometry":{"type":"LineString","coordinates":[[-71.69235,-35.43673],[-71.69228,-35.43675]]}},{"type":"Feature","properties":{"nombre":"22 Sur","jerarquia":5},"geometry":{"type":"LineString","coordinates":[[-71.69228,-35.43675],[-71.69184,-35.43693]]}},{"type":"Feature","properties":{"nombre":"22 Sur","jerarquia":5},"geometry":{"type":"LineString","coordinates":[[-71.69184,-35.43693],[-71.6914,-35.43713]]}},{"type":"Feature","properties":{"nombre":"22 Sur","jerarquia":5},"geometry":{"type":"LineString","coordinates":[[-71.6914,-35.43713],[-71.69074,-35.43749]]}},{"type":"Feature","properties":{"nombre":"17 Poniente","jerarquia":5},"geometry":{"type":"LineString","coordinates":[[-71.69074,-35.43749],[-71.69061,-35.43736]]}},{"type":"Feature","properties":{"nombre":"17 Poniente","jerarquia":5},"geometry":{"type":"LineString","coordinates":[[-71.69061,-35.43736],[-71.69023,-35.43699]]}},{"type":"Feature","properties":{"nombre":"Calle 18 Sur","jerarquia":4},"geometry":{"type":"LineString","coordinates":[[-71.66904,-35.4457],[-71.66887,-35.44583]]}},{"type":"Feature","properties":{"nombre":"Calle 18 Sur","jerarquia":4},"geometry":{"type":"LineString","coordinates":[[-71.66887,-35.44583],[-71.6687,-35.44587]]}},{"type":"Feature","properties":{"nombre":"9 Oriente","jerarquia":5},"geometry":{"type":"LineString","coordinates":[[-71.66022,-35.45139],[-71.66028,-35.45122]]}},{"type":"Feature","properties":{"nombre":"Avenida Circunvalación 30 Oriente","jerarquia":4},"geometry":{"type":"LineString","coordinates":[[-71.62966,-35.43446],[-71.62989,-35.43509]]}},{"type":"Feature","properties":{"nombre":"Avenida 8 Sur","jerarquia":4},"geometry":{"type":"LineString","coordinates":[[-71.63896,-35.43838],[-71.63862,-35.43846]]}},{"type":"Feature","properties":{"nombre":"Avenida 8 Sur","jerarquia":4},"geometry":{"type":"LineString","coordinates":[[-71.63862,-35.43846],[-71.63727,-35.4388]]}},{"type":"Feature","properties":{"nombre":"Avenida 8 Sur","jerarquia":4},"geometry":{"type":"LineString","coordinates":[[-71.63727,-35.4388],[-71.6364,-35.43906]]}},{"type":"Feature","properties":{"nombre":"Avenida 8 Sur","jerarquia":5},"geometry":{"type":"LineString","coordinates":[[-71.62228,-35.44609],[-71.62395,-35.44525]]}},{"type":"Feature","properties":{"nombre":"Avenida 8 Sur","jerarquia":5},"geometry":{"type":"LineString","coordinates":[[-71.62395,-35.44525],[-71.62589,-35.44427]]}},{"type":"Feature","properties":{"nombre":"Avenida 8 Sur","jerarquia":5},"geometry":{"type":"LineString","coordinates":[[-71.62589,-35.44427],[-71.627,-35.44372]]}},{"type":"Feature","properties":{"nombre":"Avenida 8 Sur","jerarquia":5},"geometry":{"type":"LineString","coordinates":[[-71.627,-35.44372],[-71.62883,-35.44279]]}},{"type":"Feature","properties":{"nombre":"Avenida 8 Sur","jerarquia":5},"geometry":{"type":"LineString","coordinates":[[-71.62883,-35.44279],[-71.62899,-35.44272]]}},{"type":"Feature","properties":{"nombre":"Avenida 8 Sur","jerarquia":5},"geometry":{"type":"LineString","coordinates":[[-71.62899,-35.44272],[-71.62964,-35.44239]]}},{"type":"Feature","properties":{"nombre":"Avenida 8 Sur","jerarquia":5},"geometry":{"type":"LineString","coordinates":[[-71.62964,-35.44239],[-71.63011,-35.44215]]}},{"type":"Feature","properties":{"nombre":"Avenida 8 Sur","jerarquia":5},"geometry":{"type":"LineString","coordinates":[[-71.63011,-35.44215],[-71.63057,-35.44192]]}},{"type":"Feature","properties":{"nombre":"Avenida 8 Sur","jerarquia":5},"geometry":{"type":"LineString","coordinates":[[-71.63057,-35.44192],[-71.63093,-35.44174]]}},{"type":"Feature","properties":{"nombre":"Avenida 8 Sur","jerarquia":5},"geometry":{"type":"LineString","coordinates":[[-71.63093,-35.44174],[-71.63105,-35.44168]]}},{"type":"Feature","properties":{"nombre":"Avenida 8 Sur","jerarquia":5},"geometry":{"type":"LineString","coordinates":[[-71.63105,-35.44168],[-71.63152,-35.44144]]}},{"type":"Feature","properties":{"nombre":"Avenida 8 Sur","jerarquia":5},"geometry":{"type":"LineString","coordinates":[[-71.63152,-35.44144],[-71.63198,-35.44121]]}},{"type":"Feature","properties":{"nombre":"Avenida 8 Sur","jerarquia":5},"geometry":{"type":"LineString","coordinates":[[-71.63198,-35.44121],[-71.63286,-35.44077]]}},{"type":"Feature","properties":{"nombre":"Avenida 8 Sur","jerarquia":5},"geometry":{"type":"LineString","coordinates":[[-71.63286,-35.44077],[-71.63298,-35.44071]]}},{"type":"Feature","properties":{"nombre":"Avenida 8 Sur","jerarquia":4},"geometry":{"type":"LineString","coordinates":[[-71.63557,-35.4395],[-71.6349,-35.43984]]}},{"type":"Feature","properties":{"nombre":"Avenida 8 Sur","jerarquia":4},"geometry":{"type":"LineString","coordinates":[[-71.6349,-35.43984],[-71.63418,-35.4402]]}},{"type":"Feature","properties":{"nombre":"","jerarquia":2},"geometry":{"type":"LineString","coordinates":[[-71.6217,-35.43677],[-71.6218,-35.43685]]}},{"type":"Feature","properties":{"nombre":"","jerarquia":2},"geometry":{"type":"LineString","coordinates":[[-71.6218,-35.43685],[-71.62182,-35.43689]]}},{"type":"Feature","properties":{"nombre":"","jerarquia":2},"geometry":{"type":"LineString","coordinates":[[-71.63695,-35.43233],[-71.63675,-35.43221]]}},{"type":"Feature","properties":{"nombre":"","jerarquia":2},"geometry":{"type":"LineString","coordinates":[[-71.63675,-35.43221],[-71.63659,-35.43217]]}},{"type":"Feature","properties":{"nombre":"Avenida San Miguel","jerarquia":2},"geometry":{"type":"LineString","coordinates":[[-71.63365,-35.43312],[-71.63069,-35.43405]]}},{"type":"Feature","properties":{"nombre":"","jerarquia":2},"geometry":{"type":"LineString","coordinates":[[-71.6214,-35.43703],[-71.62132,-35.43692]]}},{"type":"Feature","properties":{"nombre":"","jerarquia":2},"geometry":{"type":"LineString","coordinates":[[-71.62132,-35.43692],[-71.62132,-35.43689]]}},{"type":"Feature","properties":{"nombre":"","jerarquia":4},"geometry":{"type":"LineString","coordinates":[[-71.62897,-35.43375],[-71.62896,-35.4336],[-71.62878,-35.43318],[-71.62882,-35.43312],[-71.62896,-35.43307]]}},{"type":"Feature","properties":{"nombre":"","jerarquia":4},"geometry":{"type":"LineString","coordinates":[[-71.62896,-35.43307],[-71.629,-35.43306]]}},{"type":"Feature","properties":{"nombre":"Avenida 8 Sur","jerarquia":3},"geometry":{"type":"LineString","coordinates":[[-71.64866,-35.43651],[-71.64719,-35.43663]]}},{"type":"Feature","properties":{"nombre":"Calle 6 Norte","jerarquia":5},"geometry":{"type":"LineString","coordinates":[[-71.6373,-35.42372],[-71.64051,-35.42286]]}},{"type":"Feature","properties":{"nombre":"Calle 6 Norte","jerarquia":5},"geometry":{"type":"LineString","coordinates":[[-71.64051,-35.42286],[-71.64106,-35.42271]]}},{"type":"Feature","properties":{"nombre":"Calle 6 Norte","jerarquia":5},"geometry":{"type":"LineString","coordinates":[[-71.64106,-35.42271],[-71.64187,-35.42249]]}},{"type":"Feature","properties":{"nombre":"Calle 6 Norte","jerarquia":5},"geometry":{"type":"LineString","coordinates":[[-71.64187,-35.42249],[-71.64276,-35.42226]]}},{"type":"Feature","properties":{"nombre":"Calle 6 Norte","jerarquia":5},"geometry":{"type":"LineString","coordinates":[[-71.64276,-35.42226],[-71.64303,-35.42218]]}},{"type":"Feature","properties":{"nombre":"Calle 6 Norte","jerarquia":5},"geometry":{"type":"LineString","coordinates":[[-71.64303,-35.42218],[-71.64327,-35.42212]]}},{"type":"Feature","properties":{"nombre":"Calle 6 Norte","jerarquia":5},"geometry":{"type":"LineString","coordinates":[[-71.64327,-35.42212],[-71.6435,-35.42206]]}},{"type":"Feature","properties":{"nombre":"Calle 6 Norte","jerarquia":5},"geometry":{"type":"LineString","coordinates":[[-71.6435,-35.42206],[-71.64419,-35.42187]]}},{"type":"Feature","properties":{"nombre":"Calle 6 Norte","jerarquia":5},"geometry":{"type":"LineString","coordinates":[[-71.64419,-35.42187],[-71.645,-35.42166]]}},{"type":"Feature","properties":{"nombre":"Avenida Isidoro del Solar","jerarquia":4},"geometry":{"type":"LineString","coordinates":[[-71.67038,-35.42198],[-71.66928,-35.42316]]}},{"type":"Feature","properties":{"nombre":"Avenida Isidoro del Solar","jerarquia":4},"geometry":{"type":"LineString","coordinates":[[-71.66928,-35.42316],[-71.66909,-35.42336]]}},{"type":"Feature","properties":{"nombre":"Avenida Isidoro del Solar","jerarquia":4},"geometry":{"type":"LineString","coordinates":[[-71.66909,-35.42336],[-71.66815,-35.42438]]}},{"type":"Feature","properties":{"nombre":"Avenida Isidoro del Solar","jerarquia":4},"geometry":{"type":"LineString","coordinates":[[-71.66815,-35.42438],[-71.66809,-35.42445]]}},{"type":"Feature","properties":{"nombre":"","jerarquia":3},"geometry":{"type":"LineString","coordinates":[[-71.67876,-35.42065],[-71.67892,-35.42091]]}},{"type":"Feature","properties":{"nombre":"","jerarquia":3},"geometry":{"type":"LineString","coordinates":[[-71.67892,-35.42091],[-71.67926,-35.4211]]}},{"type":"Feature","properties":{"nombre":"Calle 4 Norte","jerarquia":3},"geometry":{"type":"LineString","coordinates":[[-71.6802,-35.42062],[-71.68029,-35.42062]]}},{"type":"Feature","properties":{"nombre":"Ruta K-60-J","jerarquia":3},"geometry":{"type":"LineString","coordinates":[[-71.68029,-35.42062],[-71.68533,-35.42036]]}},{"type":"Feature","properties":{"nombre":"Calle 14 Oriente","jerarquia":5},"geometry":{"type":"LineString","coordinates":[[-71.64501,-35.42568],[-71.64511,-35.42552]]}},{"type":"Feature","properties":{"nombre":"Calle 14 Oriente","jerarquia":5},"geometry":{"type":"LineString","coordinates":[[-71.64511,-35.42552],[-71.64514,-35.42492]]}},{"type":"Feature","properties":{"nombre":"","jerarquia":3},"geometry":{"type":"LineString","coordinates":[[-71.68952,-35.45359],[-71.68949,-35.45345],[-71.6894,-35.45337]]}},{"type":"Feature","properties":{"nombre":"","jerarquia":3},"geometry":{"type":"LineString","coordinates":[[-71.6894,-35.45337],[-71.68932,-35.45334]]}},{"type":"Feature","properties":{"nombre":"Calle 1 Oriente","jerarquia":4},"geometry":{"type":"LineString","coordinates":[[-71.66593,-35.43318],[-71.66595,-35.4334]]}},{"type":"Feature","properties":{"nombre":"Calle 1 Oriente","jerarquia":4},"geometry":{"type":"LineString","coordinates":[[-71.66595,-35.4334],[-71.66598,-35.43379]]}},{"type":"Feature","properties":{"nombre":"Calle 1 Oriente","jerarquia":4},"geometry":{"type":"LineString","coordinates":[[-71.66598,-35.43379],[-71.66601,-35.43403]]}},{"type":"Feature","properties":{"nombre":"9½ Norte C","jerarquia":5},"geometry":{"type":"LineString","coordinates":[[-71.6171,-35.42456],[-71.61657,-35.42477]]}},{"type":"Feature","properties":{"nombre":"9½ Norte C","jerarquia":5},"geometry":{"type":"LineString","coordinates":[[-71.61657,-35.42477],[-71.61609,-35.42496]]}},{"type":"Feature","properties":{"nombre":"9½ Norte C","jerarquia":5},"geometry":{"type":"LineString","coordinates":[[-71.61609,-35.42496],[-71.6156,-35.42516]]}},{"type":"Feature","properties":{"nombre":"9½ Norte C","jerarquia":5},"geometry":{"type":"LineString","coordinates":[[-71.6156,-35.42516],[-71.61478,-35.42549]]}},{"type":"Feature","properties":{"nombre":"9½ Norte C","jerarquia":5},"geometry":{"type":"LineString","coordinates":[[-71.61478,-35.42549],[-71.61389,-35.42584]]}},{"type":"Feature","properties":{"nombre":"9½ Norte C","jerarquia":5},"geometry":{"type":"LineString","coordinates":[[-71.61389,-35.42584],[-71.61331,-35.42611],[-71.61311,-35.42629],[-71.61296,-35.42656]]}},{"type":"Feature","properties":{"nombre":"5 Poniente","jerarquia":5},"geometry":{"type":"LineString","coordinates":[[-71.68203,-35.44824],[-71.68206,-35.44863],[-71.68219,-35.44908],[-71.68222,-35.44975]]}},{"type":"Feature","properties":{"nombre":"","jerarquia":3},"geometry":{"type":"LineString","coordinates":[[-71.69006,-35.45283],[-71.6904,-35.45332]]}},{"type":"Feature","properties":{"nombre":"Camino Los Patos","jerarquia":5},"geometry":{"type":"LineString","coordinates":[[-71.68524,-35.45843],[-71.68632,-35.45801],[-71.68656,-35.45797]]}},{"type":"Feature","properties":{"nombre":"O'Higgins","jerarquia":5},"geometry":{"type":"LineString","coordinates":[[-71.69266,-35.52303],[-71.6927,-35.52287]]}},{"type":"Feature","properties":{"nombre":"O'Higgins","jerarquia":5},"geometry":{"type":"LineString","coordinates":[[-71.6927,-35.52287],[-71.69285,-35.52229]]}},{"type":"Feature","properties":{"nombre":"O'Higgins","jerarquia":5},"geometry":{"type":"LineString","coordinates":[[-71.69285,-35.52229],[-71.69286,-35.52223]]}},{"type":"Feature","properties":{"nombre":"O'Higgins","jerarquia":5},"geometry":{"type":"LineString","coordinates":[[-71.69286,-35.52223],[-71.69302,-35.52159]]}},{"type":"Feature","properties":{"nombre":"Ruta K-390","jerarquia":4},"geometry":{"type":"LineString","coordinates":[[-71.68988,-35.45325],[-71.68972,-35.45326]]}},{"type":"Feature","properties":{"nombre":"Avenida 14 Poniente","jerarquia":5},"geometry":{"type":"LineString","coordinates":[[-71.69705,-35.4517],[-71.69676,-35.45143]]}},{"type":"Feature","properties":{"nombre":"Avenida 14 Poniente","jerarquia":5},"geometry":{"type":"LineString","coordinates":[[-71.69676,-35.45143],[-71.69649,-35.45117]]}},{"type":"Feature","properties":{"nombre":"Avenida 14 Poniente","jerarquia":5},"geometry":{"type":"LineString","coordinates":[[-71.69649,-35.45117],[-71.69619,-35.45087]]}},{"type":"Feature","properties":{"nombre":"15 Sur","jerarquia":4},"geometry":{"type":"LineString","coordinates":[[-71.64722,-35.44933],[-71.64922,-35.44886],[-71.6494,-35.44872]]}},{"type":"Feature","properties":{"nombre":"Calle 11 Oriente","jerarquia":4},"geometry":{"type":"LineString","coordinates":[[-71.64799,-35.41271],[-71.64772,-35.41241]]}},{"type":"Feature","properties":{"nombre":"Calle 11 Oriente","jerarquia":4},"geometry":{"type":"LineString","coordinates":[[-71.64772,-35.41241],[-71.64754,-35.41221]]}},{"type":"Feature","properties":{"nombre":"Calle 11 Oriente","jerarquia":4},"geometry":{"type":"LineString","coordinates":[[-71.64754,-35.41221],[-71.64746,-35.41212]]}},{"type":"Feature","properties":{"nombre":"Calle 11 Oriente","jerarquia":4},"geometry":{"type":"LineString","coordinates":[[-71.64746,-35.41212],[-71.64722,-35.41184]]}},{"type":"Feature","properties":{"nombre":"Calle 11 Oriente","jerarquia":4},"geometry":{"type":"LineString","coordinates":[[-71.64722,-35.41184],[-71.64712,-35.41172]]}},{"type":"Feature","properties":{"nombre":"Calle 11 Oriente","jerarquia":4},"geometry":{"type":"LineString","coordinates":[[-71.64712,-35.41172],[-71.64696,-35.41155]]}},{"type":"Feature","properties":{"nombre":"Calle 11 Oriente","jerarquia":4},"geometry":{"type":"LineString","coordinates":[[-71.64696,-35.41155],[-71.64669,-35.41132]]}},{"type":"Feature","properties":{"nombre":"Calle 11 Oriente","jerarquia":4},"geometry":{"type":"LineString","coordinates":[[-71.64669,-35.41132],[-71.6464,-35.41107]]}},{"type":"Feature","properties":{"nombre":"Calle 11 Oriente","jerarquia":4},"geometry":{"type":"LineString","coordinates":[[-71.6464,-35.41107],[-71.64611,-35.41082]]}},{"type":"Feature","properties":{"nombre":"Calle 11 Oriente","jerarquia":4},"geometry":{"type":"LineString","coordinates":[[-71.64611,-35.41082],[-71.64579,-35.41054]]}},{"type":"Feature","properties":{"nombre":"Calle 6 Oriente","jerarquia":4},"geometry":{"type":"LineString","coordinates":[[-71.65843,-35.42773],[-71.65835,-35.42673]]}},{"type":"Feature","properties":{"nombre":"Calle 6 Oriente","jerarquia":4},"geometry":{"type":"LineString","coordinates":[[-71.65835,-35.42673],[-71.65835,-35.42663]]}},{"type":"Feature","properties":{"nombre":"Calle 8 Oriente","jerarquia":5},"geometry":{"type":"LineString","coordinates":[[-71.65539,-35.42295],[-71.65532,-35.42248]]}},{"type":"Feature","properties":{"nombre":"Calle 8 Oriente","jerarquia":5},"geometry":{"type":"LineString","coordinates":[[-71.65532,-35.42248],[-71.6553,-35.42241]]}},{"type":"Feature","properties":{"nombre":"Calle 6 Oriente","jerarquia":5},"geometry":{"type":"LineString","coordinates":[[-71.65755,-35.41578],[-71.65746,-35.41466]]}},{"type":"Feature","properties":{"nombre":"Calle 6 Oriente","jerarquia":5},"geometry":{"type":"LineString","coordinates":[[-71.65746,-35.41466],[-71.65738,-35.41339]]}},{"type":"Feature","properties":{"nombre":"Calle 6 Oriente","jerarquia":5},"geometry":{"type":"LineString","coordinates":[[-71.65738,-35.41339],[-71.6573,-35.41305],[-71.65664,-35.41209]]}},{"type":"Feature","properties":{"nombre":"Calle 6 Oriente","jerarquia":5},"geometry":{"type":"LineString","coordinates":[[-71.65664,-35.41209],[-71.65661,-35.41201]]}},{"type":"Feature","properties":{"nombre":"","jerarquia":2},"geometry":{"type":"LineString","coordinates":[[-71.63597,-35.42871],[-71.63615,-35.42884],[-71.63636,-35.42887]]}},{"type":"Feature","properties":{"nombre":"","jerarquia":1},"geometry":{"type":"LineString","coordinates":[[-71.63486,-35.42639],[-71.63513,-35.42681]]}},{"type":"Feature","properties":{"nombre":"","jerarquia":1},"geometry":{"type":"LineString","coordinates":[[-71.63539,-35.42914],[-71.63555,-35.42882]]}},{"type":"Feature","properties":{"nombre":"","jerarquia":2},"geometry":{"type":"LineString","coordinates":[[-71.63576,-35.42933],[-71.63544,-35.42921]]}},{"type":"Feature","properties":{"nombre":"","jerarquia":1},"geometry":{"type":"LineString","coordinates":[[-71.62757,-35.40791],[-71.62811,-35.40846]]}},{"type":"Feature","properties":{"nombre":"5 Poniente","jerarquia":5},"geometry":{"type":"LineString","coordinates":[[-71.6823,-35.45081],[-71.6823,-35.45063]]}},{"type":"Feature","properties":{"nombre":"","jerarquia":1},"geometry":{"type":"LineString","coordinates":[[-71.63485,-35.427],[-71.63466,-35.42614]]}},{"type":"Feature","properties":{"nombre":"Calle 25 Oriente","jerarquia":5},"geometry":{"type":"LineString","coordinates":[[-71.61693,-35.40676],[-71.61703,-35.40692]]}},{"type":"Feature","properties":{"nombre":"Calle 25 Oriente","jerarquia":5},"geometry":{"type":"LineString","coordinates":[[-71.61703,-35.40692],[-71.61711,-35.40704]]}},{"type":"Feature","properties":{"nombre":"Calle 25 Oriente","jerarquia":5},"geometry":{"type":"LineString","coordinates":[[-71.61711,-35.40704],[-71.6173,-35.40733]]}},{"type":"Feature","properties":{"nombre":"Calle 25 Oriente","jerarquia":5},"geometry":{"type":"LineString","coordinates":[[-71.6173,-35.40733],[-71.61754,-35.40769]]}},{"type":"Feature","properties":{"nombre":"Calle 25 Oriente","jerarquia":5},"geometry":{"type":"LineString","coordinates":[[-71.61754,-35.40769],[-71.61772,-35.40797]]}},{"type":"Feature","properties":{"nombre":"Calle 25 Oriente","jerarquia":5},"geometry":{"type":"LineString","coordinates":[[-71.61772,-35.40797],[-71.61781,-35.40811]]}},{"type":"Feature","properties":{"nombre":"Calle 25 Oriente","jerarquia":5},"geometry":{"type":"LineString","coordinates":[[-71.61781,-35.40811],[-71.61791,-35.40825]]}},{"type":"Feature","properties":{"nombre":"Calle 25 Oriente","jerarquia":5},"geometry":{"type":"LineString","coordinates":[[-71.61791,-35.40825],[-71.61811,-35.40855]]}},{"type":"Feature","properties":{"nombre":"Calle 25 Oriente","jerarquia":5},"geometry":{"type":"LineString","coordinates":[[-71.61811,-35.40855],[-71.61829,-35.40883]]}},{"type":"Feature","properties":{"nombre":"Calle 25 Oriente","jerarquia":5},"geometry":{"type":"LineString","coordinates":[[-71.61829,-35.40883],[-71.61846,-35.40909]]}},{"type":"Feature","properties":{"nombre":"Calle 25 Oriente","jerarquia":5},"geometry":{"type":"LineString","coordinates":[[-71.61846,-35.40909],[-71.61864,-35.40935]]}},{"type":"Feature","properties":{"nombre":"Calle 25 Oriente","jerarquia":5},"geometry":{"type":"LineString","coordinates":[[-71.61864,-35.40935],[-71.6188,-35.40961]]}},{"type":"Feature","properties":{"nombre":"Calle 25 Oriente","jerarquia":5},"geometry":{"type":"LineString","coordinates":[[-71.6188,-35.40961],[-71.61899,-35.40989]]}},{"type":"Feature","properties":{"nombre":"Calle 25 Oriente","jerarquia":5},"geometry":{"type":"LineString","coordinates":[[-71.61899,-35.40989],[-71.61956,-35.41064]]}},{"type":"Feature","properties":{"nombre":"Ruta K-353","jerarquia":5},"geometry":{"type":"LineString","coordinates":[[-71.60906,-35.48179],[-71.60904,-35.48204]]}},{"type":"Feature","properties":{"nombre":"Ruta K-380","jerarquia":5},"geometry":{"type":"LineString","coordinates":[[-71.75913,-35.53593],[-71.75961,-35.53586],[-71.76004,-35.53566],[-71.76296,-35.53216],[-71.76371,-35.53159],[-71.7641,-35.53062],[-71.76421,-35.53045],[-71.76627,-35.52874]]}},{"type":"Feature","properties":{"nombre":"Ruta K-380","jerarquia":5},"geometry":{"type":"LineString","coordinates":[[-71.76627,-35.52874],[-71.76725,-35.52797]]}},{"type":"Feature","properties":{"nombre":"Ruta K-380","jerarquia":5},"geometry":{"type":"LineString","coordinates":[[-71.76725,-35.52797],[-71.76843,-35.52701]]}},{"type":"Feature","properties":{"nombre":"Ruta K-380","jerarquia":5},"geometry":{"type":"LineString","coordinates":[[-71.76843,-35.52701],[-71.76924,-35.52636],[-71.76941,-35.52629],[-71.77006,-35.5262],[-71.77033,-35.52608]]}},{"type":"Feature","properties":{"nombre":"Ruta K-380","jerarquia":5},"geometry":{"type":"LineString","coordinates":[[-71.77033,-35.52608],[-71.77079,-35.52577],[-71.77133,-35.52512],[-71.77221,-35.52452],[-71.7733,-35.5236],[-71.77396,-35.52316],[-71.77473,-35.52247],[-71.77509,-35.52222],[-71.77539,-35.52186],[-71.77538,-35.52149]]}},{"type":"Feature","properties":{"nombre":"Ruta 5 Sur","jerarquia":1},"geometry":{"type":"LineString","coordinates":[[-71.64227,-35.44529],[-71.64206,-35.44476]]}},{"type":"Feature","properties":{"nombre":"26 Sur B","jerarquia":5},"geometry":{"type":"LineString","coordinates":[[-71.69178,-35.4406],[-71.69202,-35.44024]]}},{"type":"Feature","properties":{"nombre":"26 Sur B","jerarquia":5},"geometry":{"type":"LineString","coordinates":[[-71.69202,-35.44024],[-71.69221,-35.43987]]}},{"type":"Feature","properties":{"nombre":"26 Sur B","jerarquia":5},"geometry":{"type":"LineString","coordinates":[[-71.69221,-35.43987],[-71.6924,-35.43946]]}},{"type":"Feature","properties":{"nombre":"26 Sur B","jerarquia":5},"geometry":{"type":"LineString","coordinates":[[-71.6924,-35.43946],[-71.69256,-35.43906]]}},{"type":"Feature","properties":{"nombre":"26 Sur B","jerarquia":5},"geometry":{"type":"LineString","coordinates":[[-71.69256,-35.43906],[-71.69257,-35.439]]}},{"type":"Feature","properties":{"nombre":"26 Sur B","jerarquia":5},"geometry":{"type":"LineString","coordinates":[[-71.69257,-35.439],[-71.69267,-35.43852],[-71.6932,-35.43822]]}},{"type":"Feature","properties":{"nombre":"26 Sur B","jerarquia":5},"geometry":{"type":"LineString","coordinates":[[-71.6932,-35.43822],[-71.69357,-35.43809]]}},{"type":"Feature","properties":{"nombre":"26 Sur B","jerarquia":5},"geometry":{"type":"LineString","coordinates":[[-71.69357,-35.43809],[-71.69392,-35.43803]]}},{"type":"Feature","properties":{"nombre":"26 Sur B","jerarquia":5},"geometry":{"type":"LineString","coordinates":[[-71.69392,-35.43803],[-71.69432,-35.43806]]}},{"type":"Feature","properties":{"nombre":"26 Sur B","jerarquia":5},"geometry":{"type":"LineString","coordinates":[[-71.69432,-35.43806],[-71.69476,-35.43809]]}},{"type":"Feature","properties":{"nombre":"Calle 1 Norte","jerarquia":4},"geometry":{"type":"LineString","coordinates":[[-71.65021,-35.42733],[-71.64914,-35.42742]]}},{"type":"Feature","properties":{"nombre":"Rodrigo Mendoza","jerarquia":3},"geometry":{"type":"LineString","coordinates":[[-71.68656,-35.45797],[-71.68698,-35.45728]]}},{"type":"Feature","properties":{"nombre":"Ruta 120","jerarquia":3},"geometry":{"type":"LineString","coordinates":[[-71.66511,-35.48237],[-71.66535,-35.48215]]}},{"type":"Feature","properties":{"nombre":"Ruta 120","jerarquia":3},"geometry":{"type":"LineString","coordinates":[[-71.673,-35.47534],[-71.67346,-35.47498]]}},{"type":"Feature","properties":{"nombre":"Ruta 120","jerarquia":3},"geometry":{"type":"LineString","coordinates":[[-71.66829,-35.47933],[-71.66975,-35.47798],[-71.673,-35.47534]]}},{"type":"Feature","properties":{"nombre":"Ruta 5 Sur","jerarquia":1},"geometry":{"type":"LineString","coordinates":[[-71.62608,-35.40456],[-71.62555,-35.40341],[-71.6252,-35.40291],[-71.62477,-35.40248],[-71.62422,-35.40208],[-71.62127,-35.40024],[-71.62047,-35.39964],[-71.61979,-35.39903]]}},{"type":"Feature","properties":{"nombre":"Ruta 5 Sur","jerarquia":1},"geometry":{"type":"LineString","coordinates":[[-71.61742,-35.3968],[-71.61624,-35.39569]]}},{"type":"Feature","properties":{"nombre":"Ruta 5 Sur","jerarquia":1},"geometry":{"type":"LineString","coordinates":[[-71.62627,-35.40504],[-71.62608,-35.40456]]}},{"type":"Feature","properties":{"nombre":"Ruta 5 Sur","jerarquia":1},"geometry":{"type":"LineString","coordinates":[[-71.62629,-35.40469],[-71.62652,-35.40528]]}},{"type":"Feature","properties":{"nombre":"Ruta 5 Sur","jerarquia":1},"geometry":{"type":"LineString","coordinates":[[-71.61856,-35.39786],[-71.61742,-35.3968]]}},{"type":"Feature","properties":{"nombre":"Ruta 5 Sur","jerarquia":1},"geometry":{"type":"LineString","coordinates":[[-71.61754,-35.39673],[-71.61869,-35.39778]]}},{"type":"Feature","properties":{"nombre":"Ruta 5 Sur","jerarquia":1},"geometry":{"type":"LineString","coordinates":[[-71.61869,-35.39778],[-71.61927,-35.39834]]}},{"type":"Feature","properties":{"nombre":"","jerarquia":5},"geometry":{"type":"LineString","coordinates":[[-71.62013,-35.39954],[-71.61994,-35.39935],[-71.6195,-35.39904]]}},{"type":"Feature","properties":{"nombre":"Calle 10 Norte","jerarquia":4},"geometry":{"type":"LineString","coordinates":[[-71.65334,-35.41375],[-71.65285,-35.41392]]}},{"type":"Feature","properties":{"nombre":"Calle 10 Norte","jerarquia":4},"geometry":{"type":"LineString","coordinates":[[-71.64926,-35.41548],[-71.64919,-35.41552]]}},{"type":"Feature","properties":{"nombre":"Calle 5 Sur","jerarquia":5},"geometry":{"type":"LineString","coordinates":[[-71.64468,-35.43391],[-71.64363,-35.43399]]}},{"type":"Feature","properties":{"nombre":"Calle 5 Sur","jerarquia":5},"geometry":{"type":"LineString","coordinates":[[-71.64363,-35.43399],[-71.64352,-35.434]]}},{"type":"Feature","properties":{"nombre":"Calle 5 Sur","jerarquia":5},"geometry":{"type":"LineString","coordinates":[[-71.64352,-35.434],[-71.64236,-35.4341]]}},{"type":"Feature","properties":{"nombre":"Ruta K-370","jerarquia":5},"geometry":{"type":"LineString","coordinates":[[-71.73038,-35.46412],[-71.73048,-35.46426]]}},{"type":"Feature","properties":{"nombre":"Ruta K-370","jerarquia":5},"geometry":{"type":"LineString","coordinates":[[-71.73048,-35.46426],[-71.7312,-35.46518]]}},{"type":"Feature","properties":{"nombre":"Ruta K-370","jerarquia":5},"geometry":{"type":"LineString","coordinates":[[-71.7312,-35.46518],[-71.73196,-35.46597]]}},{"type":"Feature","properties":{"nombre":"Ruta K-370","jerarquia":5},"geometry":{"type":"LineString","coordinates":[[-71.73196,-35.46597],[-71.7323,-35.46623]]}},{"type":"Feature","properties":{"nombre":"Ruta K-370","jerarquia":5},"geometry":{"type":"LineString","coordinates":[[-71.7323,-35.46623],[-71.7346,-35.46749],[-71.73608,-35.46838],[-71.73722,-35.46879],[-71.73746,-35.46898],[-71.73799,-35.46958]]}},{"type":"Feature","properties":{"nombre":"Ruta K-370","jerarquia":5},"geometry":{"type":"LineString","coordinates":[[-71.73799,-35.46958],[-71.73845,-35.46985],[-71.73878,-35.46992],[-71.73914,-35.46992],[-71.73952,-35.46988],[-71.74123,-35.4695],[-71.74362,-35.46924]]}},{"type":"Feature","properties":{"nombre":"Ruta K-370","jerarquia":5},"geometry":{"type":"LineString","coordinates":[[-71.74362,-35.46924],[-71.74384,-35.4694],[-71.74457,-35.47047]]}},{"type":"Feature","properties":{"nombre":"Ruta K-370","jerarquia":5},"geometry":{"type":"LineString","coordinates":[[-71.74457,-35.47047],[-71.74485,-35.47072],[-71.74529,-35.47089],[-71.74583,-35.47098],[-71.74647,-35.47098]]}},{"type":"Feature","properties":{"nombre":"","jerarquia":1},"geometry":{"type":"LineString","coordinates":[[-71.58955,-35.36912],[-71.58982,-35.36922],[-71.5901,-35.36912],[-71.5902,-35.36894],[-71.59012,-35.3686]]}},{"type":"Feature","properties":{"nombre":"","jerarquia":1},"geometry":{"type":"LineString","coordinates":[[-71.59295,-35.37179],[-71.5931,-35.37172],[-71.59319,-35.3716],[-71.59321,-35.37147],[-71.59316,-35.37135]]}},{"type":"Feature","properties":{"nombre":"","jerarquia":1},"geometry":{"type":"LineString","coordinates":[[-71.59048,-35.36804],[-71.59078,-35.36794],[-71.59108,-35.36805],[-71.59121,-35.36824],[-71.59121,-35.36835],[-71.59115,-35.3685]]}},{"type":"Feature","properties":{"nombre":"","jerarquia":1},"geometry":{"type":"LineString","coordinates":[[-71.59018,-35.36938],[-71.59002,-35.36943],[-71.58983,-35.36937]]}},{"type":"Feature","properties":{"nombre":"Calle de Servicio Ruta 5","jerarquia":5},"geometry":{"type":"LineString","coordinates":[[-71.59295,-35.37179],[-71.59306,-35.37196],[-71.5932,-35.37249],[-71.59331,-35.37267],[-71.59551,-35.37492],[-71.59566,-35.37498],[-71.59577,-35.37497],[-71.59638,-35.37461],[-71.59651,-35.37461],[-71.59661,-35.37467],[-71.60472,-35.38362]]}},{"type":"Feature","properties":{"nombre":"Caletera Ruta 5 Sur","jerarquia":5},"geometry":{"type":"LineString","coordinates":[[-71.58909,-35.36869],[-71.58905,-35.36853],[-71.5892,-35.36822],[-71.5892,-35.36802],[-71.58847,-35.36729],[-71.58833,-35.367]]}},{"type":"Feature","properties":{"nombre":"","jerarquia":1},"geometry":{"type":"LineString","coordinates":[[-71.57832,-35.3567],[-71.57837,-35.35644],[-71.57828,-35.35613]]}},{"type":"Feature","properties":{"nombre":"","jerarquia":1},"geometry":{"type":"LineString","coordinates":[[-71.59115,-35.3685],[-71.59098,-35.36869],[-71.59092,-35.3689],[-71.59094,-35.36909],[-71.59104,-35.36928]]}},{"type":"Feature","properties":{"nombre":"Calle 5 Oriente","jerarquia":5},"geometry":{"type":"LineString","coordinates":[[-71.66,-35.4298],[-71.6601,-35.43112]]}},{"type":"Feature","properties":{"nombre":"Calle 5 Oriente","jerarquia":5},"geometry":{"type":"LineString","coordinates":[[-71.6601,-35.43112],[-71.66017,-35.43218]]}},{"type":"Feature","properties":{"nombre":"Calle 5 Oriente","jerarquia":5},"geometry":{"type":"LineString","coordinates":[[-71.66017,-35.43218],[-71.6602,-35.4327]]}},{"type":"Feature","properties":{"nombre":"Calle 5 Oriente","jerarquia":5},"geometry":{"type":"LineString","coordinates":[[-71.6602,-35.4327],[-71.66028,-35.43351]]}},{"type":"Feature","properties":{"nombre":"Avenida 12 Norte","jerarquia":4},"geometry":{"type":"LineString","coordinates":[[-71.65399,-35.41273],[-71.65314,-35.41299]]}},{"type":"Feature","properties":{"nombre":"Calle 5 Oriente","jerarquia":5},"geometry":{"type":"LineString","coordinates":[[-71.65849,-35.41198],[-71.65854,-35.41206]]}},{"type":"Feature","properties":{"nombre":"Calle 5 Oriente","jerarquia":5},"geometry":{"type":"LineString","coordinates":[[-71.65854,-35.41206],[-71.65862,-35.41236]]}},{"type":"Feature","properties":{"nombre":"Calle 5 Oriente","jerarquia":5},"geometry":{"type":"LineString","coordinates":[[-71.65862,-35.41236],[-71.65869,-35.4133]]}},{"type":"Feature","properties":{"nombre":"Calle 5 Oriente","jerarquia":5},"geometry":{"type":"LineString","coordinates":[[-71.65869,-35.4133],[-71.65879,-35.41456]]}},{"type":"Feature","properties":{"nombre":"Calle 5 Oriente","jerarquia":5},"geometry":{"type":"LineString","coordinates":[[-71.65879,-35.41456],[-71.65888,-35.41577]]}},{"type":"Feature","properties":{"nombre":"","jerarquia":1},"geometry":{"type":"LineString","coordinates":[[-71.69675,-35.54742],[-71.69662,-35.54753],[-71.69658,-35.5477]]}},{"type":"Feature","properties":{"nombre":"","jerarquia":1},"geometry":{"type":"LineString","coordinates":[[-71.69658,-35.54817],[-71.69633,-35.54786],[-71.69613,-35.5478],[-71.69591,-35.54781]]}},{"type":"Feature","properties":{"nombre":"Calle de Servicio Ruta 5","jerarquia":5},"geometry":{"type":"LineString","coordinates":[[-71.69591,-35.54781],[-71.69583,-35.5476],[-71.69585,-35.54691],[-71.69555,-35.54617],[-71.69339,-35.54184],[-71.69329,-35.54175],[-71.69293,-35.5416],[-71.69272,-35.54114]]}},{"type":"Feature","properties":{"nombre":"","jerarquia":1},"geometry":{"type":"LineString","coordinates":[[-71.69643,-35.54729],[-71.69675,-35.54742]]}},{"type":"Feature","properties":{"nombre":"","jerarquia":5},"geometry":{"type":"LineString","coordinates":[[-71.69272,-35.54114],[-71.669,-35.544]]}},{"type":"Feature","properties":{"nombre":"","jerarquia":5},"geometry":{"type":"LineString","coordinates":[[-71.669,-35.544],[-71.66707,-35.54424]]}},{"type":"Feature","properties":{"nombre":"","jerarquia":1},"geometry":{"type":"LineString","coordinates":[[-71.6602,-35.48776],[-71.65981,-35.48849],[-71.65978,-35.48885]]}},{"type":"Feature","properties":{"nombre":"","jerarquia":1},"geometry":{"type":"LineString","coordinates":[[-71.65888,-35.48938],[-71.65919,-35.48927],[-71.65938,-35.4891],[-71.65947,-35.48892],[-71.65948,-35.48866]]}},{"type":"Feature","properties":{"nombre":"","jerarquia":1},"geometry":{"type":"LineString","coordinates":[[-71.65948,-35.48866],[-71.65941,-35.48833]]}},{"type":"Feature","properties":{"nombre":"","jerarquia":1},"geometry":{"type":"LineString","coordinates":[[-71.67826,-35.5214],[-71.67855,-35.52126]]}},{"type":"Feature","properties":{"nombre":"","jerarquia":1},"geometry":{"type":"LineString","coordinates":[[-71.67855,-35.52126],[-71.67861,-35.52122]]}},{"type":"Feature","properties":{"nombre":"Calle 2 Norte","jerarquia":3},"geometry":{"type":"LineString","coordinates":[[-71.64579,-35.42531],[-71.64501,-35.42568]]}},{"type":"Feature","properties":{"nombre":"Calle 2 Norte","jerarquia":3},"geometry":{"type":"LineString","coordinates":[[-71.64501,-35.42568],[-71.64471,-35.42583]]}},{"type":"Feature","properties":{"nombre":"Calle 2 Norte","jerarquia":3},"geometry":{"type":"LineString","coordinates":[[-71.64471,-35.42583],[-71.64454,-35.42591]]}},{"type":"Feature","properties":{"nombre":"Calle 2 Norte","jerarquia":3},"geometry":{"type":"LineString","coordinates":[[-71.64454,-35.42591],[-71.64322,-35.42653],[-71.64126,-35.42737]]}},{"type":"Feature","properties":{"nombre":"Calle 2 Norte","jerarquia":3},"geometry":{"type":"LineString","coordinates":[[-71.64126,-35.42737],[-71.64011,-35.42778]]}},{"type":"Feature","properties":{"nombre":"Calle 2 Norte","jerarquia":3},"geometry":{"type":"LineString","coordinates":[[-71.64011,-35.42778],[-71.64,-35.42782]]}},{"type":"Feature","properties":{"nombre":"","jerarquia":1},"geometry":{"type":"LineString","coordinates":[[-71.64625,-35.45237],[-71.64588,-35.4526],[-71.64571,-35.45281],[-71.64565,-35.45307],[-71.64571,-35.45352]]}},{"type":"Feature","properties":{"nombre":"","jerarquia":1},"geometry":{"type":"LineString","coordinates":[[-71.64515,-35.45212],[-71.64533,-35.45235],[-71.64547,-35.45246],[-71.64564,-35.4525],[-71.64585,-35.45247]]}},{"type":"Feature","properties":{"nombre":"18 Oriente","jerarquia":4},"geometry":{"type":"LineString","coordinates":[[-71.64414,-35.43693],[-71.6442,-35.43701]]}},{"type":"Feature","properties":{"nombre":"18 Oriente","jerarquia":4},"geometry":{"type":"LineString","coordinates":[[-71.6442,-35.43701],[-71.64435,-35.4372]]}},{"type":"Feature","properties":{"nombre":"18 Oriente","jerarquia":4},"geometry":{"type":"LineString","coordinates":[[-71.64435,-35.4372],[-71.64488,-35.43785]]}},{"type":"Feature","properties":{"nombre":"18 Oriente","jerarquia":4},"geometry":{"type":"LineString","coordinates":[[-71.64488,-35.43785],[-71.64563,-35.43858]]}},{"type":"Feature","properties":{"nombre":"18 Oriente","jerarquia":4},"geometry":{"type":"LineString","coordinates":[[-71.64563,-35.43858],[-71.64577,-35.43864],[-71.64594,-35.43864]]}},{"type":"Feature","properties":{"nombre":"","jerarquia":1},"geometry":{"type":"LineString","coordinates":[[-71.64451,-35.45207],[-71.64429,-35.45223],[-71.64419,-35.45244],[-71.64427,-35.45264],[-71.64446,-35.45277],[-71.64474,-35.45278],[-71.64494,-35.45266],[-71.64502,-35.45252],[-71.64503,-35.45222]]}},{"type":"Feature","properties":{"nombre":"","jerarquia":1},"geometry":{"type":"LineString","coordinates":[[-71.64519,-35.45308],[-71.6449,-35.45303],[-71.64432,-35.45318]]}},{"type":"Feature","properties":{"nombre":"","jerarquia":1},"geometry":{"type":"LineString","coordinates":[[-71.64585,-35.45247],[-71.64625,-35.45237]]}},{"type":"Feature","properties":{"nombre":"","jerarquia":1},"geometry":{"type":"LineString","coordinates":[[-71.62078,-35.39925],[-71.62064,-35.39928],[-71.62056,-35.39936],[-71.62056,-35.39949],[-71.62064,-35.3996]]}},{"type":"Feature","properties":{"nombre":"","jerarquia":1},"geometry":{"type":"LineString","coordinates":[[-71.60515,-35.38398],[-71.60472,-35.38362]]}},{"type":"Feature","properties":{"nombre":"Avenida Colín","jerarquia":3},"geometry":{"type":"LineString","coordinates":[[-71.68972,-35.45326],[-71.68996,-35.45274]]}},{"type":"Feature","properties":{"nombre":"Avenida Colín","jerarquia":3},"geometry":{"type":"LineString","coordinates":[[-71.68996,-35.45274],[-71.69013,-35.45217]]}},{"type":"Feature","properties":{"nombre":"Avenida 12 Norte","jerarquia":4},"geometry":{"type":"LineString","coordinates":[[-71.66698,-35.40896],[-71.66642,-35.40915]]}},{"type":"Feature","properties":{"nombre":"Calle 1 Sur","jerarquia":5},"geometry":{"type":"LineString","coordinates":[[-71.66536,-35.42716],[-71.66564,-35.42711]]}},{"type":"Feature","properties":{"nombre":"Calle 1 Sur","jerarquia":5},"geometry":{"type":"LineString","coordinates":[[-71.66564,-35.42711],[-71.66643,-35.42705]]}},{"type":"Feature","properties":{"nombre":"Calle 1 Sur","jerarquia":5},"geometry":{"type":"LineString","coordinates":[[-71.66643,-35.42705],[-71.66661,-35.42705]]}},{"type":"Feature","properties":{"nombre":"Calle 1 Sur","jerarquia":5},"geometry":{"type":"LineString","coordinates":[[-71.66661,-35.42705],[-71.66674,-35.42705]]}},{"type":"Feature","properties":{"nombre":"14 Oriente","jerarquia":5},"geometry":{"type":"LineString","coordinates":[[-71.64448,-35.4571],[-71.64445,-35.45696]]}},{"type":"Feature","properties":{"nombre":"14 Oriente","jerarquia":5},"geometry":{"type":"LineString","coordinates":[[-71.64445,-35.45696],[-71.64409,-35.45398]]}},{"type":"Feature","properties":{"nombre":"26 Sur","jerarquia":5},"geometry":{"type":"LineString","coordinates":[[-71.67606,-35.44978],[-71.6765,-35.44958]]}},{"type":"Feature","properties":{"nombre":"26 Sur","jerarquia":5},"geometry":{"type":"LineString","coordinates":[[-71.6765,-35.44958],[-71.67696,-35.44932]]}},{"type":"Feature","properties":{"nombre":"26 Sur","jerarquia":5},"geometry":{"type":"LineString","coordinates":[[-71.67203,-35.4514],[-71.67209,-35.45137]]}},{"type":"Feature","properties":{"nombre":"26 Sur","jerarquia":5},"geometry":{"type":"LineString","coordinates":[[-71.67209,-35.45137],[-71.67281,-35.45108]]}},{"type":"Feature","properties":{"nombre":"26 Sur","jerarquia":5},"geometry":{"type":"LineString","coordinates":[[-71.67281,-35.45108],[-71.67321,-35.45092]]}},{"type":"Feature","properties":{"nombre":"26 Sur","jerarquia":5},"geometry":{"type":"LineString","coordinates":[[-71.67321,-35.45092],[-71.67361,-35.45076]]}},{"type":"Feature","properties":{"nombre":"26 Sur","jerarquia":5},"geometry":{"type":"LineString","coordinates":[[-71.67361,-35.45076],[-71.67378,-35.45069]]}},{"type":"Feature","properties":{"nombre":"26 Sur","jerarquia":5},"geometry":{"type":"LineString","coordinates":[[-71.67378,-35.45069],[-71.67418,-35.45053]]}},{"type":"Feature","properties":{"nombre":"26 Sur","jerarquia":5},"geometry":{"type":"LineString","coordinates":[[-71.67418,-35.45053],[-71.67458,-35.45037]]}},{"type":"Feature","properties":{"nombre":"26 Sur","jerarquia":5},"geometry":{"type":"LineString","coordinates":[[-71.67458,-35.45037],[-71.67501,-35.45021]]}},{"type":"Feature","properties":{"nombre":"26 Sur","jerarquia":5},"geometry":{"type":"LineString","coordinates":[[-71.67501,-35.45021],[-71.67558,-35.44997]]}},{"type":"Feature","properties":{"nombre":"26 Sur","jerarquia":5},"geometry":{"type":"LineString","coordinates":[[-71.67558,-35.44997],[-71.67606,-35.44978]]}},{"type":"Feature","properties":{"nombre":"26 Sur","jerarquia":5},"geometry":{"type":"LineString","coordinates":[[-71.68058,-35.44736],[-71.6803,-35.44753]]}},{"type":"Feature","properties":{"nombre":"26 Sur","jerarquia":5},"geometry":{"type":"LineString","coordinates":[[-71.6803,-35.44753],[-71.67999,-35.44771]]}},{"type":"Feature","properties":{"nombre":"26 Sur","jerarquia":5},"geometry":{"type":"LineString","coordinates":[[-71.67999,-35.44771],[-71.67969,-35.44788]]}},{"type":"Feature","properties":{"nombre":"26 Sur","jerarquia":5},"geometry":{"type":"LineString","coordinates":[[-71.67969,-35.44788],[-71.6794,-35.44804]]}},{"type":"Feature","properties":{"nombre":"26 Sur","jerarquia":5},"geometry":{"type":"LineString","coordinates":[[-71.6794,-35.44804],[-71.67819,-35.44875]]}},{"type":"Feature","properties":{"nombre":"Avenida 26 Sur","jerarquia":5},"geometry":{"type":"LineString","coordinates":[[-71.67815,-35.44862],[-71.6792,-35.44801]]}},{"type":"Feature","properties":{"nombre":"Avenida 26 Sur","jerarquia":5},"geometry":{"type":"LineString","coordinates":[[-71.6792,-35.44801],[-71.67951,-35.44784]]}},{"type":"Feature","properties":{"nombre":"Avenida 26 Sur","jerarquia":5},"geometry":{"type":"LineString","coordinates":[[-71.67951,-35.44784],[-71.67981,-35.44767]]}},{"type":"Feature","properties":{"nombre":"Avenida 26 Sur","jerarquia":5},"geometry":{"type":"LineString","coordinates":[[-71.67981,-35.44767],[-71.6801,-35.4475]]}},{"type":"Feature","properties":{"nombre":"Avenida 26 Sur","jerarquia":5},"geometry":{"type":"LineString","coordinates":[[-71.6801,-35.4475],[-71.68038,-35.44734]]}},{"type":"Feature","properties":{"nombre":"Avenida 26 Sur","jerarquia":5},"geometry":{"type":"LineString","coordinates":[[-71.68038,-35.44734],[-71.68101,-35.44698]]}},{"type":"Feature","properties":{"nombre":"26 Sur","jerarquia":5},"geometry":{"type":"LineString","coordinates":[[-71.66732,-35.45197],[-71.66773,-35.45189]]}},{"type":"Feature","properties":{"nombre":"26 Sur","jerarquia":5},"geometry":{"type":"LineString","coordinates":[[-71.66773,-35.45189],[-71.66811,-35.45182]]}},{"type":"Feature","properties":{"nombre":"26 Sur","jerarquia":5},"geometry":{"type":"LineString","coordinates":[[-71.66811,-35.45182],[-71.66848,-35.45175]]}},{"type":"Feature","properties":{"nombre":"26 Sur","jerarquia":5},"geometry":{"type":"LineString","coordinates":[[-71.66848,-35.45175],[-71.66888,-35.45171]]}},{"type":"Feature","properties":{"nombre":"26 Sur","jerarquia":5},"geometry":{"type":"LineString","coordinates":[[-71.66888,-35.45171],[-71.66938,-35.45171]]}},{"type":"Feature","properties":{"nombre":"26 Sur","jerarquia":5},"geometry":{"type":"LineString","coordinates":[[-71.66938,-35.45171],[-71.66984,-35.45173]]}},{"type":"Feature","properties":{"nombre":"26 Sur","jerarquia":5},"geometry":{"type":"LineString","coordinates":[[-71.66984,-35.45173],[-71.6703,-35.45178]]}},{"type":"Feature","properties":{"nombre":"26 Sur","jerarquia":5},"geometry":{"type":"LineString","coordinates":[[-71.6703,-35.45178],[-71.67073,-35.45179]]}},{"type":"Feature","properties":{"nombre":"26 Sur","jerarquia":5},"geometry":{"type":"LineString","coordinates":[[-71.67073,-35.45179],[-71.67113,-35.45173]]}},{"type":"Feature","properties":{"nombre":"26 Sur","jerarquia":5},"geometry":{"type":"LineString","coordinates":[[-71.67113,-35.45173],[-71.67155,-35.45159]]}},{"type":"Feature","properties":{"nombre":"26 Sur","jerarquia":5},"geometry":{"type":"LineString","coordinates":[[-71.67155,-35.45159],[-71.67198,-35.45142]]}},{"type":"Feature","properties":{"nombre":"14 Sur","jerarquia":4},"geometry":{"type":"LineString","coordinates":[[-71.65951,-35.44332],[-71.66013,-35.44305]]}},{"type":"Feature","properties":{"nombre":"14 Sur","jerarquia":4},"geometry":{"type":"LineString","coordinates":[[-71.66013,-35.44305],[-71.66091,-35.44267]]}},{"type":"Feature","properties":{"nombre":"14 Sur","jerarquia":4},"geometry":{"type":"LineString","coordinates":[[-71.66091,-35.44267],[-71.66121,-35.44253]]}},{"type":"Feature","properties":{"nombre":"14 Sur","jerarquia":4},"geometry":{"type":"LineString","coordinates":[[-71.66121,-35.44253],[-71.66129,-35.44249]]}},{"type":"Feature","properties":{"nombre":"14 Sur","jerarquia":4},"geometry":{"type":"LineString","coordinates":[[-71.66129,-35.44249],[-71.66233,-35.44197]]}},{"type":"Feature","properties":{"nombre":"14 Sur","jerarquia":4},"geometry":{"type":"LineString","coordinates":[[-71.65173,-35.44669],[-71.65272,-35.44629]]}},{"type":"Feature","properties":{"nombre":"14 Sur","jerarquia":4},"geometry":{"type":"LineString","coordinates":[[-71.65272,-35.44629],[-71.65307,-35.44613]]}},{"type":"Feature","properties":{"nombre":"14 Sur","jerarquia":4},"geometry":{"type":"LineString","coordinates":[[-71.65307,-35.44613],[-71.65371,-35.44586]]}},{"type":"Feature","properties":{"nombre":"14 Sur","jerarquia":4},"geometry":{"type":"LineString","coordinates":[[-71.65371,-35.44586],[-71.65389,-35.44578]]}},{"type":"Feature","properties":{"nombre":"14 Sur","jerarquia":4},"geometry":{"type":"LineString","coordinates":[[-71.65389,-35.44578],[-71.65429,-35.44561]]}},{"type":"Feature","properties":{"nombre":"Calle 32 Oriente","jerarquia":5},"geometry":{"type":"LineString","coordinates":[[-71.6203,-35.42944],[-71.62084,-35.42966],[-71.6211,-35.42999]]}},{"type":"Feature","properties":{"nombre":"Calle 32 Oriente","jerarquia":5},"geometry":{"type":"LineString","coordinates":[[-71.6211,-35.42999],[-71.62127,-35.43022]]}},{"type":"Feature","properties":{"nombre":"15 Sur","jerarquia":4},"geometry":{"type":"LineString","coordinates":[[-71.64659,-35.44972],[-71.64665,-35.44958],[-71.64679,-35.44945],[-71.64722,-35.44933]]}},{"type":"Feature","properties":{"nombre":"32½ Oriente","jerarquia":5},"geometry":{"type":"LineString","coordinates":[[-71.61683,-35.42338],[-71.61672,-35.42327],[-71.61642,-35.42315]]}},{"type":"Feature","properties":{"nombre":"32½ Oriente","jerarquia":5},"geometry":{"type":"LineString","coordinates":[[-71.61642,-35.42315],[-71.61615,-35.42295],[-71.61589,-35.42254]]}},{"type":"Feature","properties":{"nombre":"32½ Oriente","jerarquia":5},"geometry":{"type":"LineString","coordinates":[[-71.61589,-35.42254],[-71.61573,-35.42228],[-71.61542,-35.42218]]}},{"type":"Feature","properties":{"nombre":"32½ Oriente","jerarquia":5},"geometry":{"type":"LineString","coordinates":[[-71.6203,-35.42944],[-71.61979,-35.42851]]}},{"type":"Feature","properties":{"nombre":"32½ Oriente","jerarquia":5},"geometry":{"type":"LineString","coordinates":[[-71.61979,-35.42851],[-71.61973,-35.42842]]}},{"type":"Feature","properties":{"nombre":"32½ Oriente","jerarquia":5},"geometry":{"type":"LineString","coordinates":[[-71.61973,-35.42842],[-71.61947,-35.42793]]}},{"type":"Feature","properties":{"nombre":"32½ Oriente","jerarquia":5},"geometry":{"type":"LineString","coordinates":[[-71.61947,-35.42793],[-71.61923,-35.42744]]}},{"type":"Feature","properties":{"nombre":"32½ Oriente","jerarquia":5},"geometry":{"type":"LineString","coordinates":[[-71.61923,-35.42744],[-71.61889,-35.4269],[-71.61847,-35.4266]]}},{"type":"Feature","properties":{"nombre":"32½ Oriente","jerarquia":5},"geometry":{"type":"LineString","coordinates":[[-71.61847,-35.4266],[-71.61823,-35.42636],[-71.61792,-35.42589]]}},{"type":"Feature","properties":{"nombre":"32½ Oriente","jerarquia":5},"geometry":{"type":"LineString","coordinates":[[-71.61792,-35.42589],[-71.61766,-35.42547]]}},{"type":"Feature","properties":{"nombre":"32½ Oriente","jerarquia":5},"geometry":{"type":"LineString","coordinates":[[-71.61766,-35.42547],[-71.6171,-35.42456]]}},{"type":"Feature","properties":{"nombre":"Piduco","jerarquia":5},"geometry":{"type":"LineString","coordinates":[[-71.66932,-35.43552],[-71.66865,-35.43581]]}},{"type":"Feature","properties":{"nombre":"Piduco","jerarquia":5},"geometry":{"type":"LineString","coordinates":[[-71.66865,-35.43581],[-71.66764,-35.43626]]}},{"type":"Feature","properties":{"nombre":"Piduco","jerarquia":5},"geometry":{"type":"LineString","coordinates":[[-71.66764,-35.43626],[-71.66701,-35.43652],[-71.66643,-35.43659]]}},{"type":"Feature","properties":{"nombre":"Piduco","jerarquia":5},"geometry":{"type":"LineString","coordinates":[[-71.66643,-35.43659],[-71.66628,-35.43661]]}},{"type":"Feature","properties":{"nombre":"Barcelona","jerarquia":5},"geometry":{"type":"LineString","coordinates":[[-71.66942,-35.4354],[-71.66909,-35.43513]]}},{"type":"Feature","properties":{"nombre":"Barcelona","jerarquia":5},"geometry":{"type":"LineString","coordinates":[[-71.66909,-35.43513],[-71.66887,-35.43493]]}},{"type":"Feature","properties":{"nombre":"Barcelona","jerarquia":5},"geometry":{"type":"LineString","coordinates":[[-71.66887,-35.43493],[-71.66874,-35.43479]]}},{"type":"Feature","properties":{"nombre":"Barcelona","jerarquia":5},"geometry":{"type":"LineString","coordinates":[[-71.66874,-35.43479],[-71.66839,-35.43448]]}},{"type":"Feature","properties":{"nombre":"Barcelona","jerarquia":5},"geometry":{"type":"LineString","coordinates":[[-71.66839,-35.43448],[-71.66823,-35.43433]]}},{"type":"Feature","properties":{"nombre":"Barcelona","jerarquia":5},"geometry":{"type":"LineString","coordinates":[[-71.66823,-35.43433],[-71.66785,-35.43399]]}},{"type":"Feature","properties":{"nombre":"Circunvalación Sur","jerarquia":5},"geometry":{"type":"LineString","coordinates":[[-71.66946,-35.44155],[-71.6697,-35.44118]]}},{"type":"Feature","properties":{"nombre":"Circunvalación Sur","jerarquia":5},"geometry":{"type":"LineString","coordinates":[[-71.6697,-35.44118],[-71.66985,-35.44093]]}},{"type":"Feature","properties":{"nombre":"Circunvalación Sur","jerarquia":5},"geometry":{"type":"LineString","coordinates":[[-71.66985,-35.44093],[-71.66992,-35.44076]]}},{"type":"Feature","properties":{"nombre":"Circunvalación Sur","jerarquia":5},"geometry":{"type":"LineString","coordinates":[[-71.66992,-35.44076],[-71.67003,-35.4403]]}},{"type":"Feature","properties":{"nombre":"Calle 4 Poniente","jerarquia":5},"geometry":{"type":"LineString","coordinates":[[-71.67688,-35.44557],[-71.67671,-35.44512]]}},{"type":"Feature","properties":{"nombre":"Calle 4 Poniente","jerarquia":5},"geometry":{"type":"LineString","coordinates":[[-71.67671,-35.44512],[-71.67661,-35.44483]]}},{"type":"Feature","properties":{"nombre":"Calle 4 Poniente","jerarquia":5},"geometry":{"type":"LineString","coordinates":[[-71.67661,-35.44483],[-71.67656,-35.4447]]}},{"type":"Feature","properties":{"nombre":"Calle 4 Poniente","jerarquia":5},"geometry":{"type":"LineString","coordinates":[[-71.67656,-35.4447],[-71.67645,-35.4444]]}},{"type":"Feature","properties":{"nombre":"Calle 4 Poniente","jerarquia":5},"geometry":{"type":"LineString","coordinates":[[-71.67645,-35.4444],[-71.67629,-35.44397]]}},{"type":"Feature","properties":{"nombre":"Calle 5 Oriente","jerarquia":4},"geometry":{"type":"LineString","coordinates":[[-71.66448,-35.44453],[-71.6637,-35.44356],[-71.66343,-35.4427]]}},{"type":"Feature","properties":{"nombre":"Calle 5 Oriente","jerarquia":4},"geometry":{"type":"LineString","coordinates":[[-71.66343,-35.4427],[-71.66307,-35.44162]]}},{"type":"Feature","properties":{"nombre":"Mateo Toro y Zambrano","jerarquia":5},"geometry":{"type":"LineString","coordinates":[[-71.66859,-35.44018],[-71.66902,-35.44003]]}},{"type":"Feature","properties":{"nombre":"Mateo Toro y Zambrano","jerarquia":5},"geometry":{"type":"LineString","coordinates":[[-71.66902,-35.44003],[-71.66935,-35.4399]]}},{"type":"Feature","properties":{"nombre":"Mateo Toro y Zambrano","jerarquia":5},"geometry":{"type":"LineString","coordinates":[[-71.66935,-35.4399],[-71.66944,-35.43989]]}},{"type":"Feature","properties":{"nombre":"Mateo Toro y Zambrano","jerarquia":5},"geometry":{"type":"LineString","coordinates":[[-71.66944,-35.43989],[-71.66978,-35.43978],[-71.67014,-35.43976]]}},{"type":"Feature","properties":{"nombre":"5 Poniente","jerarquia":5},"geometry":{"type":"LineString","coordinates":[[-71.6816,-35.44694],[-71.68176,-35.44712]]}},{"type":"Feature","properties":{"nombre":"5 Poniente","jerarquia":5},"geometry":{"type":"LineString","coordinates":[[-71.68176,-35.44712],[-71.68192,-35.44741]]}},{"type":"Feature","properties":{"nombre":"5 Poniente","jerarquia":5},"geometry":{"type":"LineString","coordinates":[[-71.68192,-35.44741],[-71.68196,-35.44757]]}},{"type":"Feature","properties":{"nombre":"5 Poniente","jerarquia":5},"geometry":{"type":"LineString","coordinates":[[-71.68196,-35.44757],[-71.68203,-35.44824]]}},{"type":"Feature","properties":{"nombre":"Avenida Salvador Allende","jerarquia":3},"geometry":{"type":"LineString","coordinates":[[-71.65043,-35.42929],[-71.65043,-35.42934]]}},{"type":"Feature","properties":{"nombre":"Avenida Salvador Allende","jerarquia":3},"geometry":{"type":"LineString","coordinates":[[-71.65043,-35.42934],[-71.65047,-35.42974]]}},{"type":"Feature","properties":{"nombre":"Avenida Salvador Allende","jerarquia":3},"geometry":{"type":"LineString","coordinates":[[-71.65047,-35.42974],[-71.65048,-35.42977]]}},{"type":"Feature","properties":{"nombre":"Ruta K-60-J","jerarquia":3},"geometry":{"type":"LineString","coordinates":[[-71.68552,-35.42035],[-71.6862,-35.42038],[-71.68708,-35.42033],[-71.68754,-35.42038],[-71.68929,-35.42097],[-71.69002,-35.42103],[-71.69068,-35.42096],[-71.69135,-35.4207],[-71.69217,-35.4203]]}},{"type":"Feature","properties":{"nombre":"Ruta K-60-J","jerarquia":3},"geometry":{"type":"LineString","coordinates":[[-71.69217,-35.4203],[-71.69233,-35.42023]]}},{"type":"Feature","properties":{"nombre":"Avenida 14 Poniente","jerarquia":5},"geometry":{"type":"LineString","coordinates":[[-71.69705,-35.4517],[-71.69731,-35.45193]]}},{"type":"Feature","properties":{"nombre":"Avenida 14 Poniente","jerarquia":5},"geometry":{"type":"LineString","coordinates":[[-71.69731,-35.45193],[-71.69759,-35.45223]]}},{"type":"Feature","properties":{"nombre":"Avenida 14 Poniente","jerarquia":5},"geometry":{"type":"LineString","coordinates":[[-71.69759,-35.45223],[-71.69789,-35.45251]]}},{"type":"Feature","properties":{"nombre":"Avenida 14 Poniente","jerarquia":5},"geometry":{"type":"LineString","coordinates":[[-71.69789,-35.45251],[-71.69853,-35.45314]]}},{"type":"Feature","properties":{"nombre":"Calle de Servicio Ruta 5","jerarquia":5},"geometry":{"type":"LineString","coordinates":[[-71.65866,-35.48926],[-71.65831,-35.48736],[-71.65761,-35.48436],[-71.65735,-35.48365]]}},{"type":"Feature","properties":{"nombre":"Camino Los Patos","jerarquia":5},"geometry":{"type":"LineString","coordinates":[[-71.66638,-35.45994],[-71.6702,-35.46336]]}},{"type":"Feature","properties":{"nombre":"Camino Los Patos","jerarquia":5},"geometry":{"type":"LineString","coordinates":[[-71.6702,-35.46336],[-71.67034,-35.46339]]}},{"type":"Feature","properties":{"nombre":"Avenida Lircay","jerarquia":3},"geometry":{"type":"LineString","coordinates":[[-71.63434,-35.40147],[-71.63524,-35.40184]]}},{"type":"Feature","properties":{"nombre":"Avenida Alameda Bernardo O'Higgins","jerarquia":3},"geometry":{"type":"LineString","coordinates":[[-71.66623,-35.42162],[-71.66761,-35.42152]]}},{"type":"Feature","properties":{"nombre":"Avenida Alameda Bernardo O'Higgins","jerarquia":3},"geometry":{"type":"LineString","coordinates":[[-71.66761,-35.42152],[-71.6689,-35.42143]]}},{"type":"Feature","properties":{"nombre":"Avenida Alameda Bernardo O'Higgins","jerarquia":3},"geometry":{"type":"LineString","coordinates":[[-71.6689,-35.42143],[-71.67008,-35.42134]]}},{"type":"Feature","properties":{"nombre":"Avenida Alameda Bernardo O'Higgins","jerarquia":3},"geometry":{"type":"LineString","coordinates":[[-71.67008,-35.42134],[-71.67032,-35.42132]]}},{"type":"Feature","properties":{"nombre":"Avenida Alameda Bernardo O'Higgins","jerarquia":3},"geometry":{"type":"LineString","coordinates":[[-71.67032,-35.42132],[-71.67094,-35.42127]]}},{"type":"Feature","properties":{"nombre":"Avenida Alameda Bernardo O'Higgins","jerarquia":3},"geometry":{"type":"LineString","coordinates":[[-71.67094,-35.42127],[-71.67117,-35.42125]]}},{"type":"Feature","properties":{"nombre":"Avenida Alameda Bernardo O'Higgins","jerarquia":3},"geometry":{"type":"LineString","coordinates":[[-71.67117,-35.42125],[-71.67176,-35.4212]]}},{"type":"Feature","properties":{"nombre":"Avenida Alameda Bernardo O'Higgins","jerarquia":3},"geometry":{"type":"LineString","coordinates":[[-71.67176,-35.4212],[-71.67306,-35.42111]]}},{"type":"Feature","properties":{"nombre":"Calle 5 Oriente","jerarquia":4},"geometry":{"type":"LineString","coordinates":[[-71.65888,-35.41577],[-71.659,-35.41706]]}},{"type":"Feature","properties":{"nombre":"Calle 5 Oriente","jerarquia":4},"geometry":{"type":"LineString","coordinates":[[-71.659,-35.41706],[-71.65902,-35.41731]]}},{"type":"Feature","properties":{"nombre":"Calle 5 Oriente","jerarquia":4},"geometry":{"type":"LineString","coordinates":[[-71.65902,-35.41731],[-71.65907,-35.4179]]}},{"type":"Feature","properties":{"nombre":"Calle 5 Oriente","jerarquia":4},"geometry":{"type":"LineString","coordinates":[[-71.65907,-35.4179],[-71.65911,-35.4183]]}},{"type":"Feature","properties":{"nombre":"Calle 5 Oriente","jerarquia":4},"geometry":{"type":"LineString","coordinates":[[-71.65911,-35.4183],[-71.65921,-35.41956]]}},{"type":"Feature","properties":{"nombre":"Calle 5 Oriente","jerarquia":4},"geometry":{"type":"LineString","coordinates":[[-71.65921,-35.41956],[-71.65931,-35.4208]]}},{"type":"Feature","properties":{"nombre":"Calle 5 Oriente","jerarquia":4},"geometry":{"type":"LineString","coordinates":[[-71.65931,-35.4208],[-71.65942,-35.42202]]}},{"type":"Feature","properties":{"nombre":"Calle 5 Oriente","jerarquia":4},"geometry":{"type":"LineString","coordinates":[[-71.65942,-35.42202],[-71.65943,-35.42211]]}},{"type":"Feature","properties":{"nombre":"Avenida Alameda Bernardo O'Higgins","jerarquia":3},"geometry":{"type":"LineString","coordinates":[[-71.66478,-35.42228],[-71.66361,-35.42236]]}},{"type":"Feature","properties":{"nombre":"Avenida Alameda Bernardo O'Higgins","jerarquia":3},"geometry":{"type":"LineString","coordinates":[[-71.66361,-35.42236],[-71.66349,-35.42237]]}},{"type":"Feature","properties":{"nombre":"Avenida Alameda Bernardo O'Higgins","jerarquia":3},"geometry":{"type":"LineString","coordinates":[[-71.66349,-35.42237],[-71.66228,-35.42246]]}},{"type":"Feature","properties":{"nombre":"Avenida Alameda Bernardo O'Higgins","jerarquia":3},"geometry":{"type":"LineString","coordinates":[[-71.66228,-35.42246],[-71.66214,-35.42247]]}},{"type":"Feature","properties":{"nombre":"Avenida Alameda Bernardo O'Higgins","jerarquia":3},"geometry":{"type":"LineString","coordinates":[[-71.66214,-35.42247],[-71.6609,-35.42255]]}},{"type":"Feature","properties":{"nombre":"Avenida Alameda Bernardo O'Higgins","jerarquia":3},"geometry":{"type":"LineString","coordinates":[[-71.6609,-35.42255],[-71.66078,-35.42256]]}},{"type":"Feature","properties":{"nombre":"Avenida Alameda Bernardo O'Higgins","jerarquia":3},"geometry":{"type":"LineString","coordinates":[[-71.66078,-35.42256],[-71.65962,-35.42265]]}},{"type":"Feature","properties":{"nombre":"Avenida Alameda Bernardo O'Higgins","jerarquia":3},"geometry":{"type":"LineString","coordinates":[[-71.65962,-35.42265],[-71.65949,-35.42266]]}},{"type":"Feature","properties":{"nombre":"Avenida Alameda Bernardo O'Higgins","jerarquia":3},"geometry":{"type":"LineString","coordinates":[[-71.65949,-35.42266],[-71.65854,-35.42273]]}},{"type":"Feature","properties":{"nombre":"Avenida Alameda Bernardo O'Higgins","jerarquia":3},"geometry":{"type":"LineString","coordinates":[[-71.65854,-35.42273],[-71.6582,-35.42275]]}},{"type":"Feature","properties":{"nombre":"Avenida Alameda Bernardo O'Higgins","jerarquia":3},"geometry":{"type":"LineString","coordinates":[[-71.6582,-35.42275],[-71.65806,-35.42276]]}},{"type":"Feature","properties":{"nombre":"Avenida Alameda Bernardo O'Higgins","jerarquia":3},"geometry":{"type":"LineString","coordinates":[[-71.65806,-35.42276],[-71.65664,-35.42286]]}},{"type":"Feature","properties":{"nombre":"Avenida Alameda Bernardo O'Higgins","jerarquia":3},"geometry":{"type":"LineString","coordinates":[[-71.65664,-35.42286],[-71.65651,-35.42287]]}},{"type":"Feature","properties":{"nombre":"Avenida Alameda Bernardo O'Higgins","jerarquia":3},"geometry":{"type":"LineString","coordinates":[[-71.65651,-35.42287],[-71.65549,-35.42294]]}},{"type":"Feature","properties":{"nombre":"Avenida Alameda Bernardo O'Higgins","jerarquia":3},"geometry":{"type":"LineString","coordinates":[[-71.65549,-35.42294],[-71.65539,-35.42295]]}},{"type":"Feature","properties":{"nombre":"Calle 1 Oriente","jerarquia":4},"geometry":{"type":"LineString","coordinates":[[-71.66557,-35.42941],[-71.66568,-35.43056]]}},{"type":"Feature","properties":{"nombre":"Calle 1 Oriente","jerarquia":4},"geometry":{"type":"LineString","coordinates":[[-71.66568,-35.43056],[-71.66578,-35.43165]]}},{"type":"Feature","properties":{"nombre":"Calle 1 Oriente","jerarquia":4},"geometry":{"type":"LineString","coordinates":[[-71.66578,-35.43165],[-71.66588,-35.43277]]}},{"type":"Feature","properties":{"nombre":"Calle 8 Oriente","jerarquia":5},"geometry":{"type":"LineString","coordinates":[[-71.6559,-35.43394],[-71.65587,-35.4334]]}},{"type":"Feature","properties":{"nombre":"Calle 8 Oriente","jerarquia":5},"geometry":{"type":"LineString","coordinates":[[-71.65587,-35.4334],[-71.65583,-35.43264]]}},{"type":"Feature","properties":{"nombre":"Calle 8 Oriente","jerarquia":5},"geometry":{"type":"LineString","coordinates":[[-71.65583,-35.43264],[-71.65577,-35.43157]]}},{"type":"Feature","properties":{"nombre":"Calle 8 Oriente","jerarquia":5},"geometry":{"type":"LineString","coordinates":[[-71.65577,-35.43157],[-71.65569,-35.43011]]}},{"type":"Feature","properties":{"nombre":"Calle 8 Oriente","jerarquia":5},"geometry":{"type":"LineString","coordinates":[[-71.65569,-35.43011],[-71.65565,-35.4294]]}},{"type":"Feature","properties":{"nombre":"Calle 8 Oriente","jerarquia":5},"geometry":{"type":"LineString","coordinates":[[-71.65565,-35.4294],[-71.65565,-35.42932]]}},{"type":"Feature","properties":{"nombre":"Avenida Isidoro del Solar","jerarquia":4},"geometry":{"type":"LineString","coordinates":[[-71.66908,-35.42319],[-71.67014,-35.42209],[-71.67014,-35.42188]]}},{"type":"Feature","properties":{"nombre":"Avenida Isidoro del Solar","jerarquia":4},"geometry":{"type":"LineString","coordinates":[[-71.67014,-35.42188],[-71.67008,-35.42134]]}},{"type":"Feature","properties":{"nombre":"Calle 6 Sur","jerarquia":5},"geometry":{"type":"LineString","coordinates":[[-71.66588,-35.43277],[-71.66456,-35.43294]]}},{"type":"Feature","properties":{"nombre":"Camino Las Tinajas","jerarquia":5},"geometry":{"type":"LineString","coordinates":[[-71.70106,-35.43048],[-71.70413,-35.43261],[-71.7044,-35.43275],[-71.70503,-35.43297],[-71.70541,-35.43325],[-71.70555,-35.43351],[-71.70572,-35.43369],[-71.70799,-35.43518],[-71.70855,-35.43562],[-71.70951,-35.43608],[-71.71075,-35.43701],[-71.71137,-35.43727],[-71.71192,-35.43783],[-71.71245,-35.43867],[-71.7128,-35.43911],[-71.71296,-35.43979],[-71.71293,-35.44041],[-71.71305,-35.44086],[-71.71319,-35.44122],[-71.71351,-35.44168],[-71.71382,-35.44238],[-71.71394,-35.44304],[-71.71418,-35.44361],[-71.71431,-35.44372],[-71.71533,-35.44426],[-71.71577,-35.44423],[-71.71639,-35.44427],[-71.71671,-35.44434],[-71.7174,-35.44466],[-71.71762,-35.44466]]}},{"type":"Feature","properties":{"nombre":"","jerarquia":4},"geometry":{"type":"LineString","coordinates":[[-71.66534,-35.4269],[-71.66564,-35.42711]]}},{"type":"Feature","properties":{"nombre":"","jerarquia":4},"geometry":{"type":"LineString","coordinates":[[-71.66643,-35.42705],[-71.66657,-35.42696],[-71.66671,-35.42678]]}},{"type":"Feature","properties":{"nombre":"","jerarquia":4},"geometry":{"type":"LineString","coordinates":[[-71.66664,-35.42614],[-71.66654,-35.42602],[-71.66638,-35.42594]]}},{"type":"Feature","properties":{"nombre":"","jerarquia":4},"geometry":{"type":"LineString","coordinates":[[-71.66563,-35.42601],[-71.66539,-35.42613],[-71.66527,-35.42629]]}},{"type":"Feature","properties":{"nombre":"Avenida Salvador Allende","jerarquia":4},"geometry":{"type":"LineString","coordinates":[[-71.65133,-35.43745],[-71.65126,-35.43692]]}},{"type":"Feature","properties":{"nombre":"Avenida Salvador Allende","jerarquia":4},"geometry":{"type":"LineString","coordinates":[[-71.65126,-35.43692],[-71.65119,-35.43634]]}},{"type":"Feature","properties":{"nombre":"Avenida Salvador Allende","jerarquia":3},"geometry":{"type":"LineString","coordinates":[[-71.65021,-35.42733],[-71.6502,-35.42724]]}},{"type":"Feature","properties":{"nombre":"Avenida Salvador Allende","jerarquia":3},"geometry":{"type":"LineString","coordinates":[[-71.6502,-35.42724],[-71.65015,-35.42686]]}},{"type":"Feature","properties":{"nombre":"10 Sur","jerarquia":5},"geometry":{"type":"LineString","coordinates":[[-71.67234,-35.43442],[-71.67156,-35.43462]]}},{"type":"Feature","properties":{"nombre":"10 Sur","jerarquia":5},"geometry":{"type":"LineString","coordinates":[[-71.67156,-35.43462],[-71.67111,-35.43472]]}},{"type":"Feature","properties":{"nombre":"10 Sur","jerarquia":5},"geometry":{"type":"LineString","coordinates":[[-71.67111,-35.43472],[-71.67096,-35.43477]]}},{"type":"Feature","properties":{"nombre":"10 Sur","jerarquia":5},"geometry":{"type":"LineString","coordinates":[[-71.67291,-35.43424],[-71.67234,-35.43442]]}},{"type":"Feature","properties":{"nombre":"Calle Diagonal Camino Al Agua Potable","jerarquia":5},"geometry":{"type":"LineString","coordinates":[[-71.62688,-35.42461],[-71.62614,-35.42446]]}},{"type":"Feature","properties":{"nombre":"Calle Diagonal Camino Al Agua Potable","jerarquia":5},"geometry":{"type":"LineString","coordinates":[[-71.62614,-35.42446],[-71.62531,-35.4243]]}},{"type":"Feature","properties":{"nombre":"Avenida Diagonal Nueva Holanda","jerarquia":5},"geometry":{"type":"LineString","coordinates":[[-71.62531,-35.4243],[-71.62494,-35.42422]]}},{"type":"Feature","properties":{"nombre":"Calle 5 Norte","jerarquia":5},"geometry":{"type":"LineString","coordinates":[[-71.62834,-35.42685],[-71.62853,-35.42679]]}},{"type":"Feature","properties":{"nombre":"Calle 5 Norte","jerarquia":5},"geometry":{"type":"LineString","coordinates":[[-71.62853,-35.42679],[-71.62907,-35.42665]]}},{"type":"Feature","properties":{"nombre":"Calle 5 Norte","jerarquia":5},"geometry":{"type":"LineString","coordinates":[[-71.62907,-35.42665],[-71.63019,-35.42634]]}},{"type":"Feature","properties":{"nombre":"Calle 5 Norte","jerarquia":5},"geometry":{"type":"LineString","coordinates":[[-71.63019,-35.42634],[-71.63105,-35.42609]]}},{"type":"Feature","properties":{"nombre":"Avenida Circunvalación 30 Oriente","jerarquia":5},"geometry":{"type":"LineString","coordinates":[[-71.6266,-35.42825],[-71.62679,-35.42863]]}},{"type":"Feature","properties":{"nombre":"Avenida Circunvalación 30 Oriente","jerarquia":5},"geometry":{"type":"LineString","coordinates":[[-71.62679,-35.42863],[-71.62698,-35.42899]]}},{"type":"Feature","properties":{"nombre":"Avenida Circunvalación 30 Oriente","jerarquia":5},"geometry":{"type":"LineString","coordinates":[[-71.62698,-35.42899],[-71.62731,-35.42961]]}},{"type":"Feature","properties":{"nombre":"Calle 5 Norte","jerarquia":5},"geometry":{"type":"LineString","coordinates":[[-71.62626,-35.42742],[-71.62723,-35.42716]]}},{"type":"Feature","properties":{"nombre":"Calle 5 Norte","jerarquia":5},"geometry":{"type":"LineString","coordinates":[[-71.62723,-35.42716],[-71.62772,-35.42702]]}},{"type":"Feature","properties":{"nombre":"Calle 5 Norte","jerarquia":5},"geometry":{"type":"LineString","coordinates":[[-71.62772,-35.42702],[-71.62796,-35.42695]]}},{"type":"Feature","properties":{"nombre":"Calle 5 Norte","jerarquia":5},"geometry":{"type":"LineString","coordinates":[[-71.62796,-35.42695],[-71.62834,-35.42685]]}},{"type":"Feature","properties":{"nombre":"Calle 23 Oriente","jerarquia":5},"geometry":{"type":"LineString","coordinates":[[-71.62847,-35.42338],[-71.6281,-35.423]]}},{"type":"Feature","properties":{"nombre":"Calle 23 Oriente","jerarquia":5},"geometry":{"type":"LineString","coordinates":[[-71.6281,-35.423],[-71.62776,-35.42264]]}},{"type":"Feature","properties":{"nombre":"Calle 23 Oriente","jerarquia":5},"geometry":{"type":"LineString","coordinates":[[-71.62776,-35.42264],[-71.62764,-35.42252]]}},{"type":"Feature","properties":{"nombre":"Calle 23 Oriente","jerarquia":5},"geometry":{"type":"LineString","coordinates":[[-71.62764,-35.42252],[-71.62743,-35.4223]]}},{"type":"Feature","properties":{"nombre":"Calle 23 Oriente","jerarquia":5},"geometry":{"type":"LineString","coordinates":[[-71.62743,-35.4223],[-71.62726,-35.42212]]}},{"type":"Feature","properties":{"nombre":"Calle 23 Oriente","jerarquia":5},"geometry":{"type":"LineString","coordinates":[[-71.62726,-35.42212],[-71.62703,-35.42188]]}},{"type":"Feature","properties":{"nombre":"Calle 10 Norte","jerarquia":5},"geometry":{"type":"LineString","coordinates":[[-71.62847,-35.42338],[-71.62945,-35.42275]]}},{"type":"Feature","properties":{"nombre":"Calle 10 Norte","jerarquia":5},"geometry":{"type":"LineString","coordinates":[[-71.62945,-35.42275],[-71.63008,-35.42244]]}},{"type":"Feature","properties":{"nombre":"Calle 10 Norte","jerarquia":5},"geometry":{"type":"LineString","coordinates":[[-71.63008,-35.42244],[-71.63124,-35.42212]]}},{"type":"Feature","properties":{"nombre":"Calle 10 Norte","jerarquia":5},"geometry":{"type":"LineString","coordinates":[[-71.63124,-35.42212],[-71.63168,-35.42201]]}},{"type":"Feature","properties":{"nombre":"Calle 10 Norte","jerarquia":5},"geometry":{"type":"LineString","coordinates":[[-71.63168,-35.42201],[-71.63251,-35.42178],[-71.63259,-35.42172]]}},{"type":"Feature","properties":{"nombre":"19 Oriente","jerarquia":5},"geometry":{"type":"LineString","coordinates":[[-71.64035,-35.43461],[-71.64094,-35.43611]]}},{"type":"Feature","properties":{"nombre":"19 Oriente","jerarquia":5},"geometry":{"type":"LineString","coordinates":[[-71.64094,-35.43611],[-71.6414,-35.43727]]}},{"type":"Feature","properties":{"nombre":"Calle 5 Sur","jerarquia":5},"geometry":{"type":"LineString","coordinates":[[-71.64839,-35.43361],[-71.64692,-35.43373]]}},{"type":"Feature","properties":{"nombre":"Calle 5 Sur","jerarquia":5},"geometry":{"type":"LineString","coordinates":[[-71.64692,-35.43373],[-71.6458,-35.43382]]}},{"type":"Feature","properties":{"nombre":"Calle 5 Sur","jerarquia":5},"geometry":{"type":"LineString","coordinates":[[-71.6458,-35.43382],[-71.64475,-35.4339]]}},{"type":"Feature","properties":{"nombre":"Calle 5 Sur","jerarquia":5},"geometry":{"type":"LineString","coordinates":[[-71.64475,-35.4339],[-71.64468,-35.43391]]}},{"type":"Feature","properties":{"nombre":"Calle 5 Sur","jerarquia":5},"geometry":{"type":"LineString","coordinates":[[-71.64035,-35.43461],[-71.64152,-35.4343]]}},{"type":"Feature","properties":{"nombre":"Calle 5 Sur","jerarquia":5},"geometry":{"type":"LineString","coordinates":[[-71.64152,-35.4343],[-71.64179,-35.43423]]}},{"type":"Feature","properties":{"nombre":"Calle 15 Oriente","jerarquia":5},"geometry":{"type":"LineString","coordinates":[[-71.64468,-35.43391],[-71.64479,-35.43492]]}},{"type":"Feature","properties":{"nombre":"Calle 15 Oriente","jerarquia":5},"geometry":{"type":"LineString","coordinates":[[-71.64479,-35.43492],[-71.64481,-35.43508]]}},{"type":"Feature","properties":{"nombre":"Calle 15 Oriente","jerarquia":5},"geometry":{"type":"LineString","coordinates":[[-71.64481,-35.43508],[-71.6449,-35.43586]]}},{"type":"Feature","properties":{"nombre":"Avenida 8 Sur","jerarquia":5},"geometry":{"type":"LineString","coordinates":[[-71.62904,-35.44279],[-71.62705,-35.44379]]}},{"type":"Feature","properties":{"nombre":"Avenida Colín","jerarquia":3},"geometry":{"type":"LineString","coordinates":[[-71.68383,-35.44064],[-71.68408,-35.44094]]}},{"type":"Feature","properties":{"nombre":"Avenida Colín","jerarquia":3},"geometry":{"type":"LineString","coordinates":[[-71.68408,-35.44094],[-71.68474,-35.44175]]}},{"type":"Feature","properties":{"nombre":"14 Sur","jerarquia":4},"geometry":{"type":"LineString","coordinates":[[-71.65757,-35.44417],[-71.65762,-35.44415]]}},{"type":"Feature","properties":{"nombre":"14 Sur","jerarquia":4},"geometry":{"type":"LineString","coordinates":[[-71.65762,-35.44415],[-71.65804,-35.44397]]}},{"type":"Feature","properties":{"nombre":"14 Sur","jerarquia":4},"geometry":{"type":"LineString","coordinates":[[-71.65804,-35.44397],[-71.65891,-35.44358]]}},{"type":"Feature","properties":{"nombre":"14 Sur","jerarquia":4},"geometry":{"type":"LineString","coordinates":[[-71.65891,-35.44358],[-71.65919,-35.44346]]}},{"type":"Feature","properties":{"nombre":"14 Sur","jerarquia":4},"geometry":{"type":"LineString","coordinates":[[-71.65919,-35.44346],[-71.65951,-35.44332]]}},{"type":"Feature","properties":{"nombre":"Calle 10 Oriente","jerarquia":4},"geometry":{"type":"LineString","coordinates":[[-71.65429,-35.44546],[-71.65391,-35.44484]]}},{"type":"Feature","properties":{"nombre":"Calle 10 Oriente","jerarquia":4},"geometry":{"type":"LineString","coordinates":[[-71.65391,-35.44484],[-71.65368,-35.44448]]}},{"type":"Feature","properties":{"nombre":"Calle 10 Oriente","jerarquia":4},"geometry":{"type":"LineString","coordinates":[[-71.65368,-35.44448],[-71.65361,-35.44437]]}},{"type":"Feature","properties":{"nombre":"Calle 10 Oriente","jerarquia":4},"geometry":{"type":"LineString","coordinates":[[-71.65361,-35.44437],[-71.6534,-35.44378]]}},{"type":"Feature","properties":{"nombre":"Calle 10 Oriente","jerarquia":4},"geometry":{"type":"LineString","coordinates":[[-71.6534,-35.44378],[-71.65309,-35.44283]]}},{"type":"Feature","properties":{"nombre":"Calle 10 Oriente","jerarquia":4},"geometry":{"type":"LineString","coordinates":[[-71.65309,-35.44283],[-71.65295,-35.44241]]}},{"type":"Feature","properties":{"nombre":"Calle 10 Oriente","jerarquia":4},"geometry":{"type":"LineString","coordinates":[[-71.65295,-35.44241],[-71.65281,-35.44199]]}},{"type":"Feature","properties":{"nombre":"Calle 10 Oriente","jerarquia":4},"geometry":{"type":"LineString","coordinates":[[-71.65281,-35.44199],[-71.65267,-35.44155]]}},{"type":"Feature","properties":{"nombre":"Calle 10 Oriente","jerarquia":4},"geometry":{"type":"LineString","coordinates":[[-71.65267,-35.44155],[-71.65254,-35.44116]]}},{"type":"Feature","properties":{"nombre":"Calle 10 Oriente","jerarquia":4},"geometry":{"type":"LineString","coordinates":[[-71.65254,-35.44116],[-71.65237,-35.44062]]}},{"type":"Feature","properties":{"nombre":"Calle 10 Oriente","jerarquia":4},"geometry":{"type":"LineString","coordinates":[[-71.65237,-35.44062],[-71.6523,-35.44044]]}},{"type":"Feature","properties":{"nombre":"9 Oriente","jerarquia":5},"geometry":{"type":"LineString","coordinates":[[-71.65922,-35.44694],[-71.65907,-35.4467]]}},{"type":"Feature","properties":{"nombre":"9 Oriente","jerarquia":5},"geometry":{"type":"LineString","coordinates":[[-71.65907,-35.4467],[-71.65856,-35.44593]]}},{"type":"Feature","properties":{"nombre":"9 Oriente","jerarquia":5},"geometry":{"type":"LineString","coordinates":[[-71.65856,-35.44593],[-71.6583,-35.44553]]}},{"type":"Feature","properties":{"nombre":"9 Oriente","jerarquia":5},"geometry":{"type":"LineString","coordinates":[[-71.6583,-35.44553],[-71.65826,-35.44547]]}},{"type":"Feature","properties":{"nombre":"9 Oriente","jerarquia":5},"geometry":{"type":"LineString","coordinates":[[-71.65826,-35.44547],[-71.65804,-35.44511]]}},{"type":"Feature","properties":{"nombre":"9 Oriente","jerarquia":5},"geometry":{"type":"LineString","coordinates":[[-71.65804,-35.44511],[-71.65752,-35.44433]]}},{"type":"Feature","properties":{"nombre":"9 Oriente","jerarquia":5},"geometry":{"type":"LineString","coordinates":[[-71.65752,-35.44433],[-71.6575,-35.44429]]}},{"type":"Feature","properties":{"nombre":"Calle 16 Sur","jerarquia":5},"geometry":{"type":"LineString","coordinates":[[-71.65922,-35.44694],[-71.65934,-35.44688]]}},{"type":"Feature","properties":{"nombre":"21 Poniente","jerarquia":5},"geometry":{"type":"LineString","coordinates":[[-71.69964,-35.44364],[-71.6991,-35.44302]]}},{"type":"Feature","properties":{"nombre":"Avenida Colín","jerarquia":3},"geometry":{"type":"LineString","coordinates":[[-71.68986,-35.448],[-71.69033,-35.44857]]}},{"type":"Feature","properties":{"nombre":"29 Sur","jerarquia":5},"geometry":{"type":"LineString","coordinates":[[-71.6978,-35.44496],[-71.69822,-35.44481]]}},{"type":"Feature","properties":{"nombre":"29 Sur","jerarquia":5},"geometry":{"type":"LineString","coordinates":[[-71.69822,-35.44481],[-71.69865,-35.44465]]}},{"type":"Feature","properties":{"nombre":"29 Sur","jerarquia":5},"geometry":{"type":"LineString","coordinates":[[-71.69865,-35.44465],[-71.69907,-35.44449]]}},{"type":"Feature","properties":{"nombre":"29 Sur","jerarquia":5},"geometry":{"type":"LineString","coordinates":[[-71.69907,-35.44449],[-71.69945,-35.44435]]}},{"type":"Feature","properties":{"nombre":"29 Sur","jerarquia":5},"geometry":{"type":"LineString","coordinates":[[-71.69945,-35.44435],[-71.69952,-35.44432]]}},{"type":"Feature","properties":{"nombre":"29 Sur","jerarquia":5},"geometry":{"type":"LineString","coordinates":[[-71.69952,-35.44432],[-71.69989,-35.44419]]}},{"type":"Feature","properties":{"nombre":"21 Poniente","jerarquia":5},"geometry":{"type":"LineString","coordinates":[[-71.6991,-35.44302],[-71.69838,-35.44221]]}},{"type":"Feature","properties":{"nombre":"21 Poniente","jerarquia":5},"geometry":{"type":"LineString","coordinates":[[-71.69838,-35.44221],[-71.69833,-35.44215]]}},{"type":"Feature","properties":{"nombre":"Calle 14 Oriente","jerarquia":5},"geometry":{"type":"LineString","coordinates":[[-71.64516,-35.42775],[-71.6451,-35.42716]]}},{"type":"Feature","properties":{"nombre":"Calle 14 Oriente","jerarquia":5},"geometry":{"type":"LineString","coordinates":[[-71.6451,-35.42716],[-71.64503,-35.42652]]}},{"type":"Feature","properties":{"nombre":"Calle 14 Oriente","jerarquia":5},"geometry":{"type":"LineString","coordinates":[[-71.64503,-35.42652],[-71.64498,-35.42598]]}},{"type":"Feature","properties":{"nombre":"Calle 14 Oriente","jerarquia":5},"geometry":{"type":"LineString","coordinates":[[-71.64498,-35.42598],[-71.64497,-35.42592]]}},{"type":"Feature","properties":{"nombre":"Calle 14 Oriente","jerarquia":4},"geometry":{"type":"LineString","coordinates":[[-71.64726,-35.44166],[-71.64716,-35.44095]]}},{"type":"Feature","properties":{"nombre":"Calle 14 Oriente","jerarquia":5},"geometry":{"type":"LineString","coordinates":[[-71.6459,-35.43483],[-71.6458,-35.43382]]}},{"type":"Feature","properties":{"nombre":"18 Oriente","jerarquia":4},"geometry":{"type":"LineString","coordinates":[[-71.64203,-35.43424],[-71.64279,-35.43523]]}},{"type":"Feature","properties":{"nombre":"18 Oriente","jerarquia":4},"geometry":{"type":"LineString","coordinates":[[-71.64279,-35.43523],[-71.64337,-35.43598]]}},{"type":"Feature","properties":{"nombre":"18 Oriente","jerarquia":4},"geometry":{"type":"LineString","coordinates":[[-71.64337,-35.43598],[-71.64398,-35.43675]]}},{"type":"Feature","properties":{"nombre":"18 Oriente","jerarquia":4},"geometry":{"type":"LineString","coordinates":[[-71.64398,-35.43675],[-71.64405,-35.43684]]}},{"type":"Feature","properties":{"nombre":"Calle 14 Oriente","jerarquia":5},"geometry":{"type":"LineString","coordinates":[[-71.64559,-35.43191],[-71.64559,-35.43185]]}},{"type":"Feature","properties":{"nombre":"Calle 14 Oriente","jerarquia":5},"geometry":{"type":"LineString","coordinates":[[-71.64559,-35.43185],[-71.64558,-35.43176]]}},{"type":"Feature","properties":{"nombre":"","jerarquia":5},"geometry":{"type":"LineString","coordinates":[[-71.64497,-35.42592],[-71.64507,-35.42574],[-71.64567,-35.42547],[-71.64636,-35.42548]]}},{"type":"Feature","properties":{"nombre":"Calle 12 Oriente","jerarquia":5},"geometry":{"type":"LineString","coordinates":[[-71.6477,-35.42592],[-71.64773,-35.42635]]}},{"type":"Feature","properties":{"nombre":"Calle 2 Norte","jerarquia":5},"geometry":{"type":"LineString","coordinates":[[-71.64773,-35.42635],[-71.64957,-35.42623]]}},{"type":"Feature","properties":{"nombre":"Calle 2 Norte","jerarquia":5},"geometry":{"type":"LineString","coordinates":[[-71.64957,-35.42623],[-71.65006,-35.42619]]}},{"type":"Feature","properties":{"nombre":"Calle 2 Sur","jerarquia":3},"geometry":{"type":"LineString","coordinates":[[-71.66811,-35.42808],[-71.66821,-35.42807]]}},{"type":"Feature","properties":{"nombre":"Calle 2 Sur","jerarquia":3},"geometry":{"type":"LineString","coordinates":[[-71.66821,-35.42807],[-71.66832,-35.42807]]}},{"type":"Feature","properties":{"nombre":"Avenida Alameda Bernardo O'Higgins","jerarquia":3},"geometry":{"type":"LineString","coordinates":[[-71.67306,-35.42111],[-71.67531,-35.42093]]}},{"type":"Feature","properties":{"nombre":"Avenida Alameda Bernardo O'Higgins","jerarquia":3},"geometry":{"type":"LineString","coordinates":[[-71.67531,-35.42093],[-71.67542,-35.42092]]}},{"type":"Feature","properties":{"nombre":"Cardenal Raúl Silva Henríquez","jerarquia":4},"geometry":{"type":"LineString","coordinates":[[-71.66674,-35.42705],[-71.66671,-35.42678]]}},{"type":"Feature","properties":{"nombre":"Cardenal Raúl Silva Henríquez","jerarquia":4},"geometry":{"type":"LineString","coordinates":[[-71.66671,-35.42678],[-71.66664,-35.42614]]}},{"type":"Feature","properties":{"nombre":"Calle 12 Oriente","jerarquia":5},"geometry":{"type":"LineString","coordinates":[[-71.64735,-35.41634],[-71.6471,-35.41557]]}},{"type":"Feature","properties":{"nombre":"Calle 12 Oriente","jerarquia":5},"geometry":{"type":"LineString","coordinates":[[-71.6471,-35.41557],[-71.64705,-35.41544]]}},{"type":"Feature","properties":{"nombre":"Avenida Alameda Bernardo O'Higgins","jerarquia":3},"geometry":{"type":"LineString","coordinates":[[-71.65448,-35.42302],[-71.65424,-35.42304]]}},{"type":"Feature","properties":{"nombre":"Avenida Alameda Bernardo O'Higgins","jerarquia":3},"geometry":{"type":"LineString","coordinates":[[-71.65424,-35.42304],[-71.65414,-35.42304]]}},{"type":"Feature","properties":{"nombre":"Avenida Alameda Bernardo O'Higgins","jerarquia":3},"geometry":{"type":"LineString","coordinates":[[-71.65414,-35.42304],[-71.65202,-35.42319]]}},{"type":"Feature","properties":{"nombre":"Avenida Alameda Bernardo O'Higgins","jerarquia":3},"geometry":{"type":"LineString","coordinates":[[-71.65202,-35.42319],[-71.65131,-35.42324]]}},{"type":"Feature","properties":{"nombre":"Avenida Alameda Bernardo O'Higgins","jerarquia":3},"geometry":{"type":"LineString","coordinates":[[-71.65131,-35.42324],[-71.6511,-35.42324]]}},{"type":"Feature","properties":{"nombre":"Avenida Alameda Bernardo O'Higgins","jerarquia":3},"geometry":{"type":"LineString","coordinates":[[-71.6511,-35.42324],[-71.65048,-35.42318],[-71.64991,-35.42321]]}},{"type":"Feature","properties":{"nombre":"Avenida Alameda Bernardo O'Higgins","jerarquia":3},"geometry":{"type":"LineString","coordinates":[[-71.64991,-35.42321],[-71.64981,-35.42322]]}},{"type":"Feature","properties":{"nombre":"Calle 2 Norte","jerarquia":4},"geometry":{"type":"LineString","coordinates":[[-71.66791,-35.42447],[-71.66809,-35.42445]]}},{"type":"Feature","properties":{"nombre":"Avenida Alameda Bernardo O'Higgins","jerarquia":3},"geometry":{"type":"LineString","coordinates":[[-71.67311,-35.42166],[-71.6718,-35.42176]]}},{"type":"Feature","properties":{"nombre":"Avenida Alameda Bernardo O'Higgins","jerarquia":3},"geometry":{"type":"LineString","coordinates":[[-71.6718,-35.42176],[-71.67037,-35.42186]]}},{"type":"Feature","properties":{"nombre":"Avenida Alameda Bernardo O'Higgins","jerarquia":3},"geometry":{"type":"LineString","coordinates":[[-71.67037,-35.42186],[-71.67014,-35.42188]]}},{"type":"Feature","properties":{"nombre":"Avenida Alameda Bernardo O'Higgins","jerarquia":3},"geometry":{"type":"LineString","coordinates":[[-71.67014,-35.42188],[-71.66894,-35.42196]]}},{"type":"Feature","properties":{"nombre":"Avenida Alameda Bernardo O'Higgins","jerarquia":3},"geometry":{"type":"LineString","coordinates":[[-71.66894,-35.42196],[-71.66766,-35.42206]]}},{"type":"Feature","properties":{"nombre":"Avenida Alameda Bernardo O'Higgins","jerarquia":3},"geometry":{"type":"LineString","coordinates":[[-71.66766,-35.42206],[-71.66628,-35.42217]]}},{"type":"Feature","properties":{"nombre":"Calle 13½ Oriente B","jerarquia":5},"geometry":{"type":"LineString","coordinates":[[-71.64241,-35.41418],[-71.64248,-35.41423]]}},{"type":"Feature","properties":{"nombre":"Calle 13½ Oriente B","jerarquia":5},"geometry":{"type":"LineString","coordinates":[[-71.64248,-35.41423],[-71.64273,-35.4144]]}},{"type":"Feature","properties":{"nombre":"Calle 13½ Oriente B","jerarquia":5},"geometry":{"type":"LineString","coordinates":[[-71.64273,-35.4144],[-71.64278,-35.41443]]}},{"type":"Feature","properties":{"nombre":"Calle 13½ Oriente B","jerarquia":5},"geometry":{"type":"LineString","coordinates":[[-71.64278,-35.41443],[-71.64316,-35.41466]]}},{"type":"Feature","properties":{"nombre":"Calle 13½ Oriente B","jerarquia":5},"geometry":{"type":"LineString","coordinates":[[-71.64316,-35.41466],[-71.64389,-35.41517]]}},{"type":"Feature","properties":{"nombre":"Calle 13½ Oriente B","jerarquia":5},"geometry":{"type":"LineString","coordinates":[[-71.64389,-35.41517],[-71.64462,-35.41566]]}},{"type":"Feature","properties":{"nombre":"Calle 13½ Oriente B","jerarquia":5},"geometry":{"type":"LineString","coordinates":[[-71.64462,-35.41566],[-71.64537,-35.41616]]}},{"type":"Feature","properties":{"nombre":"Calle 4 Poniente","jerarquia":5},"geometry":{"type":"LineString","coordinates":[[-71.67511,-35.44163],[-71.67508,-35.44155]]}},{"type":"Feature","properties":{"nombre":"Calle 4 Poniente","jerarquia":5},"geometry":{"type":"LineString","coordinates":[[-71.67739,-35.44702],[-71.67719,-35.44647]]}},{"type":"Feature","properties":{"nombre":"Calle 4 Poniente","jerarquia":5},"geometry":{"type":"LineString","coordinates":[[-71.67719,-35.44647],[-71.67704,-35.44604]]}},{"type":"Feature","properties":{"nombre":"Calle 4 Poniente","jerarquia":5},"geometry":{"type":"LineString","coordinates":[[-71.67704,-35.44604],[-71.67688,-35.44557]]}},{"type":"Feature","properties":{"nombre":"Calle 18 Sur","jerarquia":4},"geometry":{"type":"LineString","coordinates":[[-71.67511,-35.44163],[-71.67444,-35.44203]]}},{"type":"Feature","properties":{"nombre":"Calle 18 Sur","jerarquia":4},"geometry":{"type":"LineString","coordinates":[[-71.67444,-35.44203],[-71.67236,-35.44322]]}},{"type":"Feature","properties":{"nombre":"Calle 18 Sur","jerarquia":4},"geometry":{"type":"LineString","coordinates":[[-71.67236,-35.44322],[-71.67093,-35.44406]]}},{"type":"Feature","properties":{"nombre":"Calle 18 Sur","jerarquia":4},"geometry":{"type":"LineString","coordinates":[[-71.67093,-35.44406],[-71.67082,-35.44415]]}},{"type":"Feature","properties":{"nombre":"Calle 1 Oriente","jerarquia":4},"geometry":{"type":"LineString","coordinates":[[-71.6687,-35.44587],[-71.66861,-35.44573]]}},{"type":"Feature","properties":{"nombre":"Calle 1 Oriente","jerarquia":4},"geometry":{"type":"LineString","coordinates":[[-71.66861,-35.44573],[-71.66836,-35.44538]]}},{"type":"Feature","properties":{"nombre":"26 Sur","jerarquia":5},"geometry":{"type":"LineString","coordinates":[[-71.68101,-35.44698],[-71.68143,-35.44675]]}},{"type":"Feature","properties":{"nombre":"26 Sur","jerarquia":5},"geometry":{"type":"LineString","coordinates":[[-71.68444,-35.44501],[-71.68451,-35.44497]]}},{"type":"Feature","properties":{"nombre":"26 Sur","jerarquia":5},"geometry":{"type":"LineString","coordinates":[[-71.68451,-35.44497],[-71.68478,-35.44481]]}},{"type":"Feature","properties":{"nombre":"Calle 6 Sur","jerarquia":5},"geometry":{"type":"LineString","coordinates":[[-71.66456,-35.43294],[-71.66317,-35.43314]]}},{"type":"Feature","properties":{"nombre":"Calle 6 Sur","jerarquia":5},"geometry":{"type":"LineString","coordinates":[[-71.66317,-35.43314],[-71.66273,-35.4332]]}},{"type":"Feature","properties":{"nombre":"Calle 6 Sur","jerarquia":5},"geometry":{"type":"LineString","coordinates":[[-71.66273,-35.4332],[-71.66232,-35.43325]]}},{"type":"Feature","properties":{"nombre":"Calle 6 Sur","jerarquia":5},"geometry":{"type":"LineString","coordinates":[[-71.66232,-35.43325],[-71.66184,-35.43331]]}},{"type":"Feature","properties":{"nombre":"Calle 6 Sur","jerarquia":5},"geometry":{"type":"LineString","coordinates":[[-71.66184,-35.43331],[-71.66125,-35.43339]]}},{"type":"Feature","properties":{"nombre":"Calle 6 Sur","jerarquia":5},"geometry":{"type":"LineString","coordinates":[[-71.66125,-35.43339],[-71.66084,-35.43344]]}},{"type":"Feature","properties":{"nombre":"Calle 6 Sur","jerarquia":5},"geometry":{"type":"LineString","coordinates":[[-71.66084,-35.43344],[-71.66028,-35.43351]]}},{"type":"Feature","properties":{"nombre":"Calle 6 Sur","jerarquia":5},"geometry":{"type":"LineString","coordinates":[[-71.66028,-35.43351],[-71.65982,-35.43358]]}},{"type":"Feature","properties":{"nombre":"Calle 6 Sur","jerarquia":5},"geometry":{"type":"LineString","coordinates":[[-71.65982,-35.43358],[-71.65939,-35.43364]]}},{"type":"Feature","properties":{"nombre":"Calle 6 Sur","jerarquia":5},"geometry":{"type":"LineString","coordinates":[[-71.65939,-35.43364],[-71.65891,-35.43369]]}},{"type":"Feature","properties":{"nombre":"Calle 2 Oriente","jerarquia":5},"geometry":{"type":"LineString","coordinates":[[-71.66446,-35.43176],[-71.66434,-35.4307]]}},{"type":"Feature","properties":{"nombre":"Calle 2 Oriente","jerarquia":5},"geometry":{"type":"LineString","coordinates":[[-71.66434,-35.4307],[-71.66422,-35.42951]]}},{"type":"Feature","properties":{"nombre":"Calle 2 Oriente","jerarquia":5},"geometry":{"type":"LineString","coordinates":[[-71.66422,-35.42951],[-71.66412,-35.42853]]}},{"type":"Feature","properties":{"nombre":"Calle 2 Oriente","jerarquia":5},"geometry":{"type":"LineString","coordinates":[[-71.66412,-35.42853],[-71.66411,-35.42843]]}},{"type":"Feature","properties":{"nombre":"Calle 2 Oriente","jerarquia":5},"geometry":{"type":"LineString","coordinates":[[-71.66456,-35.43294],[-71.66446,-35.43176]]}},{"type":"Feature","properties":{"nombre":"14 Norte","jerarquia":5},"geometry":{"type":"LineString","coordinates":[[-71.65784,-35.40635],[-71.65748,-35.40655],[-71.65715,-35.40696]]}},{"type":"Feature","properties":{"nombre":"Calle 10 Norte","jerarquia":4},"geometry":{"type":"LineString","coordinates":[[-71.65221,-35.41419],[-71.65179,-35.41438]]}},{"type":"Feature","properties":{"nombre":"Calle 10 Norte","jerarquia":4},"geometry":{"type":"LineString","coordinates":[[-71.65179,-35.41438],[-71.65036,-35.41501]]}},{"type":"Feature","properties":{"nombre":"Calle 10 Norte","jerarquia":4},"geometry":{"type":"LineString","coordinates":[[-71.65036,-35.41501],[-71.65009,-35.41512]]}},{"type":"Feature","properties":{"nombre":"Calle 10 Norte","jerarquia":4},"geometry":{"type":"LineString","coordinates":[[-71.65009,-35.41512],[-71.64926,-35.41548]]}},{"type":"Feature","properties":{"nombre":"Calle 10 Norte","jerarquia":4},"geometry":{"type":"LineString","coordinates":[[-71.65285,-35.41392],[-71.65221,-35.41419]]}},{"type":"Feature","properties":{"nombre":"14 Norte","jerarquia":5},"geometry":{"type":"LineString","coordinates":[[-71.65926,-35.40568],[-71.65784,-35.40635]]}},{"type":"Feature","properties":{"nombre":"","jerarquia":3},"geometry":{"type":"LineString","coordinates":[[-71.64974,-35.42267],[-71.64987,-35.42276],[-71.65,-35.42277]]}},{"type":"Feature","properties":{"nombre":"Calle 1 Oriente","jerarquia":4},"geometry":{"type":"LineString","coordinates":[[-71.66836,-35.44538],[-71.66821,-35.4451]]}},{"type":"Feature","properties":{"nombre":"Calle 1 Oriente","jerarquia":4},"geometry":{"type":"LineString","coordinates":[[-71.66821,-35.4451],[-71.66786,-35.44461]]}},{"type":"Feature","properties":{"nombre":"Calle 1 Oriente","jerarquia":4},"geometry":{"type":"LineString","coordinates":[[-71.66786,-35.44461],[-71.66752,-35.44418]]}},{"type":"Feature","properties":{"nombre":"Calle 1 Oriente","jerarquia":4},"geometry":{"type":"LineString","coordinates":[[-71.66752,-35.44418],[-71.66724,-35.44387]]}},{"type":"Feature","properties":{"nombre":"Cardenal Raúl Silva Henríquez","jerarquia":4},"geometry":{"type":"LineString","coordinates":[[-71.66664,-35.42614],[-71.66663,-35.42604]]}},{"type":"Feature","properties":{"nombre":"Cardenal Raúl Silva Henríquez","jerarquia":4},"geometry":{"type":"LineString","coordinates":[[-71.66663,-35.42604],[-71.66662,-35.42591]]}},{"type":"Feature","properties":{"nombre":"Calle 1 Norte","jerarquia":4},"geometry":{"type":"LineString","coordinates":[[-71.66525,-35.42605],[-71.66397,-35.42613]]}},{"type":"Feature","properties":{"nombre":"Calle 1 Norte","jerarquia":4},"geometry":{"type":"LineString","coordinates":[[-71.66397,-35.42613],[-71.66387,-35.42613]]}},{"type":"Feature","properties":{"nombre":"Calle 1 Norte","jerarquia":4},"geometry":{"type":"LineString","coordinates":[[-71.66387,-35.42613],[-71.66253,-35.42625]]}},{"type":"Feature","properties":{"nombre":"Calle 1 Norte","jerarquia":4},"geometry":{"type":"LineString","coordinates":[[-71.66253,-35.42625],[-71.66126,-35.42637]]}},{"type":"Feature","properties":{"nombre":"Calle 1 Norte","jerarquia":4},"geometry":{"type":"LineString","coordinates":[[-71.66126,-35.42637],[-71.66115,-35.42638]]}},{"type":"Feature","properties":{"nombre":"Calle 4 Poniente","jerarquia":5},"geometry":{"type":"LineString","coordinates":[[-71.67519,-35.44158],[-71.67538,-35.4418]]}},{"type":"Feature","properties":{"nombre":"Calle 4 Poniente","jerarquia":5},"geometry":{"type":"LineString","coordinates":[[-71.67414,-35.43905],[-71.67408,-35.43891]]}},{"type":"Feature","properties":{"nombre":"Calle 4 Poniente","jerarquia":5},"geometry":{"type":"LineString","coordinates":[[-71.67408,-35.43891],[-71.67389,-35.43841]]}},{"type":"Feature","properties":{"nombre":"Calle 4 Poniente","jerarquia":5},"geometry":{"type":"LineString","coordinates":[[-71.67389,-35.43841],[-71.6737,-35.43793]]}},{"type":"Feature","properties":{"nombre":"Calle 4 Poniente","jerarquia":5},"geometry":{"type":"LineString","coordinates":[[-71.6737,-35.43793],[-71.67366,-35.43782]]}},{"type":"Feature","properties":{"nombre":"Calle 4 Poniente","jerarquia":5},"geometry":{"type":"LineString","coordinates":[[-71.67366,-35.43782],[-71.67353,-35.43748]]}},{"type":"Feature","properties":{"nombre":"Calle 4 Poniente","jerarquia":5},"geometry":{"type":"LineString","coordinates":[[-71.67353,-35.43748],[-71.6735,-35.43741]]}},{"type":"Feature","properties":{"nombre":"Calle 4 Poniente","jerarquia":5},"geometry":{"type":"LineString","coordinates":[[-71.6735,-35.43741],[-71.67333,-35.43696]]}},{"type":"Feature","properties":{"nombre":"Calle 4 Poniente","jerarquia":5},"geometry":{"type":"LineString","coordinates":[[-71.67333,-35.43696],[-71.67323,-35.4367]]}},{"type":"Feature","properties":{"nombre":"Calle 4 Poniente","jerarquia":5},"geometry":{"type":"LineString","coordinates":[[-71.67323,-35.4367],[-71.67316,-35.43654]]}},{"type":"Feature","properties":{"nombre":"Calle 4 Poniente","jerarquia":5},"geometry":{"type":"LineString","coordinates":[[-71.67316,-35.43654],[-71.67304,-35.43623]]}},{"type":"Feature","properties":{"nombre":"Calle 4 Poniente","jerarquia":5},"geometry":{"type":"LineString","coordinates":[[-71.67304,-35.43623],[-71.67286,-35.43577]]}},{"type":"Feature","properties":{"nombre":"Calle 4 Poniente","jerarquia":5},"geometry":{"type":"LineString","coordinates":[[-71.67286,-35.43577],[-71.6726,-35.43509]]}},{"type":"Feature","properties":{"nombre":"Calle 4 Poniente","jerarquia":5},"geometry":{"type":"LineString","coordinates":[[-71.6726,-35.43509],[-71.67258,-35.43504]]}},{"type":"Feature","properties":{"nombre":"Calle 4 Poniente","jerarquia":5},"geometry":{"type":"LineString","coordinates":[[-71.67258,-35.43504],[-71.67234,-35.43442]]}},{"type":"Feature","properties":{"nombre":"Calle 1 Norte","jerarquia":4},"geometry":{"type":"LineString","coordinates":[[-71.66638,-35.42594],[-71.66563,-35.42601]]}},{"type":"Feature","properties":{"nombre":"Calle 18 Sur","jerarquia":4},"geometry":{"type":"LineString","coordinates":[[-71.66918,-35.44544],[-71.66996,-35.44477]]}},{"type":"Feature","properties":{"nombre":"Calle 18 Sur","jerarquia":4},"geometry":{"type":"LineString","coordinates":[[-71.66996,-35.44477],[-71.67069,-35.44415]]}},{"type":"Feature","properties":{"nombre":"Calle 18 Sur","jerarquia":4},"geometry":{"type":"LineString","coordinates":[[-71.67069,-35.44415],[-71.67077,-35.44408]]}},{"type":"Feature","properties":{"nombre":"Calle 1 Oriente","jerarquia":4},"geometry":{"type":"LineString","coordinates":[[-71.66527,-35.42629],[-71.66534,-35.4269]]}},{"type":"Feature","properties":{"nombre":"Calle 1 Oriente","jerarquia":4},"geometry":{"type":"LineString","coordinates":[[-71.66534,-35.4269],[-71.66535,-35.42703]]}},{"type":"Feature","properties":{"nombre":"Calle 1 Oriente","jerarquia":4},"geometry":{"type":"LineString","coordinates":[[-71.66535,-35.42703],[-71.66536,-35.42716]]}},{"type":"Feature","properties":{"nombre":"Calle 1 Norte","jerarquia":4},"geometry":{"type":"LineString","coordinates":[[-71.66673,-35.4259],[-71.6667,-35.4259]]}},{"type":"Feature","properties":{"nombre":"Calle 1 Norte","jerarquia":4},"geometry":{"type":"LineString","coordinates":[[-71.6667,-35.4259],[-71.66662,-35.42591]]}},{"type":"Feature","properties":{"nombre":"Calle 4 Poniente","jerarquia":5},"geometry":{"type":"LineString","coordinates":[[-71.67612,-35.44348],[-71.67596,-35.44303]]}},{"type":"Feature","properties":{"nombre":"Calle 4 Poniente","jerarquia":5},"geometry":{"type":"LineString","coordinates":[[-71.67596,-35.44303],[-71.67581,-35.44261]]}},{"type":"Feature","properties":{"nombre":"Calle 4 Poniente","jerarquia":5},"geometry":{"type":"LineString","coordinates":[[-71.67581,-35.44261],[-71.67559,-35.44221]]}},{"type":"Feature","properties":{"nombre":"Calle 4 Poniente","jerarquia":5},"geometry":{"type":"LineString","coordinates":[[-71.67559,-35.44221],[-71.67538,-35.4418]]}},{"type":"Feature","properties":{"nombre":"Calle 1½ Poniente","jerarquia":5},"geometry":{"type":"LineString","coordinates":[[-71.6733,-35.44743],[-71.67327,-35.44739]]}},{"type":"Feature","properties":{"nombre":"Calle 1½ Poniente","jerarquia":5},"geometry":{"type":"LineString","coordinates":[[-71.67327,-35.44739],[-71.67272,-35.44672]]}},{"type":"Feature","properties":{"nombre":"Calle 1½ Poniente","jerarquia":5},"geometry":{"type":"LineString","coordinates":[[-71.67272,-35.44672],[-71.67251,-35.44648]]}},{"type":"Feature","properties":{"nombre":"Calle 1½ Poniente","jerarquia":5},"geometry":{"type":"LineString","coordinates":[[-71.67251,-35.44648],[-71.67193,-35.44582]]}},{"type":"Feature","properties":{"nombre":"Calle 1½ Poniente","jerarquia":5},"geometry":{"type":"LineString","coordinates":[[-71.67193,-35.44582],[-71.67157,-35.44536]]}},{"type":"Feature","properties":{"nombre":"5 Oriente","jerarquia":5},"geometry":{"type":"LineString","coordinates":[[-71.66544,-35.44743],[-71.66624,-35.44905]]}},{"type":"Feature","properties":{"nombre":"5 Oriente","jerarquia":5},"geometry":{"type":"LineString","coordinates":[[-71.66624,-35.44905],[-71.66647,-35.44955]]}},{"type":"Feature","properties":{"nombre":"5 Oriente","jerarquia":5},"geometry":{"type":"LineString","coordinates":[[-71.66647,-35.44955],[-71.66668,-35.44997]]}},{"type":"Feature","properties":{"nombre":"26 Sur","jerarquia":5},"geometry":{"type":"LineString","coordinates":[[-71.67507,-35.45031],[-71.67461,-35.45049]]}},{"type":"Feature","properties":{"nombre":"26 Sur","jerarquia":5},"geometry":{"type":"LineString","coordinates":[[-71.67461,-35.45049],[-71.6742,-35.45066]]}},{"type":"Feature","properties":{"nombre":"26 Sur","jerarquia":5},"geometry":{"type":"LineString","coordinates":[[-71.6742,-35.45066],[-71.67379,-35.45083]]}},{"type":"Feature","properties":{"nombre":"26 Sur","jerarquia":5},"geometry":{"type":"LineString","coordinates":[[-71.67379,-35.45083],[-71.67337,-35.451]]}},{"type":"Feature","properties":{"nombre":"26 Sur","jerarquia":5},"geometry":{"type":"LineString","coordinates":[[-71.67337,-35.451],[-71.67296,-35.45116]]}},{"type":"Feature","properties":{"nombre":"26 Sur","jerarquia":5},"geometry":{"type":"LineString","coordinates":[[-71.67296,-35.45116],[-71.67242,-35.45138]]}},{"type":"Feature","properties":{"nombre":"26 Sur","jerarquia":5},"geometry":{"type":"LineString","coordinates":[[-71.67242,-35.45138],[-71.67216,-35.45148]]}},{"type":"Feature","properties":{"nombre":"26 Sur","jerarquia":5},"geometry":{"type":"LineString","coordinates":[[-71.67216,-35.45148],[-71.67205,-35.45153]]}},{"type":"Feature","properties":{"nombre":"Calle 5 Oriente","jerarquia":5},"geometry":{"type":"LineString","coordinates":[[-71.66707,-35.45113],[-71.66732,-35.45197]]}},{"type":"Feature","properties":{"nombre":"Calle 5 Oriente","jerarquia":5},"geometry":{"type":"LineString","coordinates":[[-71.66732,-35.45197],[-71.66734,-35.45207]]}},{"type":"Feature","properties":{"nombre":"Calle 1½ Poniente","jerarquia":5},"geometry":{"type":"LineString","coordinates":[[-71.67507,-35.45031],[-71.67501,-35.45021]]}},{"type":"Feature","properties":{"nombre":"Calle 1½ Poniente","jerarquia":5},"geometry":{"type":"LineString","coordinates":[[-71.67501,-35.45021],[-71.67459,-35.44952]]}},{"type":"Feature","properties":{"nombre":"Calle 1½ Poniente","jerarquia":5},"geometry":{"type":"LineString","coordinates":[[-71.67459,-35.44952],[-71.67433,-35.44906]]}},{"type":"Feature","properties":{"nombre":"Calle 1½ Poniente","jerarquia":5},"geometry":{"type":"LineString","coordinates":[[-71.67433,-35.44906],[-71.67403,-35.44853]]}},{"type":"Feature","properties":{"nombre":"Camino Las Tinajas","jerarquia":5},"geometry":{"type":"LineString","coordinates":[[-71.68863,-35.42419],[-71.68881,-35.4243]]}},{"type":"Feature","properties":{"nombre":"Camino Las Tinajas","jerarquia":5},"geometry":{"type":"LineString","coordinates":[[-71.68881,-35.4243],[-71.69204,-35.42426],[-71.69299,-35.42416]]}},{"type":"Feature","properties":{"nombre":"Camino Las Tinajas","jerarquia":5},"geometry":{"type":"LineString","coordinates":[[-71.69299,-35.42416],[-71.6936,-35.42393],[-71.69395,-35.42365],[-71.69457,-35.42294]]}},{"type":"Feature","properties":{"nombre":"Camino Las Tinajas","jerarquia":5},"geometry":{"type":"LineString","coordinates":[[-71.69457,-35.42294],[-71.69474,-35.42312],[-71.69499,-35.42369],[-71.69536,-35.42525],[-71.69641,-35.42671],[-71.69698,-35.42742],[-71.69781,-35.42829],[-71.70106,-35.43048]]}},{"type":"Feature","properties":{"nombre":"Calle 1 Norte","jerarquia":4},"geometry":{"type":"LineString","coordinates":[[-71.64651,-35.42764],[-71.64636,-35.42765]]}},{"type":"Feature","properties":{"nombre":"Avenida 8 Sur","jerarquia":5},"geometry":{"type":"LineString","coordinates":[[-71.63098,-35.4418],[-71.62915,-35.44273]]}},{"type":"Feature","properties":{"nombre":"Avenida 8 Sur","jerarquia":5},"geometry":{"type":"LineString","coordinates":[[-71.62915,-35.44273],[-71.62904,-35.44279]]}},{"type":"Feature","properties":{"nombre":"Calle 12 Oriente","jerarquia":5},"geometry":{"type":"LineString","coordinates":[[-71.6479,-35.42863],[-71.64799,-35.42964]]}},{"type":"Feature","properties":{"nombre":"Calle 12 Oriente","jerarquia":5},"geometry":{"type":"LineString","coordinates":[[-71.64799,-35.42964],[-71.648,-35.42973]]}},{"type":"Feature","properties":{"nombre":"Calle 12 Oriente","jerarquia":5},"geometry":{"type":"LineString","coordinates":[[-71.648,-35.42973],[-71.64809,-35.4307]]}},{"type":"Feature","properties":{"nombre":"Calle 2 Sur","jerarquia":3},"geometry":{"type":"LineString","coordinates":[[-71.66676,-35.42817],[-71.66672,-35.42818]]}},{"type":"Feature","properties":{"nombre":"Calle 2 Sur","jerarquia":3},"geometry":{"type":"LineString","coordinates":[[-71.66672,-35.42818],[-71.6656,-35.42831]]}},{"type":"Feature","properties":{"nombre":"Calle 2 Sur","jerarquia":3},"geometry":{"type":"LineString","coordinates":[[-71.6656,-35.42831],[-71.66557,-35.42831]]}},{"type":"Feature","properties":{"nombre":"27 Sur","jerarquia":5},"geometry":{"type":"LineString","coordinates":[[-71.69833,-35.44215],[-71.69771,-35.44236]]}},{"type":"Feature","properties":{"nombre":"27 Sur","jerarquia":5},"geometry":{"type":"LineString","coordinates":[[-71.69771,-35.44236],[-71.69757,-35.44241]]}},{"type":"Feature","properties":{"nombre":"27 Sur","jerarquia":5},"geometry":{"type":"LineString","coordinates":[[-71.69757,-35.44241],[-71.69722,-35.44254]]}},{"type":"Feature","properties":{"nombre":"27 Sur","jerarquia":5},"geometry":{"type":"LineString","coordinates":[[-71.69722,-35.44254],[-71.6967,-35.44272]]}},{"type":"Feature","properties":{"nombre":"27 Sur","jerarquia":5},"geometry":{"type":"LineString","coordinates":[[-71.6967,-35.44272],[-71.69618,-35.4429]]}},{"type":"Feature","properties":{"nombre":"27 Sur","jerarquia":5},"geometry":{"type":"LineString","coordinates":[[-71.69618,-35.4429],[-71.69583,-35.44301],[-71.69562,-35.44296]]}},{"type":"Feature","properties":{"nombre":"27 Sur","jerarquia":5},"geometry":{"type":"LineString","coordinates":[[-71.69562,-35.44296],[-71.69553,-35.44291]]}},{"type":"Feature","properties":{"nombre":"27 Sur","jerarquia":5},"geometry":{"type":"LineString","coordinates":[[-71.69553,-35.44291],[-71.69535,-35.44289],[-71.69501,-35.443]]}},{"type":"Feature","properties":{"nombre":"27 Sur","jerarquia":5},"geometry":{"type":"LineString","coordinates":[[-71.69501,-35.443],[-71.69466,-35.44314],[-71.69455,-35.44331]]}},{"type":"Feature","properties":{"nombre":"27 Sur","jerarquia":5},"geometry":{"type":"LineString","coordinates":[[-71.69455,-35.44331],[-71.69444,-35.4435],[-71.69409,-35.44364]]}},{"type":"Feature","properties":{"nombre":"27 Sur","jerarquia":5},"geometry":{"type":"LineString","coordinates":[[-71.68795,-35.44588],[-71.68756,-35.44595]]}},{"type":"Feature","properties":{"nombre":"27 Sur","jerarquia":5},"geometry":{"type":"LineString","coordinates":[[-71.68756,-35.44595],[-71.68702,-35.44602]]}},{"type":"Feature","properties":{"nombre":"27 Sur","jerarquia":5},"geometry":{"type":"LineString","coordinates":[[-71.68702,-35.44602],[-71.68653,-35.44609]]}},{"type":"Feature","properties":{"nombre":"27 Sur","jerarquia":5},"geometry":{"type":"LineString","coordinates":[[-71.68653,-35.44609],[-71.68599,-35.44616]]}},{"type":"Feature","properties":{"nombre":"27 Sur","jerarquia":5},"geometry":{"type":"LineString","coordinates":[[-71.68599,-35.44616],[-71.68552,-35.44622]]}},{"type":"Feature","properties":{"nombre":"27 Sur","jerarquia":5},"geometry":{"type":"LineString","coordinates":[[-71.68552,-35.44622],[-71.68505,-35.44628]]}},{"type":"Feature","properties":{"nombre":"27 Sur","jerarquia":5},"geometry":{"type":"LineString","coordinates":[[-71.68505,-35.44628],[-71.68452,-35.44636]]}},{"type":"Feature","properties":{"nombre":"27 Sur","jerarquia":5},"geometry":{"type":"LineString","coordinates":[[-71.68452,-35.44636],[-71.68405,-35.44643]]}},{"type":"Feature","properties":{"nombre":"27 Sur","jerarquia":5},"geometry":{"type":"LineString","coordinates":[[-71.68405,-35.44643],[-71.68354,-35.44654]]}},{"type":"Feature","properties":{"nombre":"27 Sur","jerarquia":5},"geometry":{"type":"LineString","coordinates":[[-71.68354,-35.44654],[-71.68313,-35.44668]]}},{"type":"Feature","properties":{"nombre":"27 Sur","jerarquia":5},"geometry":{"type":"LineString","coordinates":[[-71.68313,-35.44668],[-71.68269,-35.44683]]}},{"type":"Feature","properties":{"nombre":"27 Sur","jerarquia":5},"geometry":{"type":"LineString","coordinates":[[-71.68269,-35.44683],[-71.68223,-35.44697]]}},{"type":"Feature","properties":{"nombre":"27 Sur","jerarquia":5},"geometry":{"type":"LineString","coordinates":[[-71.68223,-35.44697],[-71.68176,-35.44712]]}},{"type":"Feature","properties":{"nombre":"Avenida Colín","jerarquia":3},"geometry":{"type":"LineString","coordinates":[[-71.68807,-35.44584],[-71.68878,-35.4467]]}},{"type":"Feature","properties":{"nombre":"Avenida Colín","jerarquia":3},"geometry":{"type":"LineString","coordinates":[[-71.68878,-35.4467],[-71.68934,-35.44738]]}},{"type":"Feature","properties":{"nombre":"21 Poniente","jerarquia":5},"geometry":{"type":"LineString","coordinates":[[-71.69833,-35.44215],[-71.69753,-35.44125]]}},{"type":"Feature","properties":{"nombre":"21 Poniente","jerarquia":5},"geometry":{"type":"LineString","coordinates":[[-71.69753,-35.44125],[-71.69716,-35.44083]]}},{"type":"Feature","properties":{"nombre":"Ruta 5 Sur","jerarquia":1},"geometry":{"type":"LineString","coordinates":[[-71.61979,-35.39903],[-71.61968,-35.39893]]}},{"type":"Feature","properties":{"nombre":"Ruta 5 Sur","jerarquia":1},"geometry":{"type":"LineString","coordinates":[[-71.61968,-35.39893],[-71.61915,-35.39842]]}},{"type":"Feature","properties":{"nombre":"17 Poniente","jerarquia":5},"geometry":{"type":"LineString","coordinates":[[-71.68928,-35.43612],[-71.68906,-35.43596],[-71.68883,-35.43587],[-71.68857,-35.43583],[-71.68832,-35.43587]]}},{"type":"Feature","properties":{"nombre":"","jerarquia":4},"geometry":{"type":"LineString","coordinates":[[-71.65945,-35.4376],[-71.65943,-35.43729]]}},{"type":"Feature","properties":{"nombre":"","jerarquia":1},"geometry":{"type":"LineString","coordinates":[[-71.66205,-35.49543],[-71.66187,-35.49452]]}},{"type":"Feature","properties":{"nombre":"","jerarquia":3},"geometry":{"type":"LineString","coordinates":[[-71.65732,-35.42882],[-71.6574,-35.42902],[-71.65731,-35.42916]]}},{"type":"Feature","properties":{"nombre":"Avenida Salvador Allende","jerarquia":3},"geometry":{"type":"LineString","coordinates":[[-71.65055,-35.43047],[-71.65048,-35.42981]]}},{"type":"Feature","properties":{"nombre":"Avenida Salvador Allende","jerarquia":3},"geometry":{"type":"LineString","coordinates":[[-71.65048,-35.42981],[-71.65048,-35.42977]]}},{"type":"Feature","properties":{"nombre":"Calle 1 Sur","jerarquia":4},"geometry":{"type":"LineString","coordinates":[[-71.65033,-35.4284],[-71.65189,-35.42827]]}},{"type":"Feature","properties":{"nombre":"Calle 1 Sur","jerarquia":4},"geometry":{"type":"LineString","coordinates":[[-71.65189,-35.42827],[-71.65205,-35.42826]]}},{"type":"Feature","properties":{"nombre":"Calle 1 Sur","jerarquia":4},"geometry":{"type":"LineString","coordinates":[[-71.65205,-35.42826],[-71.65406,-35.42809]]}},{"type":"Feature","properties":{"nombre":"Calle 1 Sur","jerarquia":4},"geometry":{"type":"LineString","coordinates":[[-71.65406,-35.42809],[-71.65419,-35.42808]]}},{"type":"Feature","properties":{"nombre":"Calle 1 Sur","jerarquia":4},"geometry":{"type":"LineString","coordinates":[[-71.65419,-35.42808],[-71.65549,-35.42798]]}},{"type":"Feature","properties":{"nombre":"Calle 1 Sur","jerarquia":4},"geometry":{"type":"LineString","coordinates":[[-71.65549,-35.42798],[-71.6556,-35.42797]]}},{"type":"Feature","properties":{"nombre":"Calle 1 Sur","jerarquia":4},"geometry":{"type":"LineString","coordinates":[[-71.6556,-35.42797],[-71.6569,-35.42786]]}},{"type":"Feature","properties":{"nombre":"Calle 1 Sur","jerarquia":4},"geometry":{"type":"LineString","coordinates":[[-71.6569,-35.42786],[-71.65703,-35.42784]]}},{"type":"Feature","properties":{"nombre":"Calle 1 Sur","jerarquia":4},"geometry":{"type":"LineString","coordinates":[[-71.65703,-35.42784],[-71.65834,-35.42774]]}},{"type":"Feature","properties":{"nombre":"Calle 1 Sur","jerarquia":4},"geometry":{"type":"LineString","coordinates":[[-71.65834,-35.42774],[-71.65843,-35.42773]]}},{"type":"Feature","properties":{"nombre":"Calle 2 Sur","jerarquia":3},"geometry":{"type":"LineString","coordinates":[[-71.67023,-35.42792],[-71.67041,-35.42788]]}},{"type":"Feature","properties":{"nombre":"Calle 2 Sur","jerarquia":3},"geometry":{"type":"LineString","coordinates":[[-71.67041,-35.42788],[-71.67059,-35.42797]]}},{"type":"Feature","properties":{"nombre":"Calle 2 Sur","jerarquia":3},"geometry":{"type":"LineString","coordinates":[[-71.67023,-35.42792],[-71.66986,-35.42796]]}},{"type":"Feature","properties":{"nombre":"Calle 2 Norte","jerarquia":5},"geometry":{"type":"LineString","coordinates":[[-71.64957,-35.42623],[-71.65002,-35.42583]]}},{"type":"Feature","properties":{"nombre":"Calle 16 Sur","jerarquia":5},"geometry":{"type":"LineString","coordinates":[[-71.66889,-35.44236],[-71.66838,-35.44261]]}},{"type":"Feature","properties":{"nombre":"Calle 16 Sur","jerarquia":5},"geometry":{"type":"LineString","coordinates":[[-71.66838,-35.44261],[-71.66828,-35.44265]]}},{"type":"Feature","properties":{"nombre":"Calle 16 Sur","jerarquia":5},"geometry":{"type":"LineString","coordinates":[[-71.66828,-35.44265],[-71.66767,-35.44292]]}},{"type":"Feature","properties":{"nombre":"Calle 16 Sur","jerarquia":5},"geometry":{"type":"LineString","coordinates":[[-71.66767,-35.44292],[-71.66702,-35.44322]]}},{"type":"Feature","properties":{"nombre":"Calle 16 Sur","jerarquia":5},"geometry":{"type":"LineString","coordinates":[[-71.66702,-35.44322],[-71.66686,-35.4433]]}},{"type":"Feature","properties":{"nombre":"Calle 16 Sur","jerarquia":4},"geometry":{"type":"LineString","coordinates":[[-71.66686,-35.4433],[-71.66672,-35.44336]]}},{"type":"Feature","properties":{"nombre":"Calle 16 Sur","jerarquia":4},"geometry":{"type":"LineString","coordinates":[[-71.66672,-35.44336],[-71.66559,-35.44394]]}},{"type":"Feature","properties":{"nombre":"Calle 16 Sur","jerarquia":4},"geometry":{"type":"LineString","coordinates":[[-71.66559,-35.44394],[-71.66547,-35.444]]}},{"type":"Feature","properties":{"nombre":"Calle 16 Sur","jerarquia":4},"geometry":{"type":"LineString","coordinates":[[-71.66547,-35.444],[-71.66524,-35.44413]]}},{"type":"Feature","properties":{"nombre":"Calle 16 Sur","jerarquia":4},"geometry":{"type":"LineString","coordinates":[[-71.66524,-35.44413],[-71.66488,-35.44432]]}},{"type":"Feature","properties":{"nombre":"Calle 16 Sur","jerarquia":4},"geometry":{"type":"LineString","coordinates":[[-71.66488,-35.44432],[-71.66448,-35.44453]]}},{"type":"Feature","properties":{"nombre":"2 Poniente","jerarquia":5},"geometry":{"type":"LineString","coordinates":[[-71.6696,-35.44275],[-71.66889,-35.44236]]}},{"type":"Feature","properties":{"nombre":"Calle Río Claro","jerarquia":5},"geometry":{"type":"LineString","coordinates":[[-71.69013,-35.45265],[-71.69025,-35.45269]]}},{"type":"Feature","properties":{"nombre":"Calle Río Claro","jerarquia":5},"geometry":{"type":"LineString","coordinates":[[-71.69025,-35.45269],[-71.69041,-35.4527]]}},{"type":"Feature","properties":{"nombre":"Calle Río Claro","jerarquia":5},"geometry":{"type":"LineString","coordinates":[[-71.69041,-35.4527],[-71.6913,-35.45243]]}},{"type":"Feature","properties":{"nombre":"Calle Río Claro","jerarquia":5},"geometry":{"type":"LineString","coordinates":[[-71.6913,-35.45243],[-71.69167,-35.45232]]}},{"type":"Feature","properties":{"nombre":"Calle Río Claro","jerarquia":5},"geometry":{"type":"LineString","coordinates":[[-71.69167,-35.45232],[-71.6921,-35.45219]]}},{"type":"Feature","properties":{"nombre":"Calle Río Claro","jerarquia":5},"geometry":{"type":"LineString","coordinates":[[-71.6921,-35.45219],[-71.69252,-35.45207]]}},{"type":"Feature","properties":{"nombre":"Calle Río Claro","jerarquia":5},"geometry":{"type":"LineString","coordinates":[[-71.69252,-35.45207],[-71.69295,-35.45194]]}},{"type":"Feature","properties":{"nombre":"Rodrigo Mendoza","jerarquia":3},"geometry":{"type":"LineString","coordinates":[[-71.68875,-35.45461],[-71.68911,-35.45412]]}},{"type":"Feature","properties":{"nombre":"Avenida Duao","jerarquia":5},"geometry":{"type":"LineString","coordinates":[[-71.68932,-35.45334],[-71.68904,-35.45339]]}},{"type":"Feature","properties":{"nombre":"Avenida Duao","jerarquia":5},"geometry":{"type":"LineString","coordinates":[[-71.68904,-35.45339],[-71.68856,-35.45348]]}},{"type":"Feature","properties":{"nombre":"Avenida Duao","jerarquia":5},"geometry":{"type":"LineString","coordinates":[[-71.68856,-35.45348],[-71.68806,-35.45358]]}},{"type":"Feature","properties":{"nombre":"Avenida Duao","jerarquia":5},"geometry":{"type":"LineString","coordinates":[[-71.68806,-35.45358],[-71.68737,-35.45371]]}},{"type":"Feature","properties":{"nombre":"Avenida Duao","jerarquia":5},"geometry":{"type":"LineString","coordinates":[[-71.68737,-35.45371],[-71.68697,-35.45378]]}},{"type":"Feature","properties":{"nombre":"Avenida Duao","jerarquia":5},"geometry":{"type":"LineString","coordinates":[[-71.68697,-35.45378],[-71.6869,-35.4538]]}},{"type":"Feature","properties":{"nombre":"Avenida Duao","jerarquia":5},"geometry":{"type":"LineString","coordinates":[[-71.6869,-35.4538],[-71.68651,-35.45384]]}},{"type":"Feature","properties":{"nombre":"Avenida Duao","jerarquia":5},"geometry":{"type":"LineString","coordinates":[[-71.68651,-35.45384],[-71.68644,-35.45384]]}},{"type":"Feature","properties":{"nombre":"Avenida Duao","jerarquia":5},"geometry":{"type":"LineString","coordinates":[[-71.68644,-35.45384],[-71.68594,-35.4538]]}},{"type":"Feature","properties":{"nombre":"Avenida Duao","jerarquia":5},"geometry":{"type":"LineString","coordinates":[[-71.68594,-35.4538],[-71.68544,-35.45378]]}},{"type":"Feature","properties":{"nombre":"Avenida Duao","jerarquia":5},"geometry":{"type":"LineString","coordinates":[[-71.68544,-35.45378],[-71.68476,-35.45386]]}},{"type":"Feature","properties":{"nombre":"Avenida Duao","jerarquia":5},"geometry":{"type":"LineString","coordinates":[[-71.68476,-35.45386],[-71.68429,-35.45393]]}},{"type":"Feature","properties":{"nombre":"Avenida Duao","jerarquia":5},"geometry":{"type":"LineString","coordinates":[[-71.68429,-35.45393],[-71.68377,-35.454]]}},{"type":"Feature","properties":{"nombre":"Avenida Duao","jerarquia":5},"geometry":{"type":"LineString","coordinates":[[-71.68377,-35.454],[-71.68333,-35.45408]]}},{"type":"Feature","properties":{"nombre":"Avenida Duao","jerarquia":5},"geometry":{"type":"LineString","coordinates":[[-71.68333,-35.45408],[-71.68289,-35.45417]]}},{"type":"Feature","properties":{"nombre":"Avenida Duao","jerarquia":5},"geometry":{"type":"LineString","coordinates":[[-71.68289,-35.45417],[-71.68249,-35.45425]]}},{"type":"Feature","properties":{"nombre":"Avenida Duao","jerarquia":5},"geometry":{"type":"LineString","coordinates":[[-71.68249,-35.45425],[-71.68232,-35.45428]]}},{"type":"Feature","properties":{"nombre":"Ruta K-390","jerarquia":4},"geometry":{"type":"LineString","coordinates":[[-71.69184,-35.45503],[-71.69097,-35.45402]]}},{"type":"Feature","properties":{"nombre":"Ruta K-390","jerarquia":4},"geometry":{"type":"LineString","coordinates":[[-71.69097,-35.45402],[-71.6904,-35.45332]]}},{"type":"Feature","properties":{"nombre":"","jerarquia":3},"geometry":{"type":"LineString","coordinates":[[-71.69017,-35.45193],[-71.69031,-35.45189]]}},{"type":"Feature","properties":{"nombre":"Calle 2 Norte","jerarquia":5},"geometry":{"type":"LineString","coordinates":[[-71.64579,-35.42531],[-71.64624,-35.42543]]}},{"type":"Feature","properties":{"nombre":"Calle 2 Norte","jerarquia":5},"geometry":{"type":"LineString","coordinates":[[-71.64624,-35.42543],[-71.64636,-35.42548]]}},{"type":"Feature","properties":{"nombre":"Avenida Alameda Bernardo O'Higgins","jerarquia":3},"geometry":{"type":"LineString","coordinates":[[-71.64564,-35.42526],[-71.64606,-35.42505],[-71.64639,-35.42482],[-71.64704,-35.42392]]}},{"type":"Feature","properties":{"nombre":"Avenida Alameda Bernardo O'Higgins","jerarquia":3},"geometry":{"type":"LineString","coordinates":[[-71.64704,-35.42392],[-71.64753,-35.42354],[-71.6481,-35.4233],[-71.64846,-35.42323],[-71.64959,-35.42315]]}},{"type":"Feature","properties":{"nombre":"Avenida Alameda Bernardo O'Higgins","jerarquia":3},"geometry":{"type":"LineString","coordinates":[[-71.64959,-35.42315],[-71.64967,-35.42314]]}},{"type":"Feature","properties":{"nombre":"Calle 23 Oriente","jerarquia":5},"geometry":{"type":"LineString","coordinates":[[-71.63152,-35.42689],[-71.63105,-35.42609]]}},{"type":"Feature","properties":{"nombre":"Calle 23 Oriente","jerarquia":5},"geometry":{"type":"LineString","coordinates":[[-71.63435,-35.43241],[-71.63427,-35.43225]]}},{"type":"Feature","properties":{"nombre":"Calle 23 Oriente","jerarquia":5},"geometry":{"type":"LineString","coordinates":[[-71.63427,-35.43225],[-71.634,-35.43172]]}},{"type":"Feature","properties":{"nombre":"Calle 23 Oriente","jerarquia":5},"geometry":{"type":"LineString","coordinates":[[-71.634,-35.43172],[-71.63374,-35.43122]]}},{"type":"Feature","properties":{"nombre":"Calle 23 Oriente","jerarquia":5},"geometry":{"type":"LineString","coordinates":[[-71.63374,-35.43122],[-71.63363,-35.431]]}},{"type":"Feature","properties":{"nombre":"Calle 23 Oriente","jerarquia":5},"geometry":{"type":"LineString","coordinates":[[-71.63363,-35.431],[-71.63315,-35.43006]]}},{"type":"Feature","properties":{"nombre":"Calle 23 Oriente","jerarquia":5},"geometry":{"type":"LineString","coordinates":[[-71.63315,-35.43006],[-71.63312,-35.43]]}},{"type":"Feature","properties":{"nombre":"Calle 23 Oriente","jerarquia":5},"geometry":{"type":"LineString","coordinates":[[-71.63312,-35.43],[-71.63307,-35.4299]]}},{"type":"Feature","properties":{"nombre":"Calle 23 Oriente","jerarquia":5},"geometry":{"type":"LineString","coordinates":[[-71.63307,-35.4299],[-71.63304,-35.42983]]}},{"type":"Feature","properties":{"nombre":"","jerarquia":2},"geometry":{"type":"LineString","coordinates":[[-71.63452,-35.43275],[-71.6344,-35.43289]]}},{"type":"Feature","properties":{"nombre":"","jerarquia":5},"geometry":{"type":"LineString","coordinates":[[-71.62757,-35.43088],[-71.62787,-35.43079]]}},{"type":"Feature","properties":{"nombre":"","jerarquia":5},"geometry":{"type":"LineString","coordinates":[[-71.62787,-35.43079],[-71.62793,-35.43077]]}},{"type":"Feature","properties":{"nombre":"","jerarquia":3},"geometry":{"type":"LineString","coordinates":[[-71.64498,-35.42598],[-71.64489,-35.42587],[-71.64471,-35.42583]]}},{"type":"Feature","properties":{"nombre":"","jerarquia":3},"geometry":{"type":"LineString","coordinates":[[-71.6463,-35.42503],[-71.64622,-35.42518],[-71.64624,-35.42543]]}},{"type":"Feature","properties":{"nombre":"Ruta K-118","jerarquia":5},"geometry":{"type":"LineString","coordinates":[[-71.67752,-35.39783],[-71.67765,-35.39783]]}},{"type":"Feature","properties":{"nombre":"Calle 16 Sur","jerarquia":5},"geometry":{"type":"LineString","coordinates":[[-71.66889,-35.44236],[-71.66946,-35.44155]]}},{"type":"Feature","properties":{"nombre":"Ruta K-120","jerarquia":5},"geometry":{"type":"LineString","coordinates":[[-71.63922,-35.37379],[-71.64037,-35.37376],[-71.64463,-35.37443],[-71.64572,-35.3745],[-71.64652,-35.37433],[-71.64719,-35.37438],[-71.64831,-35.37465],[-71.64869,-35.3748],[-71.64902,-35.37503],[-71.64962,-35.37573],[-71.65113,-35.3769]]}},{"type":"Feature","properties":{"nombre":"Ruta K-120","jerarquia":5},"geometry":{"type":"LineString","coordinates":[[-71.65131,-35.37694],[-71.65212,-35.37725],[-71.65286,-35.3774],[-71.65404,-35.37799],[-71.6565,-35.37867],[-71.65694,-35.3787],[-71.65894,-35.37856],[-71.65917,-35.37871],[-71.65965,-35.37949],[-71.65964,-35.37977],[-71.65934,-35.38053],[-71.6594,-35.38111],[-71.6592,-35.38166],[-71.65938,-35.38311],[-71.65954,-35.38344]]}},{"type":"Feature","properties":{"nombre":"Ruta K-120","jerarquia":5},"geometry":{"type":"LineString","coordinates":[[-71.65113,-35.3769],[-71.65131,-35.37694]]}},{"type":"Feature","properties":{"nombre":"Ruta K-120","jerarquia":5},"geometry":{"type":"LineString","coordinates":[[-71.65954,-35.38344],[-71.65944,-35.38364]]}},{"type":"Feature","properties":{"nombre":"Ruta K-120","jerarquia":5},"geometry":{"type":"LineString","coordinates":[[-71.63896,-35.37369],[-71.63922,-35.37379]]}},{"type":"Feature","properties":{"nombre":"","jerarquia":1},"geometry":{"type":"LineString","coordinates":[[-71.69022,-35.53551],[-71.6904,-35.53559],[-71.69059,-35.5356]]}},{"type":"Feature","properties":{"nombre":"","jerarquia":1},"geometry":{"type":"LineString","coordinates":[[-71.69272,-35.54114],[-71.69304,-35.54109],[-71.69313,-35.54102],[-71.69318,-35.54088]]}},{"type":"Feature","properties":{"nombre":"","jerarquia":1},"geometry":{"type":"LineString","coordinates":[[-71.69059,-35.5356],[-71.69055,-35.53576],[-71.69059,-35.53596]]}},{"type":"Feature","properties":{"nombre":"","jerarquia":1},"geometry":{"type":"LineString","coordinates":[[-71.68263,-35.52684],[-71.68309,-35.52756]]}},{"type":"Feature","properties":{"nombre":"","jerarquia":1},"geometry":{"type":"LineString","coordinates":[[-71.64295,-35.4476],[-71.64283,-35.4467]]}},{"type":"Feature","properties":{"nombre":"Calle 1 Oriente","jerarquia":4},"geometry":{"type":"LineString","coordinates":[[-71.66686,-35.4433],[-71.66685,-35.44316]]}},{"type":"Feature","properties":{"nombre":"Calle 1 Oriente","jerarquia":4},"geometry":{"type":"LineString","coordinates":[[-71.66685,-35.44316],[-71.66666,-35.44055]]}},{"type":"Feature","properties":{"nombre":"Calle 1 Oriente","jerarquia":4},"geometry":{"type":"LineString","coordinates":[[-71.66666,-35.44055],[-71.66657,-35.43964]]}},{"type":"Feature","properties":{"nombre":"Calle 1 Oriente","jerarquia":4},"geometry":{"type":"LineString","coordinates":[[-71.66657,-35.43964],[-71.66649,-35.43873]]}},{"type":"Feature","properties":{"nombre":"Calle 1 Oriente","jerarquia":4},"geometry":{"type":"LineString","coordinates":[[-71.66649,-35.43873],[-71.66641,-35.43784]]}},{"type":"Feature","properties":{"nombre":"Calle 1 Oriente","jerarquia":4},"geometry":{"type":"LineString","coordinates":[[-71.66641,-35.43784],[-71.66629,-35.4367]]}},{"type":"Feature","properties":{"nombre":"Calle 1 Oriente","jerarquia":4},"geometry":{"type":"LineString","coordinates":[[-71.66629,-35.4367],[-71.66628,-35.43661]]}},{"type":"Feature","properties":{"nombre":"Calle 18 Sur","jerarquia":5},"geometry":{"type":"LineString","coordinates":[[-71.66544,-35.44743],[-71.66614,-35.44706]]}},{"type":"Feature","properties":{"nombre":"Calle 18 Sur","jerarquia":5},"geometry":{"type":"LineString","coordinates":[[-71.66614,-35.44706],[-71.66677,-35.4467]]}},{"type":"Feature","properties":{"nombre":"Calle 18 Sur","jerarquia":5},"geometry":{"type":"LineString","coordinates":[[-71.66677,-35.4467],[-71.66732,-35.44643]]}},{"type":"Feature","properties":{"nombre":"Calle 18 Sur","jerarquia":5},"geometry":{"type":"LineString","coordinates":[[-71.66732,-35.44643],[-71.66778,-35.44624]]}},{"type":"Feature","properties":{"nombre":"Calle 18 Sur","jerarquia":5},"geometry":{"type":"LineString","coordinates":[[-71.66778,-35.44624],[-71.66802,-35.44615]]}},{"type":"Feature","properties":{"nombre":"Calle 18 Sur","jerarquia":5},"geometry":{"type":"LineString","coordinates":[[-71.66802,-35.44615],[-71.66857,-35.44592]]}},{"type":"Feature","properties":{"nombre":"Calle 18 Sur","jerarquia":5},"geometry":{"type":"LineString","coordinates":[[-71.66857,-35.44592],[-71.6687,-35.44587]]}},{"type":"Feature","properties":{"nombre":"12 Sur","jerarquia":5},"geometry":{"type":"LineString","coordinates":[[-71.63899,-35.44407],[-71.63917,-35.444]]}},{"type":"Feature","properties":{"nombre":"12 Sur","jerarquia":5},"geometry":{"type":"LineString","coordinates":[[-71.63917,-35.444],[-71.64032,-35.44358],[-71.64043,-35.44348],[-71.6406,-35.4431]]}},{"type":"Feature","properties":{"nombre":"20 Oriente","jerarquia":3},"geometry":{"type":"LineString","coordinates":[[-71.63989,-35.43813],[-71.64032,-35.4392]]}},{"type":"Feature","properties":{"nombre":"20 Oriente","jerarquia":3},"geometry":{"type":"LineString","coordinates":[[-71.64032,-35.4392],[-71.64073,-35.44024]]}},{"type":"Feature","properties":{"nombre":"20 Oriente","jerarquia":3},"geometry":{"type":"LineString","coordinates":[[-71.64073,-35.44024],[-71.64101,-35.44096]]}},{"type":"Feature","properties":{"nombre":"20 Oriente","jerarquia":3},"geometry":{"type":"LineString","coordinates":[[-71.64101,-35.44096],[-71.64108,-35.44112]]}},{"type":"Feature","properties":{"nombre":"","jerarquia":3},"geometry":{"type":"LineString","coordinates":[[-71.63977,-35.43781],[-71.64009,-35.43796]]}},{"type":"Feature","properties":{"nombre":"","jerarquia":3},"geometry":{"type":"LineString","coordinates":[[-71.64009,-35.43796],[-71.64018,-35.43797]]}},{"type":"Feature","properties":{"nombre":"20 Oriente","jerarquia":2},"geometry":{"type":"LineString","coordinates":[[-71.63597,-35.42871],[-71.63603,-35.42888]]}},{"type":"Feature","properties":{"nombre":"20 Oriente","jerarquia":2},"geometry":{"type":"LineString","coordinates":[[-71.63603,-35.42888],[-71.63606,-35.42895]]}},{"type":"Feature","properties":{"nombre":"Caletera Ruta 5","jerarquia":5},"geometry":{"type":"LineString","coordinates":[[-71.63462,-35.42545],[-71.63506,-35.42657]]}},{"type":"Feature","properties":{"nombre":"Caletera Ruta 5","jerarquia":5},"geometry":{"type":"LineString","coordinates":[[-71.63506,-35.42657],[-71.63513,-35.42681]]}},{"type":"Feature","properties":{"nombre":"","jerarquia":1},"geometry":{"type":"LineString","coordinates":[[-71.62728,-35.40848],[-71.62746,-35.40832],[-71.6275,-35.40813]]}},{"type":"Feature","properties":{"nombre":"","jerarquia":1},"geometry":{"type":"LineString","coordinates":[[-71.62772,-35.40868],[-71.62754,-35.40851],[-71.62728,-35.40848]]}},{"type":"Feature","properties":{"nombre":"Avenida 21 Norte","jerarquia":5},"geometry":{"type":"LineString","coordinates":[[-71.62381,-35.41108],[-71.62299,-35.41137],[-71.62214,-35.41184]]}},{"type":"Feature","properties":{"nombre":"Avenida 21 Norte","jerarquia":5},"geometry":{"type":"LineString","coordinates":[[-71.62214,-35.41184],[-71.62198,-35.41195]]}},{"type":"Feature","properties":{"nombre":"","jerarquia":1},"geometry":{"type":"LineString","coordinates":[[-71.60499,-35.38359],[-71.60524,-35.38371]]}},{"type":"Feature","properties":{"nombre":"","jerarquia":1},"geometry":{"type":"LineString","coordinates":[[-71.60524,-35.38371],[-71.60551,-35.38385]]}},{"type":"Feature","properties":{"nombre":"","jerarquia":4},"geometry":{"type":"LineString","coordinates":[[-71.59102,-35.37039],[-71.59205,-35.37131],[-71.59272,-35.37162],[-71.59295,-35.37179]]}},{"type":"Feature","properties":{"nombre":"Caletera Ruta 5 Sur","jerarquia":5},"geometry":{"type":"LineString","coordinates":[[-71.57813,-35.35542],[-71.57885,-35.35625],[-71.57978,-35.3572]]}},{"type":"Feature","properties":{"nombre":"Caletera Ruta 5 Sur","jerarquia":5},"geometry":{"type":"LineString","coordinates":[[-71.57978,-35.3572],[-71.58287,-35.36047],[-71.5858,-35.36371]]}},{"type":"Feature","properties":{"nombre":"Caletera Ruta 5 Sur","jerarquia":5},"geometry":{"type":"LineString","coordinates":[[-71.5858,-35.36371],[-71.58746,-35.36547]]}},{"type":"Feature","properties":{"nombre":"Caletera Ruta 5 Sur","jerarquia":5},"geometry":{"type":"LineString","coordinates":[[-71.58746,-35.36547],[-71.58955,-35.36756],[-71.58974,-35.36765],[-71.59,-35.36768],[-71.59025,-35.36765],[-71.59062,-35.36746],[-71.59088,-35.36751]]}},{"type":"Feature","properties":{"nombre":"Caletera Ruta 5 Sur","jerarquia":5},"geometry":{"type":"LineString","coordinates":[[-71.59088,-35.36751],[-71.59104,-35.36763]]}},{"type":"Feature","properties":{"nombre":"Avenida Padre Guido Lebret","jerarquia":3},"geometry":{"type":"LineString","coordinates":[[-71.67598,-35.42962],[-71.67563,-35.42923]]}},{"type":"Feature","properties":{"nombre":"Avenida Padre Guido Lebret","jerarquia":3},"geometry":{"type":"LineString","coordinates":[[-71.67522,-35.42826],[-71.67522,-35.42819]]}},{"type":"Feature","properties":{"nombre":"Avenida Padre Guido Lebret","jerarquia":3},"geometry":{"type":"LineString","coordinates":[[-71.67522,-35.42819],[-71.67521,-35.42781]]}},{"type":"Feature","properties":{"nombre":"Avenida Padre Guido Lebret","jerarquia":3},"geometry":{"type":"LineString","coordinates":[[-71.67521,-35.42781],[-71.67516,-35.42738]]}},{"type":"Feature","properties":{"nombre":"Avenida Padre Guido Lebret","jerarquia":3},"geometry":{"type":"LineString","coordinates":[[-71.67516,-35.42738],[-71.67515,-35.42705]]}},{"type":"Feature","properties":{"nombre":"Avenida Padre Guido Lebret","jerarquia":3},"geometry":{"type":"LineString","coordinates":[[-71.67515,-35.42705],[-71.67521,-35.42611],[-71.67528,-35.42588]]}},{"type":"Feature","properties":{"nombre":"Avenida Padre Guido Lebret","jerarquia":3},"geometry":{"type":"LineString","coordinates":[[-71.67528,-35.42588],[-71.67556,-35.42534],[-71.67567,-35.42502]]}},{"type":"Feature","properties":{"nombre":"","jerarquia":2},"geometry":{"type":"LineString","coordinates":[[-71.63146,-35.43356],[-71.63202,-35.43355]]}},{"type":"Feature","properties":{"nombre":"Avenida Ignacio Carrera Pinto","jerarquia":3},"geometry":{"type":"LineString","coordinates":[[-71.68039,-35.43608],[-71.67994,-35.43536]]}},{"type":"Feature","properties":{"nombre":"Avenida Ignacio Carrera Pinto","jerarquia":3},"geometry":{"type":"LineString","coordinates":[[-71.67994,-35.43536],[-71.67986,-35.43523]]}},{"type":"Feature","properties":{"nombre":"Avenida Padre Guido Lebret","jerarquia":3},"geometry":{"type":"LineString","coordinates":[[-71.6769,-35.43091],[-71.6764,-35.43015],[-71.67598,-35.42962]]}},{"type":"Feature","properties":{"nombre":"Avenida Colín","jerarquia":3},"geometry":{"type":"LineString","coordinates":[[-71.68515,-35.44245],[-71.68459,-35.44177]]}},{"type":"Feature","properties":{"nombre":"Avenida Ignacio Carrera Pinto","jerarquia":3},"geometry":{"type":"LineString","coordinates":[[-71.6769,-35.43091],[-71.67656,-35.43053]]}},{"type":"Feature","properties":{"nombre":"Avenida Ignacio Carrera Pinto","jerarquia":3},"geometry":{"type":"LineString","coordinates":[[-71.67656,-35.43053],[-71.67614,-35.42995]]}},{"type":"Feature","properties":{"nombre":"Avenida Ignacio Carrera Pinto","jerarquia":3},"geometry":{"type":"LineString","coordinates":[[-71.67614,-35.42995],[-71.67583,-35.42964],[-71.67551,-35.42946],[-71.67523,-35.42937],[-71.67468,-35.42931]]}},{"type":"Feature","properties":{"nombre":"Avenida Ignacio Carrera Pinto","jerarquia":3},"geometry":{"type":"LineString","coordinates":[[-71.67901,-35.43395],[-71.67784,-35.43228]]}},{"type":"Feature","properties":{"nombre":"Avenida Ignacio Carrera Pinto","jerarquia":3},"geometry":{"type":"LineString","coordinates":[[-71.67784,-35.43228],[-71.67764,-35.432]]}},{"type":"Feature","properties":{"nombre":"Avenida Ignacio Carrera Pinto","jerarquia":3},"geometry":{"type":"LineString","coordinates":[[-71.68214,-35.43853],[-71.68268,-35.43922]]}},{"type":"Feature","properties":{"nombre":"Avenida Ignacio Carrera Pinto","jerarquia":3},"geometry":{"type":"LineString","coordinates":[[-71.68268,-35.43922],[-71.68274,-35.43929]]}},{"type":"Feature","properties":{"nombre":"Avenida Ignacio Carrera Pinto","jerarquia":3},"geometry":{"type":"LineString","coordinates":[[-71.68274,-35.43929],[-71.68286,-35.43944]]}},{"type":"Feature","properties":{"nombre":"Avenida Ignacio Carrera Pinto","jerarquia":3},"geometry":{"type":"LineString","coordinates":[[-71.67632,-35.42988],[-71.67652,-35.43017]]}},{"type":"Feature","properties":{"nombre":"Avenida Ignacio Carrera Pinto","jerarquia":3},"geometry":{"type":"LineString","coordinates":[[-71.67652,-35.43017],[-71.67665,-35.43035]]}},{"type":"Feature","properties":{"nombre":"Avenida Ignacio Carrera Pinto","jerarquia":3},"geometry":{"type":"LineString","coordinates":[[-71.67665,-35.43035],[-71.67732,-35.43128]]}},{"type":"Feature","properties":{"nombre":"Avenida Ignacio Carrera Pinto","jerarquia":3},"geometry":{"type":"LineString","coordinates":[[-71.67732,-35.43128],[-71.67739,-35.43139]]}},{"type":"Feature","properties":{"nombre":"Avenida Ignacio Carrera Pinto","jerarquia":3},"geometry":{"type":"LineString","coordinates":[[-71.6803,-35.43566],[-71.68068,-35.43624]]}},{"type":"Feature","properties":{"nombre":"Avenida Ignacio Carrera Pinto","jerarquia":3},"geometry":{"type":"LineString","coordinates":[[-71.68068,-35.43624],[-71.6813,-35.43722]]}},{"type":"Feature","properties":{"nombre":"Avenida Ignacio Carrera Pinto","jerarquia":3},"geometry":{"type":"LineString","coordinates":[[-71.6813,-35.43722],[-71.68161,-35.43772]]}},{"type":"Feature","properties":{"nombre":"","jerarquia":3},"geometry":{"type":"LineString","coordinates":[[-71.67665,-35.43035],[-71.67701,-35.43056]]}},{"type":"Feature","properties":{"nombre":"","jerarquia":3},"geometry":{"type":"LineString","coordinates":[[-71.6813,-35.43722],[-71.68182,-35.43762]]}},{"type":"Feature","properties":{"nombre":"5 Poniente","jerarquia":5},"geometry":{"type":"LineString","coordinates":[[-71.67885,-35.44374],[-71.67911,-35.44404]]}},{"type":"Feature","properties":{"nombre":"5 Poniente","jerarquia":5},"geometry":{"type":"LineString","coordinates":[[-71.67911,-35.44404],[-71.6794,-35.44438]]}},{"type":"Feature","properties":{"nombre":"5 Poniente","jerarquia":5},"geometry":{"type":"LineString","coordinates":[[-71.6794,-35.44438],[-71.67968,-35.44471]]}},{"type":"Feature","properties":{"nombre":"5 Poniente","jerarquia":5},"geometry":{"type":"LineString","coordinates":[[-71.67968,-35.44471],[-71.67993,-35.44499]]}},{"type":"Feature","properties":{"nombre":"5 Poniente","jerarquia":5},"geometry":{"type":"LineString","coordinates":[[-71.67993,-35.44499],[-71.68019,-35.4453]]}},{"type":"Feature","properties":{"nombre":"5 Poniente","jerarquia":5},"geometry":{"type":"LineString","coordinates":[[-71.68019,-35.4453],[-71.68085,-35.44607]]}},{"type":"Feature","properties":{"nombre":"5 Poniente","jerarquia":5},"geometry":{"type":"LineString","coordinates":[[-71.68085,-35.44607],[-71.68143,-35.44675]]}},{"type":"Feature","properties":{"nombre":"","jerarquia":3},"geometry":{"type":"LineString","coordinates":[[-71.68577,-35.44302],[-71.68612,-35.44317]]}},{"type":"Feature","properties":{"nombre":"26 Sur","jerarquia":5},"geometry":{"type":"LineString","coordinates":[[-71.68659,-35.44375],[-71.68692,-35.4431],[-71.68734,-35.44273]]}},{"type":"Feature","properties":{"nombre":"26 Sur","jerarquia":5},"geometry":{"type":"LineString","coordinates":[[-71.68734,-35.44273],[-71.6877,-35.4426],[-71.68877,-35.44234]]}},{"type":"Feature","properties":{"nombre":"Avenida Colín","jerarquia":3},"geometry":{"type":"LineString","coordinates":[[-71.68795,-35.44588],[-71.68758,-35.44544]]}},{"type":"Feature","properties":{"nombre":"Calle 14 Poniente","jerarquia":5},"geometry":{"type":"LineString","coordinates":[[-71.68768,-35.43861],[-71.68734,-35.43827]]}},{"type":"Feature","properties":{"nombre":"Calle 14 Poniente","jerarquia":5},"geometry":{"type":"LineString","coordinates":[[-71.68734,-35.43827],[-71.68686,-35.43773]]}},{"type":"Feature","properties":{"nombre":"Calle 14 Poniente","jerarquia":5},"geometry":{"type":"LineString","coordinates":[[-71.68686,-35.43773],[-71.68631,-35.43712]]}},{"type":"Feature","properties":{"nombre":"26 Sur","jerarquia":5},"geometry":{"type":"LineString","coordinates":[[-71.68642,-35.44401],[-71.68523,-35.44469]]}},{"type":"Feature","properties":{"nombre":"26 Sur","jerarquia":5},"geometry":{"type":"LineString","coordinates":[[-71.68523,-35.44469],[-71.68458,-35.44506]]}},{"type":"Feature","properties":{"nombre":"26 Sur","jerarquia":5},"geometry":{"type":"LineString","coordinates":[[-71.68458,-35.44506],[-71.68426,-35.44524]]}},{"type":"Feature","properties":{"nombre":"26 Sur","jerarquia":5},"geometry":{"type":"LineString","coordinates":[[-71.68426,-35.44524],[-71.68262,-35.44618]]}},{"type":"Feature","properties":{"nombre":"26 Sur","jerarquia":5},"geometry":{"type":"LineString","coordinates":[[-71.68262,-35.44618],[-71.6815,-35.44683]]}},{"type":"Feature","properties":{"nombre":"26 Sur","jerarquia":5},"geometry":{"type":"LineString","coordinates":[[-71.6815,-35.44683],[-71.68058,-35.44736]]}},{"type":"Feature","properties":{"nombre":"14 poniente","jerarquia":5},"geometry":{"type":"LineString","coordinates":[[-71.69069,-35.44182],[-71.69069,-35.44188]]}},{"type":"Feature","properties":{"nombre":"14 poniente","jerarquia":5},"geometry":{"type":"LineString","coordinates":[[-71.69069,-35.44188],[-71.69057,-35.44193]]}},{"type":"Feature","properties":{"nombre":"14 poniente","jerarquia":5},"geometry":{"type":"LineString","coordinates":[[-71.69057,-35.44193],[-71.69055,-35.44192]]}},{"type":"Feature","properties":{"nombre":"14 poniente","jerarquia":5},"geometry":{"type":"LineString","coordinates":[[-71.69055,-35.44192],[-71.69052,-35.44182]]}},{"type":"Feature","properties":{"nombre":"14 poniente","jerarquia":5},"geometry":{"type":"LineString","coordinates":[[-71.69052,-35.44182],[-71.69059,-35.44178]]}},{"type":"Feature","properties":{"nombre":"14 poniente","jerarquia":5},"geometry":{"type":"LineString","coordinates":[[-71.69059,-35.44178],[-71.69064,-35.44178]]}},{"type":"Feature","properties":{"nombre":"14 poniente","jerarquia":5},"geometry":{"type":"LineString","coordinates":[[-71.69064,-35.44178],[-71.69069,-35.44182]]}},{"type":"Feature","properties":{"nombre":"26 Sur","jerarquia":5},"geometry":{"type":"LineString","coordinates":[[-71.69055,-35.44192],[-71.69035,-35.44195],[-71.68748,-35.44276]]}},{"type":"Feature","properties":{"nombre":"26 Sur","jerarquia":5},"geometry":{"type":"LineString","coordinates":[[-71.68748,-35.44276],[-71.68707,-35.44308],[-71.68676,-35.44372]]}},{"type":"Feature","properties":{"nombre":"26 Sur","jerarquia":5},"geometry":{"type":"LineString","coordinates":[[-71.68676,-35.44372],[-71.68666,-35.44384]]}},{"type":"Feature","properties":{"nombre":"Avenida Colín","jerarquia":3},"geometry":{"type":"LineString","coordinates":[[-71.68974,-35.44806],[-71.68945,-35.44771]]}},{"type":"Feature","properties":{"nombre":"Avenida Colín","jerarquia":3},"geometry":{"type":"LineString","coordinates":[[-71.68945,-35.44771],[-71.68908,-35.44726]]}},{"type":"Feature","properties":{"nombre":"","jerarquia":3},"geometry":{"type":"LineString","coordinates":[[-71.68743,-35.44478],[-71.68754,-35.44512]]}},{"type":"Feature","properties":{"nombre":"","jerarquia":3},"geometry":{"type":"LineString","coordinates":[[-71.68754,-35.44512],[-71.68758,-35.44524]]}},{"type":"Feature","properties":{"nombre":"Avenida Colín","jerarquia":3},"geometry":{"type":"LineString","coordinates":[[-71.69033,-35.44857],[-71.69042,-35.44882],[-71.69043,-35.44914]]}},{"type":"Feature","properties":{"nombre":"26 Sur","jerarquia":5},"geometry":{"type":"LineString","coordinates":[[-71.68143,-35.44675],[-71.68188,-35.44648]]}},{"type":"Feature","properties":{"nombre":"26 Sur","jerarquia":5},"geometry":{"type":"LineString","coordinates":[[-71.68188,-35.44648],[-71.68221,-35.44629]]}},{"type":"Feature","properties":{"nombre":"26 Sur","jerarquia":5},"geometry":{"type":"LineString","coordinates":[[-71.68221,-35.44629],[-71.68255,-35.4461]]}},{"type":"Feature","properties":{"nombre":"26 Sur","jerarquia":5},"geometry":{"type":"LineString","coordinates":[[-71.68255,-35.4461],[-71.68296,-35.44586]]}},{"type":"Feature","properties":{"nombre":"26 Sur","jerarquia":5},"geometry":{"type":"LineString","coordinates":[[-71.68296,-35.44586],[-71.68335,-35.44564]]}},{"type":"Feature","properties":{"nombre":"26 Sur","jerarquia":5},"geometry":{"type":"LineString","coordinates":[[-71.68335,-35.44564],[-71.68372,-35.44542]]}},{"type":"Feature","properties":{"nombre":"26 Sur","jerarquia":5},"geometry":{"type":"LineString","coordinates":[[-71.68372,-35.44542],[-71.68408,-35.44522]]}},{"type":"Feature","properties":{"nombre":"26 Sur","jerarquia":5},"geometry":{"type":"LineString","coordinates":[[-71.68408,-35.44522],[-71.68421,-35.44514]]}},{"type":"Feature","properties":{"nombre":"El Arenal","jerarquia":5},"geometry":{"type":"LineString","coordinates":[[-71.66939,-35.43293],[-71.669,-35.4332]]}},{"type":"Feature","properties":{"nombre":"El Arenal","jerarquia":5},"geometry":{"type":"LineString","coordinates":[[-71.669,-35.4332],[-71.66883,-35.43332]]}},{"type":"Feature","properties":{"nombre":"El Arenal","jerarquia":5},"geometry":{"type":"LineString","coordinates":[[-71.66883,-35.43332],[-71.66852,-35.43351]]}},{"type":"Feature","properties":{"nombre":"El Arenal","jerarquia":5},"geometry":{"type":"LineString","coordinates":[[-71.66852,-35.43351],[-71.66816,-35.43377]]}},{"type":"Feature","properties":{"nombre":"El Arenal","jerarquia":5},"geometry":{"type":"LineString","coordinates":[[-71.66816,-35.43377],[-71.66785,-35.43399]]}},{"type":"Feature","properties":{"nombre":"El Arenal","jerarquia":5},"geometry":{"type":"LineString","coordinates":[[-71.66785,-35.43399],[-71.6675,-35.43423]]}},{"type":"Feature","properties":{"nombre":"El Arenal","jerarquia":5},"geometry":{"type":"LineString","coordinates":[[-71.6675,-35.43423],[-71.66718,-35.43445]]}},{"type":"Feature","properties":{"nombre":"El Arenal","jerarquia":5},"geometry":{"type":"LineString","coordinates":[[-71.66718,-35.43445],[-71.66687,-35.43467]]}},{"type":"Feature","properties":{"nombre":"El Arenal","jerarquia":5},"geometry":{"type":"LineString","coordinates":[[-71.66687,-35.43467],[-71.66654,-35.4349]]}},{"type":"Feature","properties":{"nombre":"El Arenal","jerarquia":5},"geometry":{"type":"LineString","coordinates":[[-71.66654,-35.4349],[-71.66615,-35.43513]]}},{"type":"Feature","properties":{"nombre":"Calle 18 Sur","jerarquia":4},"geometry":{"type":"LineString","coordinates":[[-71.67082,-35.44415],[-71.67001,-35.44485]]}},{"type":"Feature","properties":{"nombre":"Calle 18 Sur","jerarquia":4},"geometry":{"type":"LineString","coordinates":[[-71.67001,-35.44485],[-71.66904,-35.4457]]}},{"type":"Feature","properties":{"nombre":"Calle 18 Sur","jerarquia":4},"geometry":{"type":"LineString","coordinates":[[-71.67077,-35.44408],[-71.67232,-35.44314]]}},{"type":"Feature","properties":{"nombre":"Calle 18 Sur","jerarquia":4},"geometry":{"type":"LineString","coordinates":[[-71.67232,-35.44314],[-71.67339,-35.44253]]}},{"type":"Feature","properties":{"nombre":"Calle 18 Sur","jerarquia":4},"geometry":{"type":"LineString","coordinates":[[-71.67339,-35.44253],[-71.67438,-35.44196]]}},{"type":"Feature","properties":{"nombre":"Calle 18 Sur","jerarquia":4},"geometry":{"type":"LineString","coordinates":[[-71.67438,-35.44196],[-71.67501,-35.44159]]}},{"type":"Feature","properties":{"nombre":"Calle 18 Sur","jerarquia":4},"geometry":{"type":"LineString","coordinates":[[-71.67501,-35.44159],[-71.67508,-35.44155]]}},{"type":"Feature","properties":{"nombre":"14 Sur","jerarquia":5},"geometry":{"type":"LineString","coordinates":[[-71.67359,-35.43922],[-71.67286,-35.43945]]}},{"type":"Feature","properties":{"nombre":"14 Sur","jerarquia":5},"geometry":{"type":"LineString","coordinates":[[-71.67286,-35.43945],[-71.67213,-35.43966]]}},{"type":"Feature","properties":{"nombre":"14 Sur","jerarquia":5},"geometry":{"type":"LineString","coordinates":[[-71.67213,-35.43966],[-71.67146,-35.43987]]}},{"type":"Feature","properties":{"nombre":"14 Sur","jerarquia":5},"geometry":{"type":"LineString","coordinates":[[-71.67146,-35.43987],[-71.6713,-35.43991]]}},{"type":"Feature","properties":{"nombre":"14 Sur","jerarquia":5},"geometry":{"type":"LineString","coordinates":[[-71.6713,-35.43991],[-71.67096,-35.44002]]}},{"type":"Feature","properties":{"nombre":"14 Sur","jerarquia":5},"geometry":{"type":"LineString","coordinates":[[-71.67096,-35.44002],[-71.67063,-35.44012]]}},{"type":"Feature","properties":{"nombre":"14 Sur","jerarquia":5},"geometry":{"type":"LineString","coordinates":[[-71.67063,-35.44012],[-71.67053,-35.44015]]}},{"type":"Feature","properties":{"nombre":"14 Sur","jerarquia":5},"geometry":{"type":"LineString","coordinates":[[-71.67053,-35.44015],[-71.67003,-35.4403]]}},{"type":"Feature","properties":{"nombre":"14 Sur","jerarquia":5},"geometry":{"type":"LineString","coordinates":[[-71.66307,-35.44162],[-71.66392,-35.44115]]}},{"type":"Feature","properties":{"nombre":"14 Sur","jerarquia":5},"geometry":{"type":"LineString","coordinates":[[-71.66392,-35.44115],[-71.66412,-35.44086]]}},{"type":"Feature","properties":{"nombre":"","jerarquia":5},"geometry":{"type":"LineString","coordinates":[[-71.69635,-35.52519],[-71.69633,-35.52502],[-71.69626,-35.52492]]}},{"type":"Feature","properties":{"nombre":"","jerarquia":5},"geometry":{"type":"LineString","coordinates":[[-71.69626,-35.52492],[-71.69617,-35.52485]]}},{"type":"Feature","properties":{"nombre":"Avenida Padre Guido Lebret","jerarquia":3},"geometry":{"type":"LineString","coordinates":[[-71.67575,-35.42864],[-71.67588,-35.42916],[-71.67632,-35.42988]]}},{"type":"Feature","properties":{"nombre":"","jerarquia":3},"geometry":{"type":"LineString","coordinates":[[-71.67193,-35.42895],[-71.67181,-35.42904]]}},{"type":"Feature","properties":{"nombre":"","jerarquia":3},"geometry":{"type":"LineString","coordinates":[[-71.6511,-35.42324],[-71.64989,-35.42338]]}},{"type":"Feature","properties":{"nombre":"","jerarquia":3},"geometry":{"type":"LineString","coordinates":[[-71.64989,-35.42338],[-71.64983,-35.42345]]}},{"type":"Feature","properties":{"nombre":"18 Oriente","jerarquia":5},"geometry":{"type":"LineString","coordinates":[[-71.63925,-35.42699],[-71.63979,-35.4277]]}},{"type":"Feature","properties":{"nombre":"Avenida Salvador Allende","jerarquia":4},"geometry":{"type":"LineString","coordinates":[[-71.64961,-35.42255],[-71.64962,-35.42211]]}},{"type":"Feature","properties":{"nombre":"Avenida Padre Guido Lebret","jerarquia":3},"geometry":{"type":"LineString","coordinates":[[-71.67563,-35.42923],[-71.67538,-35.42879],[-71.67522,-35.42826]]}},{"type":"Feature","properties":{"nombre":"Avenida del Agua","jerarquia":5},"geometry":{"type":"LineString","coordinates":[[-71.61412,-35.42216],[-71.614,-35.42206],[-71.61394,-35.42194],[-71.6139,-35.42146]]}},{"type":"Feature","properties":{"nombre":"Avenida del Agua","jerarquia":5},"geometry":{"type":"LineString","coordinates":[[-71.6139,-35.42146],[-71.61386,-35.4213]]}},{"type":"Feature","properties":{"nombre":"Avenida del Agua","jerarquia":5},"geometry":{"type":"LineString","coordinates":[[-71.61386,-35.4213],[-71.6136,-35.421]]}},{"type":"Feature","properties":{"nombre":"Avenida del Agua","jerarquia":5},"geometry":{"type":"LineString","coordinates":[[-71.6136,-35.421],[-71.61298,-35.42072],[-71.61229,-35.42065]]}},{"type":"Feature","properties":{"nombre":"Avenida del Agua","jerarquia":5},"geometry":{"type":"LineString","coordinates":[[-71.61229,-35.42065],[-71.61178,-35.42073]]}},{"type":"Feature","properties":{"nombre":"Avenida del Agua","jerarquia":5},"geometry":{"type":"LineString","coordinates":[[-71.61178,-35.42073],[-71.61143,-35.42081],[-71.61115,-35.42082],[-71.61082,-35.42075],[-71.61058,-35.42063]]}},{"type":"Feature","properties":{"nombre":"Avenida del Agua","jerarquia":5},"geometry":{"type":"LineString","coordinates":[[-71.61058,-35.42063],[-71.61019,-35.4203]]}},{"type":"Feature","properties":{"nombre":"Avenida del Agua","jerarquia":5},"geometry":{"type":"LineString","coordinates":[[-71.61019,-35.4203],[-71.61015,-35.42026]]}},{"type":"Feature","properties":{"nombre":"Avenida Sandoval","jerarquia":5},"geometry":{"type":"LineString","coordinates":[[-71.62299,-35.41514],[-71.62319,-35.41517],[-71.62396,-35.41504]]}},{"type":"Feature","properties":{"nombre":"Avenida Sandoval","jerarquia":5},"geometry":{"type":"LineString","coordinates":[[-71.62396,-35.41504],[-71.62452,-35.41494]]}},{"type":"Feature","properties":{"nombre":"Avenida Sandoval","jerarquia":5},"geometry":{"type":"LineString","coordinates":[[-71.62452,-35.41494],[-71.62508,-35.41484]]}},{"type":"Feature","properties":{"nombre":"Avenida Sandoval","jerarquia":5},"geometry":{"type":"LineString","coordinates":[[-71.62508,-35.41484],[-71.62533,-35.41479]]}},{"type":"Feature","properties":{"nombre":"Avenida Sandoval","jerarquia":5},"geometry":{"type":"LineString","coordinates":[[-71.62533,-35.41479],[-71.62723,-35.41437]]}},{"type":"Feature","properties":{"nombre":"Avenida 21 Norte","jerarquia":5},"geometry":{"type":"LineString","coordinates":[[-71.61921,-35.41363],[-71.61855,-35.41406]]}},{"type":"Feature","properties":{"nombre":"Avenida 21 Norte","jerarquia":5},"geometry":{"type":"LineString","coordinates":[[-71.61855,-35.41406],[-71.61815,-35.41431]]}},{"type":"Feature","properties":{"nombre":"Avenida 21 Norte","jerarquia":5},"geometry":{"type":"LineString","coordinates":[[-71.61815,-35.41431],[-71.61676,-35.41517]]}},{"type":"Feature","properties":{"nombre":"Avenida Sandoval","jerarquia":5},"geometry":{"type":"LineString","coordinates":[[-71.62723,-35.41437],[-71.62865,-35.41408]]}},{"type":"Feature","properties":{"nombre":"Avenida Sandoval","jerarquia":5},"geometry":{"type":"LineString","coordinates":[[-71.62865,-35.41408],[-71.62878,-35.41406]]}},{"type":"Feature","properties":{"nombre":"Avenida Alameda Bernardo O'Higgins","jerarquia":3},"geometry":{"type":"LineString","coordinates":[[-71.65124,-35.4227],[-71.65259,-35.4226]]}},{"type":"Feature","properties":{"nombre":"Avenida Alameda Bernardo O'Higgins","jerarquia":3},"geometry":{"type":"LineString","coordinates":[[-71.65259,-35.4226],[-71.65401,-35.4225]]}},{"type":"Feature","properties":{"nombre":"Avenida Alameda Bernardo O'Higgins","jerarquia":3},"geometry":{"type":"LineString","coordinates":[[-71.65401,-35.4225],[-71.6541,-35.42249]]}},{"type":"Feature","properties":{"nombre":"Avenida Alameda Bernardo O'Higgins","jerarquia":3},"geometry":{"type":"LineString","coordinates":[[-71.6541,-35.42249],[-71.65521,-35.42241]]}},{"type":"Feature","properties":{"nombre":"Avenida Alameda Bernardo O'Higgins","jerarquia":3},"geometry":{"type":"LineString","coordinates":[[-71.65521,-35.42241],[-71.6553,-35.42241]]}},{"type":"Feature","properties":{"nombre":"Avenida Alameda Bernardo O'Higgins","jerarquia":3},"geometry":{"type":"LineString","coordinates":[[-71.6553,-35.42241],[-71.65644,-35.42233]]}},{"type":"Feature","properties":{"nombre":"Avenida Alameda Bernardo O'Higgins","jerarquia":3},"geometry":{"type":"LineString","coordinates":[[-71.65644,-35.42233],[-71.65657,-35.42232]]}},{"type":"Feature","properties":{"nombre":"Avenida Alameda Bernardo O'Higgins","jerarquia":3},"geometry":{"type":"LineString","coordinates":[[-71.65657,-35.42232],[-71.65792,-35.42222]]}},{"type":"Feature","properties":{"nombre":"Avenida Alameda Bernardo O'Higgins","jerarquia":3},"geometry":{"type":"LineString","coordinates":[[-71.65792,-35.42222],[-71.65801,-35.42221]]}},{"type":"Feature","properties":{"nombre":"Avenida Alameda Bernardo O'Higgins","jerarquia":3},"geometry":{"type":"LineString","coordinates":[[-71.65801,-35.42221],[-71.65932,-35.42212]]}},{"type":"Feature","properties":{"nombre":"Avenida Alameda Bernardo O'Higgins","jerarquia":3},"geometry":{"type":"LineString","coordinates":[[-71.65932,-35.42212],[-71.65943,-35.42211]]}},{"type":"Feature","properties":{"nombre":"Avenida Alameda Bernardo O'Higgins","jerarquia":3},"geometry":{"type":"LineString","coordinates":[[-71.65943,-35.42211],[-71.6606,-35.42203]]}},{"type":"Feature","properties":{"nombre":"Avenida Alameda Bernardo O'Higgins","jerarquia":3},"geometry":{"type":"LineString","coordinates":[[-71.6606,-35.42203],[-71.66072,-35.42202]]}},{"type":"Feature","properties":{"nombre":"Avenida Alameda Bernardo O'Higgins","jerarquia":3},"geometry":{"type":"LineString","coordinates":[[-71.66072,-35.42202],[-71.66199,-35.42193]]}},{"type":"Feature","properties":{"nombre":"Avenida Alameda Bernardo O'Higgins","jerarquia":3},"geometry":{"type":"LineString","coordinates":[[-71.66199,-35.42193],[-71.66209,-35.42192]]}},{"type":"Feature","properties":{"nombre":"Avenida Alameda Bernardo O'Higgins","jerarquia":3},"geometry":{"type":"LineString","coordinates":[[-71.66209,-35.42192],[-71.66326,-35.42183]]}},{"type":"Feature","properties":{"nombre":"Avenida Alameda Bernardo O'Higgins","jerarquia":3},"geometry":{"type":"LineString","coordinates":[[-71.66326,-35.42183],[-71.66343,-35.42182]]}},{"type":"Feature","properties":{"nombre":"Avenida Alameda Bernardo O'Higgins","jerarquia":3},"geometry":{"type":"LineString","coordinates":[[-71.66343,-35.42182],[-71.66465,-35.42173]]}},{"type":"Feature","properties":{"nombre":"Avenida Alameda Bernardo O'Higgins","jerarquia":3},"geometry":{"type":"LineString","coordinates":[[-71.66465,-35.42173],[-71.66484,-35.42172]]}},{"type":"Feature","properties":{"nombre":"Avenida 12 Norte","jerarquia":4},"geometry":{"type":"LineString","coordinates":[[-71.65201,-35.41374],[-71.65204,-35.4137]]}},{"type":"Feature","properties":{"nombre":"Avenida 12 Norte","jerarquia":4},"geometry":{"type":"LineString","coordinates":[[-71.65204,-35.4137],[-71.65221,-35.41357]]}},{"type":"Feature","properties":{"nombre":"Avenida 12 Norte","jerarquia":4},"geometry":{"type":"LineString","coordinates":[[-71.65221,-35.41357],[-71.6526,-35.41329]]}},{"type":"Feature","properties":{"nombre":"Avenida 12 Norte","jerarquia":4},"geometry":{"type":"LineString","coordinates":[[-71.6526,-35.41329],[-71.65262,-35.41327]]}},{"type":"Feature","properties":{"nombre":"Avenida 12 Norte","jerarquia":4},"geometry":{"type":"LineString","coordinates":[[-71.65262,-35.41327],[-71.65274,-35.41322]]}},{"type":"Feature","properties":{"nombre":"Ramadillas de Lircay","jerarquia":5},"geometry":{"type":"LineString","coordinates":[[-71.60887,-35.41791],[-71.60909,-35.41836]]}},{"type":"Feature","properties":{"nombre":"Ramadillas de Lircay","jerarquia":5},"geometry":{"type":"LineString","coordinates":[[-71.60909,-35.41836],[-71.60964,-35.41947]]}},{"type":"Feature","properties":{"nombre":"Ramadillas de Lircay","jerarquia":5},"geometry":{"type":"LineString","coordinates":[[-71.60964,-35.41947],[-71.60988,-35.41995]]}},{"type":"Feature","properties":{"nombre":"5 Poniente","jerarquia":5},"geometry":{"type":"LineString","coordinates":[[-71.6823,-35.45063],[-71.68222,-35.44975]]}},{"type":"Feature","properties":{"nombre":"Calle 6 Oriente","jerarquia":4},"geometry":{"type":"LineString","coordinates":[[-71.65806,-35.42276],[-71.65811,-35.4225],[-71.65805,-35.42229]]}},{"type":"Feature","properties":{"nombre":"Calle 6 Oriente","jerarquia":4},"geometry":{"type":"LineString","coordinates":[[-71.65805,-35.42229],[-71.65801,-35.42221]]}},{"type":"Feature","properties":{"nombre":"15 Oriente","jerarquia":5},"geometry":{"type":"LineString","coordinates":[[-71.6561,-35.48045],[-71.65572,-35.48012],[-71.65535,-35.47957],[-71.65509,-35.47929],[-71.65401,-35.47839],[-71.65266,-35.47736]]}},{"type":"Feature","properties":{"nombre":"15 Oriente","jerarquia":5},"geometry":{"type":"LineString","coordinates":[[-71.65266,-35.47736],[-71.65143,-35.47635]]}},{"type":"Feature","properties":{"nombre":"15 Oriente","jerarquia":5},"geometry":{"type":"LineString","coordinates":[[-71.65143,-35.47635],[-71.65091,-35.47593],[-71.65018,-35.47547]]}},{"type":"Feature","properties":{"nombre":"Avenida Las Rastras","jerarquia":4},"geometry":{"type":"LineString","coordinates":[[-71.61304,-35.43919],[-71.61232,-35.43832]]}},{"type":"Feature","properties":{"nombre":"Avenida Las Rastras","jerarquia":4},"geometry":{"type":"LineString","coordinates":[[-71.61232,-35.43832],[-71.61141,-35.43724]]}},{"type":"Feature","properties":{"nombre":"Avenida Las Rastras","jerarquia":4},"geometry":{"type":"LineString","coordinates":[[-71.61141,-35.43724],[-71.61091,-35.43665]]}},{"type":"Feature","properties":{"nombre":"Avenida Diego Portales","jerarquia":4},"geometry":{"type":"LineString","coordinates":[[-71.68466,-35.52127],[-71.6858,-35.52083]]}},{"type":"Feature","properties":{"nombre":"Avenida Diego Portales","jerarquia":4},"geometry":{"type":"LineString","coordinates":[[-71.6858,-35.52083],[-71.68661,-35.52054]]}},{"type":"Feature","properties":{"nombre":"Avenida Diego Portales","jerarquia":4},"geometry":{"type":"LineString","coordinates":[[-71.68661,-35.52054],[-71.68697,-35.52053]]}},{"type":"Feature","properties":{"nombre":"Avenida Diego Portales","jerarquia":4},"geometry":{"type":"LineString","coordinates":[[-71.68697,-35.52053],[-71.68839,-35.52077]]}},{"type":"Feature","properties":{"nombre":"Avenida Diego Portales","jerarquia":4},"geometry":{"type":"LineString","coordinates":[[-71.68839,-35.52077],[-71.68917,-35.5209]]}},{"type":"Feature","properties":{"nombre":"Avenida Diego Portales","jerarquia":4},"geometry":{"type":"LineString","coordinates":[[-71.68917,-35.5209],[-71.68995,-35.52104]]}},{"type":"Feature","properties":{"nombre":"Avenida Diego Portales","jerarquia":4},"geometry":{"type":"LineString","coordinates":[[-71.68995,-35.52104],[-71.69149,-35.52132]]}},{"type":"Feature","properties":{"nombre":"Avenida Diego Portales","jerarquia":4},"geometry":{"type":"LineString","coordinates":[[-71.69149,-35.52132],[-71.69302,-35.52159]]}},{"type":"Feature","properties":{"nombre":"Avenida Diego Portales","jerarquia":4},"geometry":{"type":"LineString","coordinates":[[-71.69302,-35.52159],[-71.69436,-35.52183]]}},{"type":"Feature","properties":{"nombre":"Avenida Diego Portales","jerarquia":4},"geometry":{"type":"LineString","coordinates":[[-71.69436,-35.52183],[-71.69461,-35.52187]]}},{"type":"Feature","properties":{"nombre":"","jerarquia":5},"geometry":{"type":"LineString","coordinates":[[-71.61929,-35.39827],[-71.61908,-35.39843]]}},{"type":"Feature","properties":{"nombre":"Avenida Colín","jerarquia":3},"geometry":{"type":"LineString","coordinates":[[-71.69028,-35.44953],[-71.6903,-35.44895],[-71.69024,-35.44873]]}},{"type":"Feature","properties":{"nombre":"Avenida Colín","jerarquia":3},"geometry":{"type":"LineString","coordinates":[[-71.69038,-35.45099],[-71.69036,-35.45126]]}},{"type":"Feature","properties":{"nombre":"Ruta K-505","jerarquia":3},"geometry":{"type":"LineString","coordinates":[[-71.65871,-35.48956],[-71.65878,-35.48994]]}},{"type":"Feature","properties":{"nombre":"Avenida Colín","jerarquia":3},"geometry":{"type":"LineString","coordinates":[[-71.69022,-35.45126],[-71.69024,-35.45099]]}},{"type":"Feature","properties":{"nombre":"Avenida Colín","jerarquia":3},"geometry":{"type":"LineString","coordinates":[[-71.69032,-35.45179],[-71.69031,-35.45189]]}},{"type":"Feature","properties":{"nombre":"Avenida Colín","jerarquia":3},"geometry":{"type":"LineString","coordinates":[[-71.69031,-35.45189],[-71.69026,-35.45216]]}},{"type":"Feature","properties":{"nombre":"Ruta 120","jerarquia":3},"geometry":{"type":"LineString","coordinates":[[-71.66115,-35.48626],[-71.66167,-35.48551]]}},{"type":"Feature","properties":{"nombre":"Ruta K-120","jerarquia":5},"geometry":{"type":"LineString","coordinates":[[-71.65944,-35.38364],[-71.65999,-35.38558],[-71.66054,-35.38711],[-71.66065,-35.38776],[-71.66078,-35.38795],[-71.66102,-35.38809],[-71.66164,-35.38826],[-71.66311,-35.38932],[-71.66372,-35.38969],[-71.66445,-35.3899],[-71.66493,-35.39022],[-71.66538,-35.39036],[-71.66568,-35.39055],[-71.66632,-35.39111],[-71.66687,-35.39175],[-71.6674,-35.39258],[-71.66761,-35.39281],[-71.66793,-35.39305]]}},{"type":"Feature","properties":{"nombre":"Ruta K-118","jerarquia":5},"geometry":{"type":"LineString","coordinates":[[-71.6762,-35.40129],[-71.67613,-35.40114],[-71.67616,-35.40095],[-71.67643,-35.40052],[-71.67649,-35.40031],[-71.67633,-35.39994],[-71.67637,-35.3997],[-71.67656,-35.39937],[-71.67718,-35.3988],[-71.67725,-35.39864],[-71.67735,-35.39792],[-71.67742,-35.39784],[-71.67752,-35.39783]]}},{"type":"Feature","properties":{"nombre":"Ruta K-120","jerarquia":5},"geometry":{"type":"LineString","coordinates":[[-71.63397,-35.34094],[-71.63397,-35.3411],[-71.63386,-35.34128],[-71.63289,-35.34211],[-71.63284,-35.34221],[-71.63411,-35.34454],[-71.63415,-35.34468],[-71.63409,-35.345],[-71.63325,-35.34637],[-71.63321,-35.34663],[-71.63617,-35.35251],[-71.63619,-35.35278],[-71.63609,-35.35302],[-71.63522,-35.35388]]}},{"type":"Feature","properties":{"nombre":"Ruta K-120","jerarquia":5},"geometry":{"type":"LineString","coordinates":[[-71.63522,-35.35388],[-71.63493,-35.35394],[-71.63231,-35.35412],[-71.63164,-35.35408],[-71.63094,-35.35396],[-71.63058,-35.35398],[-71.63019,-35.35408],[-71.62995,-35.35431],[-71.62942,-35.35544],[-71.62899,-35.35609],[-71.62743,-35.35732],[-71.62718,-35.35761],[-71.6271,-35.35775],[-71.62708,-35.35793],[-71.62715,-35.35813],[-71.62767,-35.35872],[-71.62798,-35.35889],[-71.62867,-35.35912],[-71.62904,-35.35931],[-71.62922,-35.35953],[-71.62973,-35.36097],[-71.63011,-35.36187],[-71.63011,-35.36212],[-71.62979,-35.36258],[-71.62927,-35.36358],[-71.62865,-35.36499],[-71.6286,-35.36537],[-71.62862,-35.36584],[-71.6287,-35.36612],[-71.62885,-35.36635],[-71.62908,-35.36661],[-71.62944,-35.36682],[-71.63066,-35.36723],[-71.63237,-35.36787],[-71.63401,-35.36911],[-71.63446,-35.36952],[-71.63477,-35.36996],[-71.6354,-35.3713],[-71.63566,-35.37157],[-71.6366,-35.37233],[-71.63745,-35.37369],[-71.6379,-35.37411],[-71.63812,-35.37416],[-71.63833,-35.37411],[-71.63859,-35.37395],[-71.63882,-35.37372],[-71.63896,-35.37369]]}},{"type":"Feature","properties":{"nombre":"Caserío Lircay","jerarquia":5},"geometry":{"type":"LineString","coordinates":[[-71.61929,-35.39827],[-71.61936,-35.39824],[-71.61949,-35.39828],[-71.61961,-35.39845],[-71.61967,-35.39848]]}},{"type":"Feature","properties":{"nombre":"32 Oriente","jerarquia":5},"geometry":{"type":"LineString","coordinates":[[-71.62557,-35.4377],[-71.62444,-35.43603]]}},{"type":"Feature","properties":{"nombre":"Avenida Circunvalación 30 Oriente","jerarquia":4},"geometry":{"type":"LineString","coordinates":[[-71.63046,-35.43624],[-71.63123,-35.43739]]}},{"type":"Feature","properties":{"nombre":"Avenida Circunvalación 30 Oriente","jerarquia":4},"geometry":{"type":"LineString","coordinates":[[-71.63123,-35.43739],[-71.63157,-35.43788]]}},{"type":"Feature","properties":{"nombre":"Avenida Circunvalación 30 Oriente","jerarquia":4},"geometry":{"type":"LineString","coordinates":[[-71.63157,-35.43788],[-71.63179,-35.43821]]}},{"type":"Feature","properties":{"nombre":"Avenida Circunvalación 30 Oriente","jerarquia":4},"geometry":{"type":"LineString","coordinates":[[-71.63179,-35.43821],[-71.63252,-35.4393]]}},{"type":"Feature","properties":{"nombre":"Avenida Circunvalación 30 Oriente","jerarquia":4},"geometry":{"type":"LineString","coordinates":[[-71.629,-35.43306],[-71.62936,-35.43383]]}},{"type":"Feature","properties":{"nombre":"Avenida Circunvalación 30 Oriente","jerarquia":4},"geometry":{"type":"LineString","coordinates":[[-71.62936,-35.43383],[-71.62949,-35.4341]]}},{"type":"Feature","properties":{"nombre":"Avenida Circunvalación 30 Oriente","jerarquia":4},"geometry":{"type":"LineString","coordinates":[[-71.62949,-35.4341],[-71.6295,-35.43413]]}},{"type":"Feature","properties":{"nombre":"Calle 19 Norte","jerarquia":5},"geometry":{"type":"LineString","coordinates":[[-71.64674,-35.40522],[-71.64695,-35.4051],[-71.64729,-35.40501]]}},{"type":"Feature","properties":{"nombre":"Calle 19 Norte","jerarquia":5},"geometry":{"type":"LineString","coordinates":[[-71.64729,-35.40501],[-71.64745,-35.40492]]}},{"type":"Feature","properties":{"nombre":"Calle 19 Norte","jerarquia":5},"geometry":{"type":"LineString","coordinates":[[-71.64745,-35.40492],[-71.64779,-35.40459]]}},{"type":"Feature","properties":{"nombre":"Calle 19 Norte","jerarquia":5},"geometry":{"type":"LineString","coordinates":[[-71.64779,-35.40459],[-71.64822,-35.40421]]}},{"type":"Feature","properties":{"nombre":"Calle 19 Norte","jerarquia":5},"geometry":{"type":"LineString","coordinates":[[-71.64822,-35.40421],[-71.64859,-35.40386]]}},{"type":"Feature","properties":{"nombre":"Camino Los Patos","jerarquia":5},"geometry":{"type":"LineString","coordinates":[[-71.67474,-35.46287],[-71.67514,-35.46268]]}},{"type":"Feature","properties":{"nombre":"Camino Los Patos","jerarquia":5},"geometry":{"type":"LineString","coordinates":[[-71.67514,-35.46268],[-71.67557,-35.46247]]}},{"type":"Feature","properties":{"nombre":"Camino Los Patos","jerarquia":5},"geometry":{"type":"LineString","coordinates":[[-71.67557,-35.46247],[-71.67591,-35.46232]]}},{"type":"Feature","properties":{"nombre":"Camino Los Patos","jerarquia":5},"geometry":{"type":"LineString","coordinates":[[-71.67591,-35.46232],[-71.67645,-35.46206]]}},{"type":"Feature","properties":{"nombre":"Camino Los Patos","jerarquia":5},"geometry":{"type":"LineString","coordinates":[[-71.67645,-35.46206],[-71.67685,-35.46187]]}},{"type":"Feature","properties":{"nombre":"Camino Los Patos","jerarquia":5},"geometry":{"type":"LineString","coordinates":[[-71.67685,-35.46187],[-71.67726,-35.46168]]}},{"type":"Feature","properties":{"nombre":"Camino Los Patos","jerarquia":5},"geometry":{"type":"LineString","coordinates":[[-71.67726,-35.46168],[-71.67765,-35.46149]]}},{"type":"Feature","properties":{"nombre":"Camino Los Patos","jerarquia":5},"geometry":{"type":"LineString","coordinates":[[-71.67765,-35.46149],[-71.67771,-35.46146]]}},{"type":"Feature","properties":{"nombre":"Avenida Lircay","jerarquia":3},"geometry":{"type":"LineString","coordinates":[[-71.6379,-35.40309],[-71.63951,-35.40383]]}},{"type":"Feature","properties":{"nombre":"","jerarquia":3},"geometry":{"type":"LineString","coordinates":[[-71.63942,-35.42789],[-71.63954,-35.4277],[-71.63955,-35.4275]]}},{"type":"Feature","properties":{"nombre":"Circunvalación Norte","jerarquia":3},"geometry":{"type":"LineString","coordinates":[[-71.63067,-35.40045],[-71.63075,-35.40034]]}},{"type":"Feature","properties":{"nombre":"Caserío Lircay","jerarquia":5},"geometry":{"type":"LineString","coordinates":[[-71.6277,-35.39933],[-71.62791,-35.39942]]}},{"type":"Feature","properties":{"nombre":"Caserío Lircay","jerarquia":5},"geometry":{"type":"LineString","coordinates":[[-71.62791,-35.39942],[-71.62832,-35.39959]]}},{"type":"Feature","properties":{"nombre":"","jerarquia":3},"geometry":{"type":"LineString","coordinates":[[-71.62795,-35.39966],[-71.6278,-35.39954]]}},{"type":"Feature","properties":{"nombre":"","jerarquia":3},"geometry":{"type":"LineString","coordinates":[[-71.6278,-35.39954],[-71.62776,-35.39949]]}},{"type":"Feature","properties":{"nombre":"Circunvalación Norte","jerarquia":3},"geometry":{"type":"LineString","coordinates":[[-71.63112,-35.40003],[-71.631,-35.40018]]}},{"type":"Feature","properties":{"nombre":"","jerarquia":3},"geometry":{"type":"LineString","coordinates":[[-71.62366,-35.39945],[-71.6226,-35.39928]]}},{"type":"Feature","properties":{"nombre":"","jerarquia":3},"geometry":{"type":"LineString","coordinates":[[-71.63112,-35.40003],[-71.6312,-35.40039],[-71.63143,-35.40056]]}},{"type":"Feature","properties":{"nombre":"","jerarquia":3},"geometry":{"type":"LineString","coordinates":[[-71.62725,-35.39945],[-71.6277,-35.39933]]}},{"type":"Feature","properties":{"nombre":"Avenida Circunvalación 30 Oriente","jerarquia":5},"geometry":{"type":"LineString","coordinates":[[-71.63614,-35.44537],[-71.63591,-35.44503]]}},{"type":"Feature","properties":{"nombre":"Avenida Circunvalación 30 Oriente","jerarquia":5},"geometry":{"type":"LineString","coordinates":[[-71.63591,-35.44503],[-71.6356,-35.44457]]}},{"type":"Feature","properties":{"nombre":"Avenida Circunvalación 30 Oriente","jerarquia":5},"geometry":{"type":"LineString","coordinates":[[-71.6356,-35.44457],[-71.63522,-35.444]]}},{"type":"Feature","properties":{"nombre":"Avenida Circunvalación 30 Oriente","jerarquia":5},"geometry":{"type":"LineString","coordinates":[[-71.63522,-35.444],[-71.63481,-35.44341]]}},{"type":"Feature","properties":{"nombre":"Avenida Circunvalación 30 Oriente","jerarquia":5},"geometry":{"type":"LineString","coordinates":[[-71.63481,-35.44341],[-71.63458,-35.44307]]}},{"type":"Feature","properties":{"nombre":"Avenida Circunvalación 30 Oriente","jerarquia":5},"geometry":{"type":"LineString","coordinates":[[-71.63458,-35.44307],[-71.6342,-35.44251]]}},{"type":"Feature","properties":{"nombre":"Avenida Circunvalación 30 Oriente","jerarquia":5},"geometry":{"type":"LineString","coordinates":[[-71.63341,-35.44059],[-71.63459,-35.44232]]}},{"type":"Feature","properties":{"nombre":"19 Norte","jerarquia":5},"geometry":{"type":"LineString","coordinates":[[-71.65271,-35.40213],[-71.65418,-35.40175]]}},{"type":"Feature","properties":{"nombre":"19 Norte","jerarquia":5},"geometry":{"type":"LineString","coordinates":[[-71.65418,-35.40175],[-71.65563,-35.40137]]}},{"type":"Feature","properties":{"nombre":"Avenida Circunvalación","jerarquia":3},"geometry":{"type":"LineString","coordinates":[[-71.66119,-35.40234],[-71.66074,-35.40203]]}},{"type":"Feature","properties":{"nombre":"Circunvalación Norte","jerarquia":3},"geometry":{"type":"LineString","coordinates":[[-71.6472,-35.39782],[-71.64217,-35.39896]]}},{"type":"Feature","properties":{"nombre":"Circunvalación Norte","jerarquia":3},"geometry":{"type":"LineString","coordinates":[[-71.64217,-35.39896],[-71.63993,-35.39945],[-71.63804,-35.39969],[-71.63638,-35.39975],[-71.63363,-35.39965]]}},{"type":"Feature","properties":{"nombre":"Circunvalación Norte","jerarquia":3},"geometry":{"type":"LineString","coordinates":[[-71.63363,-35.39965],[-71.63202,-35.39964],[-71.63149,-35.3998],[-71.63112,-35.40003]]}},{"type":"Feature","properties":{"nombre":"Avenida Salvador Allende","jerarquia":3},"geometry":{"type":"LineString","coordinates":[[-71.65025,-35.42763],[-71.65033,-35.42832]]}},{"type":"Feature","properties":{"nombre":"Avenida Salvador Allende","jerarquia":3},"geometry":{"type":"LineString","coordinates":[[-71.65033,-35.42832],[-71.65033,-35.4284]]}},{"type":"Feature","properties":{"nombre":"Avenida Salvador Allende","jerarquia":3},"geometry":{"type":"LineString","coordinates":[[-71.65006,-35.42619],[-71.65002,-35.42583]]}},{"type":"Feature","properties":{"nombre":"Avenida Salvador Allende","jerarquia":3},"geometry":{"type":"LineString","coordinates":[[-71.65002,-35.42583],[-71.64993,-35.42495]]}},{"type":"Feature","properties":{"nombre":"Avenida Salvador Allende","jerarquia":3},"geometry":{"type":"LineString","coordinates":[[-71.64993,-35.42495],[-71.64987,-35.42442]]}},{"type":"Feature","properties":{"nombre":"Avenida Salvador Allende","jerarquia":3},"geometry":{"type":"LineString","coordinates":[[-71.64987,-35.42442],[-71.64985,-35.42428]]}},{"type":"Feature","properties":{"nombre":"Avenida Salvador Allende","jerarquia":3},"geometry":{"type":"LineString","coordinates":[[-71.65119,-35.43634],[-71.65106,-35.43533]]}},{"type":"Feature","properties":{"nombre":"Avenida Salvador Allende","jerarquia":3},"geometry":{"type":"LineString","coordinates":[[-71.65106,-35.43533],[-71.65097,-35.43445]]}},{"type":"Feature","properties":{"nombre":"Avenida Salvador Allende","jerarquia":3},"geometry":{"type":"LineString","coordinates":[[-71.65097,-35.43445],[-71.65085,-35.43327]]}},{"type":"Feature","properties":{"nombre":"Avenida Salvador Allende","jerarquia":3},"geometry":{"type":"LineString","coordinates":[[-71.65085,-35.43327],[-71.6507,-35.4321]]}},{"type":"Feature","properties":{"nombre":"Avenida Salvador Allende","jerarquia":3},"geometry":{"type":"LineString","coordinates":[[-71.6507,-35.4321],[-71.65055,-35.43047]]}},{"type":"Feature","properties":{"nombre":"Avenida Salvador Allende","jerarquia":4},"geometry":{"type":"LineString","coordinates":[[-71.65209,-35.44001],[-71.65165,-35.43913]]}},{"type":"Feature","properties":{"nombre":"Avenida Salvador Allende","jerarquia":4},"geometry":{"type":"LineString","coordinates":[[-71.65165,-35.43913],[-71.65162,-35.43907]]}},{"type":"Feature","properties":{"nombre":"Avenida Salvador Allende","jerarquia":4},"geometry":{"type":"LineString","coordinates":[[-71.65162,-35.43907],[-71.65146,-35.43863]]}},{"type":"Feature","properties":{"nombre":"Avenida Salvador Allende","jerarquia":4},"geometry":{"type":"LineString","coordinates":[[-71.65146,-35.43863],[-71.65145,-35.43856]]}},{"type":"Feature","properties":{"nombre":"Avenida Salvador Allende","jerarquia":4},"geometry":{"type":"LineString","coordinates":[[-71.65145,-35.43856],[-71.65139,-35.43807]]}},{"type":"Feature","properties":{"nombre":"Avenida Salvador Allende","jerarquia":4},"geometry":{"type":"LineString","coordinates":[[-71.65139,-35.43807],[-71.65139,-35.43801]]}},{"type":"Feature","properties":{"nombre":"Avenida Salvador Allende","jerarquia":4},"geometry":{"type":"LineString","coordinates":[[-71.65139,-35.43801],[-71.65133,-35.43749]]}},{"type":"Feature","properties":{"nombre":"Avenida Salvador Allende","jerarquia":4},"geometry":{"type":"LineString","coordinates":[[-71.65133,-35.43749],[-71.65133,-35.43745]]}},{"type":"Feature","properties":{"nombre":"Avenida Salvador Allende","jerarquia":3},"geometry":{"type":"LineString","coordinates":[[-71.65043,-35.42929],[-71.65042,-35.42922]]}},{"type":"Feature","properties":{"nombre":"Avenida Salvador Allende","jerarquia":3},"geometry":{"type":"LineString","coordinates":[[-71.65042,-35.42922],[-71.65034,-35.42849]]}},{"type":"Feature","properties":{"nombre":"Avenida Salvador Allende","jerarquia":3},"geometry":{"type":"LineString","coordinates":[[-71.65034,-35.42849],[-71.65033,-35.4284]]}},{"type":"Feature","properties":{"nombre":"Avenida Salvador Allende","jerarquia":3},"geometry":{"type":"LineString","coordinates":[[-71.64985,-35.42428],[-71.6497,-35.42333]]}},{"type":"Feature","properties":{"nombre":"Avenida Salvador Allende","jerarquia":3},"geometry":{"type":"LineString","coordinates":[[-71.6497,-35.42333],[-71.64969,-35.42323]]}},{"type":"Feature","properties":{"nombre":"Calle 1 Sur","jerarquia":4},"geometry":{"type":"LineString","coordinates":[[-71.64949,-35.42848],[-71.65022,-35.42841]]}},{"type":"Feature","properties":{"nombre":"Calle 1 Sur","jerarquia":4},"geometry":{"type":"LineString","coordinates":[[-71.65022,-35.42841],[-71.65033,-35.4284]]}},{"type":"Feature","properties":{"nombre":"Calle 1 Sur","jerarquia":4},"geometry":{"type":"LineString","coordinates":[[-71.64891,-35.42854],[-71.64949,-35.42848]]}},{"type":"Feature","properties":{"nombre":"Calle 6 Sur","jerarquia":5},"geometry":{"type":"LineString","coordinates":[[-71.65019,-35.43455],[-71.64905,-35.43461]]}},{"type":"Feature","properties":{"nombre":"Avenida Salvador Allende","jerarquia":4},"geometry":{"type":"LineString","coordinates":[[-71.64967,-35.42237],[-71.64973,-35.42258]]}},{"type":"Feature","properties":{"nombre":"Avenida Alameda Bernardo O'Higgins","jerarquia":3},"geometry":{"type":"LineString","coordinates":[[-71.64969,-35.42323],[-71.64824,-35.42335],[-71.6477,-35.42354],[-71.64719,-35.42389]]}},{"type":"Feature","properties":{"nombre":"Avenida Alameda Bernardo O'Higgins","jerarquia":3},"geometry":{"type":"LineString","coordinates":[[-71.64719,-35.42389],[-71.64696,-35.42415],[-71.64653,-35.42483],[-71.6463,-35.42503]]}},{"type":"Feature","properties":{"nombre":"Avenida Alameda Bernardo O'Higgins","jerarquia":3},"geometry":{"type":"LineString","coordinates":[[-71.6463,-35.42503],[-71.64587,-35.42527]]}},{"type":"Feature","properties":{"nombre":"Avenida Alameda Bernardo O'Higgins","jerarquia":3},"geometry":{"type":"LineString","coordinates":[[-71.64587,-35.42527],[-71.64579,-35.42531]]}},{"type":"Feature","properties":{"nombre":"Calle 15 Oriente","jerarquia":5},"geometry":{"type":"LineString","coordinates":[[-71.645,-35.43682],[-71.64511,-35.43773]]}},{"type":"Feature","properties":{"nombre":"Avenida 8 Sur","jerarquia":3},"geometry":{"type":"LineString","coordinates":[[-71.64057,-35.43792],[-71.64,-35.4381]]}},{"type":"Feature","properties":{"nombre":"Avenida 8 Sur","jerarquia":3},"geometry":{"type":"LineString","coordinates":[[-71.64,-35.4381],[-71.63989,-35.43813]]}},{"type":"Feature","properties":{"nombre":"Avenida 8 Sur","jerarquia":3},"geometry":{"type":"LineString","coordinates":[[-71.64414,-35.43693],[-71.64326,-35.43716]]}},{"type":"Feature","properties":{"nombre":"Avenida 8 Sur","jerarquia":3},"geometry":{"type":"LineString","coordinates":[[-71.64326,-35.43716],[-71.64219,-35.43746]]}},{"type":"Feature","properties":{"nombre":"Avenida 8 Sur","jerarquia":3},"geometry":{"type":"LineString","coordinates":[[-71.64219,-35.43746],[-71.64171,-35.4376]]}},{"type":"Feature","properties":{"nombre":"Avenida 8 Sur","jerarquia":3},"geometry":{"type":"LineString","coordinates":[[-71.64171,-35.4376],[-71.64157,-35.43764]]}},{"type":"Feature","properties":{"nombre":"Avenida 8 Sur","jerarquia":3},"geometry":{"type":"LineString","coordinates":[[-71.6461,-35.43671],[-71.64602,-35.43672]]}},{"type":"Feature","properties":{"nombre":"Avenida 8 Sur","jerarquia":3},"geometry":{"type":"LineString","coordinates":[[-71.64405,-35.43684],[-71.64492,-35.43674]]}},{"type":"Feature","properties":{"nombre":"Avenida 8 Sur","jerarquia":3},"geometry":{"type":"LineString","coordinates":[[-71.64492,-35.43674],[-71.645,-35.43674]]}},{"type":"Feature","properties":{"nombre":"Avenida 8 Sur","jerarquia":3},"geometry":{"type":"LineString","coordinates":[[-71.63919,-35.43824],[-71.63935,-35.43819]]}},{"type":"Feature","properties":{"nombre":"Avenida 8 Sur","jerarquia":4},"geometry":{"type":"LineString","coordinates":[[-71.63581,-35.43927],[-71.63652,-35.43892]]}},{"type":"Feature","properties":{"nombre":"Avenida 8 Sur","jerarquia":4},"geometry":{"type":"LineString","coordinates":[[-71.63652,-35.43892],[-71.63697,-35.43879]]}},{"type":"Feature","properties":{"nombre":"Avenida 8 Sur","jerarquia":4},"geometry":{"type":"LineString","coordinates":[[-71.63697,-35.43879],[-71.63804,-35.43852]]}},{"type":"Feature","properties":{"nombre":"18 Oriente","jerarquia":4},"geometry":{"type":"LineString","coordinates":[[-71.63993,-35.43123],[-71.63991,-35.43106]]}},{"type":"Feature","properties":{"nombre":"18 Oriente","jerarquia":4},"geometry":{"type":"LineString","coordinates":[[-71.63991,-35.43106],[-71.63991,-35.43097]]}},{"type":"Feature","properties":{"nombre":"","jerarquia":3},"geometry":{"type":"LineString","coordinates":[[-71.64013,-35.4316],[-71.63975,-35.43141],[-71.63928,-35.43137]]}},{"type":"Feature","properties":{"nombre":"18 Oriente","jerarquia":4},"geometry":{"type":"LineString","coordinates":[[-71.64132,-35.43314],[-71.64194,-35.43403]]}},{"type":"Feature","properties":{"nombre":"","jerarquia":3},"geometry":{"type":"LineString","coordinates":[[-71.63993,-35.43123],[-71.63942,-35.43131]]}},{"type":"Feature","properties":{"nombre":"","jerarquia":4},"geometry":{"type":"LineString","coordinates":[[-71.6401,-35.43081],[-71.64013,-35.4309],[-71.64028,-35.43097]]}},{"type":"Feature","properties":{"nombre":"18 Oriente","jerarquia":5},"geometry":{"type":"LineString","coordinates":[[-71.63972,-35.42772],[-71.63955,-35.4275]]}},{"type":"Feature","properties":{"nombre":"","jerarquia":3},"geometry":{"type":"LineString","coordinates":[[-71.6406,-35.42905],[-71.6407,-35.42913],[-71.64099,-35.42918]]}},{"type":"Feature","properties":{"nombre":"Camino Los Patos","jerarquia":5},"geometry":{"type":"LineString","coordinates":[[-71.68548,-35.4585],[-71.68473,-35.45878]]}},{"type":"Feature","properties":{"nombre":"Camino Los Patos","jerarquia":5},"geometry":{"type":"LineString","coordinates":[[-71.68473,-35.45878],[-71.68366,-35.45919]]}},{"type":"Feature","properties":{"nombre":"Avenida Alameda Bernardo O'Higgins","jerarquia":3},"geometry":{"type":"LineString","coordinates":[[-71.67552,-35.42147],[-71.67311,-35.42166]]}},{"type":"Feature","properties":{"nombre":"Avenida Alameda Bernardo O'Higgins","jerarquia":3},"geometry":{"type":"LineString","coordinates":[[-71.67576,-35.4209],[-71.67876,-35.42065]]}},{"type":"Feature","properties":{"nombre":"Avenida Alameda Bernardo O'Higgins","jerarquia":3},"geometry":{"type":"LineString","coordinates":[[-71.67876,-35.42065],[-71.67894,-35.42064]]}},{"type":"Feature","properties":{"nombre":"Avenida Alameda Bernardo O'Higgins","jerarquia":3},"geometry":{"type":"LineString","coordinates":[[-71.67894,-35.42064],[-71.6802,-35.42062]]}},{"type":"Feature","properties":{"nombre":"Ruta K-380","jerarquia":5},"geometry":{"type":"LineString","coordinates":[[-71.71169,-35.49868],[-71.71158,-35.4986]]}},{"type":"Feature","properties":{"nombre":"Ruta K-380","jerarquia":5},"geometry":{"type":"LineString","coordinates":[[-71.71158,-35.4986],[-71.70976,-35.49737]]}},{"type":"Feature","properties":{"nombre":"Ruta K-380","jerarquia":5},"geometry":{"type":"LineString","coordinates":[[-71.70976,-35.49737],[-71.70585,-35.49469]]}},{"type":"Feature","properties":{"nombre":"Ruta K-380","jerarquia":5},"geometry":{"type":"LineString","coordinates":[[-71.70585,-35.49469],[-71.70497,-35.4941]]}},{"type":"Feature","properties":{"nombre":"Ruta K-380","jerarquia":5},"geometry":{"type":"LineString","coordinates":[[-71.75913,-35.53593],[-71.75878,-35.53605],[-71.75856,-35.53629]]}},{"type":"Feature","properties":{"nombre":"Ruta K-380","jerarquia":5},"geometry":{"type":"LineString","coordinates":[[-71.75856,-35.53629],[-71.75847,-35.53665],[-71.75854,-35.53827],[-71.75854,-35.53945],[-71.7588,-35.54032],[-71.75876,-35.54046],[-71.75864,-35.54058],[-71.75848,-35.54066],[-71.75828,-35.54065],[-71.75779,-35.54051],[-71.75646,-35.5408],[-71.75585,-35.5406],[-71.75571,-35.54061],[-71.7544,-35.54112],[-71.75304,-35.54154],[-71.75282,-35.54174],[-71.7524,-35.54252],[-71.75197,-35.54306],[-71.7518,-35.54342],[-71.75149,-35.54393]]}},{"type":"Feature","properties":{"nombre":"Ruta K-380","jerarquia":5},"geometry":{"type":"LineString","coordinates":[[-71.75149,-35.54393],[-71.75065,-35.54521],[-71.7503,-35.54563]]}},{"type":"Feature","properties":{"nombre":"Ruta K-60-J","jerarquia":3},"geometry":{"type":"LineString","coordinates":[[-71.69233,-35.42023],[-71.69325,-35.41981]]}},{"type":"Feature","properties":{"nombre":"Ruta K-60-J","jerarquia":3},"geometry":{"type":"LineString","coordinates":[[-71.69325,-35.41981],[-71.69334,-35.41977]]}},{"type":"Feature","properties":{"nombre":"Ruta K-60-J","jerarquia":3},"geometry":{"type":"LineString","coordinates":[[-71.69334,-35.41977],[-71.6947,-35.41915],[-71.69508,-35.41909],[-71.69554,-35.41913],[-71.69594,-35.41931],[-71.6961,-35.41945],[-71.69802,-35.42143]]}},{"type":"Feature","properties":{"nombre":"Ruta K-60-J","jerarquia":3},"geometry":{"type":"LineString","coordinates":[[-71.69802,-35.42143],[-71.69894,-35.42253],[-71.69952,-35.42332]]}},{"type":"Feature","properties":{"nombre":"Ruta K-60-J","jerarquia":3},"geometry":{"type":"LineString","coordinates":[[-71.69952,-35.42332],[-71.70004,-35.42414],[-71.70025,-35.42434],[-71.70069,-35.42462],[-71.70125,-35.42527],[-71.70155,-35.42594],[-71.70181,-35.42622],[-71.70294,-35.42693],[-71.70311,-35.42699],[-71.70345,-35.427],[-71.70393,-35.42683],[-71.7042,-35.42687],[-71.70476,-35.42726],[-71.70502,-35.42781],[-71.70522,-35.42806],[-71.7055,-35.42819],[-71.70581,-35.42823],[-71.7061,-35.42815],[-71.70629,-35.428],[-71.70656,-35.42735],[-71.70674,-35.42712],[-71.70705,-35.42694],[-71.70799,-35.42655],[-71.70821,-35.42639],[-71.7083,-35.42623],[-71.70858,-35.42534],[-71.70892,-35.42498],[-71.71102,-35.42393],[-71.71167,-35.42351],[-71.7126,-35.42282]]}},{"type":"Feature","properties":{"nombre":"Avenida 8 Sur","jerarquia":3},"geometry":{"type":"LineString","coordinates":[[-71.65119,-35.43634],[-71.65019,-35.43638]]}},{"type":"Feature","properties":{"nombre":"Avenida 8 Sur","jerarquia":3},"geometry":{"type":"LineString","coordinates":[[-71.65019,-35.43638],[-71.64984,-35.43641]]}},{"type":"Feature","properties":{"nombre":"Calle 14 Oriente","jerarquia":4},"geometry":{"type":"LineString","coordinates":[[-71.6491,-35.44766],[-71.64885,-35.44689]]}},{"type":"Feature","properties":{"nombre":"Calle 14 Oriente","jerarquia":4},"geometry":{"type":"LineString","coordinates":[[-71.64885,-35.44689],[-71.64868,-35.44634]]}},{"type":"Feature","properties":{"nombre":"Calle 14 Oriente","jerarquia":4},"geometry":{"type":"LineString","coordinates":[[-71.64868,-35.44634],[-71.64808,-35.44444]]}},{"type":"Feature","properties":{"nombre":"Calle 14 Oriente","jerarquia":4},"geometry":{"type":"LineString","coordinates":[[-71.64808,-35.44444],[-71.64789,-35.44386]]}},{"type":"Feature","properties":{"nombre":"Calle 14 Oriente","jerarquia":4},"geometry":{"type":"LineString","coordinates":[[-71.64789,-35.44386],[-71.64758,-35.44283]]}},{"type":"Feature","properties":{"nombre":"Calle 14 Oriente","jerarquia":4},"geometry":{"type":"LineString","coordinates":[[-71.64758,-35.44283],[-71.64739,-35.44222]]}},{"type":"Feature","properties":{"nombre":"Calle 14 Oriente","jerarquia":4},"geometry":{"type":"LineString","coordinates":[[-71.64739,-35.44222],[-71.64727,-35.44171]]}},{"type":"Feature","properties":{"nombre":"Calle 14 Oriente","jerarquia":4},"geometry":{"type":"LineString","coordinates":[[-71.64727,-35.44171],[-71.64726,-35.44166]]}},{"type":"Feature","properties":{"nombre":"Calle 1 Sur","jerarquia":4},"geometry":{"type":"LineString","coordinates":[[-71.64099,-35.42918],[-71.6418,-35.42911]]}},{"type":"Feature","properties":{"nombre":"Calle 1 Sur","jerarquia":4},"geometry":{"type":"LineString","coordinates":[[-71.6418,-35.42911],[-71.64298,-35.42901]]}},{"type":"Feature","properties":{"nombre":"Calle 1 Norte","jerarquia":4},"geometry":{"type":"LineString","coordinates":[[-71.64883,-35.42745],[-71.6487,-35.42746]]}},{"type":"Feature","properties":{"nombre":"Calle 1 Norte","jerarquia":4},"geometry":{"type":"LineString","coordinates":[[-71.64914,-35.42742],[-71.64883,-35.42745]]}},{"type":"Feature","properties":{"nombre":"Circunvalación Sur","jerarquia":5},"geometry":{"type":"LineString","coordinates":[[-71.67003,-35.4403],[-71.67014,-35.43976]]}},{"type":"Feature","properties":{"nombre":"Circunvalación Sur","jerarquia":5},"geometry":{"type":"LineString","coordinates":[[-71.67014,-35.43976],[-71.6702,-35.43947]]}},{"type":"Feature","properties":{"nombre":"Circunvalación Sur","jerarquia":5},"geometry":{"type":"LineString","coordinates":[[-71.6702,-35.43947],[-71.67022,-35.43937]]}},{"type":"Feature","properties":{"nombre":"14 Sur","jerarquia":4},"geometry":{"type":"LineString","coordinates":[[-71.6491,-35.44766],[-71.64993,-35.44734]]}},{"type":"Feature","properties":{"nombre":"14 Sur","jerarquia":4},"geometry":{"type":"LineString","coordinates":[[-71.64993,-35.44734],[-71.65047,-35.44715]]}},{"type":"Feature","properties":{"nombre":"14 Sur","jerarquia":4},"geometry":{"type":"LineString","coordinates":[[-71.65047,-35.44715],[-71.65105,-35.44692]]}},{"type":"Feature","properties":{"nombre":"Calle 14 Oriente","jerarquia":4},"geometry":{"type":"LineString","coordinates":[[-71.6494,-35.44872],[-71.64936,-35.44848]]}},{"type":"Feature","properties":{"nombre":"Calle 14 Oriente","jerarquia":4},"geometry":{"type":"LineString","coordinates":[[-71.64936,-35.44848],[-71.6491,-35.44766]]}},{"type":"Feature","properties":{"nombre":"Calle 9 Sur","jerarquia":5},"geometry":{"type":"LineString","coordinates":[[-71.64621,-35.43766],[-71.64511,-35.43773]]}},{"type":"Feature","properties":{"nombre":"Calle 9 Sur","jerarquia":5},"geometry":{"type":"LineString","coordinates":[[-71.64511,-35.43773],[-71.64488,-35.43785]]}},{"type":"Feature","properties":{"nombre":"","jerarquia":4},"geometry":{"type":"LineString","coordinates":[[-71.64642,-35.43894],[-71.64594,-35.43864]]}},{"type":"Feature","properties":{"nombre":"Calle 9 Sur","jerarquia":5},"geometry":{"type":"LineString","coordinates":[[-71.6473,-35.43758],[-71.64722,-35.43759]]}},{"type":"Feature","properties":{"nombre":"Calle 9 Sur","jerarquia":5},"geometry":{"type":"LineString","coordinates":[[-71.64722,-35.43759],[-71.64621,-35.43766]]}},{"type":"Feature","properties":{"nombre":"Calle 14 Oriente","jerarquia":5},"geometry":{"type":"LineString","coordinates":[[-71.64621,-35.43766],[-71.6461,-35.43671]]}},{"type":"Feature","properties":{"nombre":"","jerarquia":1},"geometry":{"type":"LineString","coordinates":[[-71.61973,-35.39878],[-71.62032,-35.39916],[-71.62078,-35.39925]]}},{"type":"Feature","properties":{"nombre":"","jerarquia":1},"geometry":{"type":"LineString","coordinates":[[-71.6195,-35.39904],[-71.61966,-35.39898]]}},{"type":"Feature","properties":{"nombre":"","jerarquia":1},"geometry":{"type":"LineString","coordinates":[[-71.61966,-35.39898],[-71.61968,-35.39893]]}},{"type":"Feature","properties":{"nombre":"Ruta 5 Sur","jerarquia":1},"geometry":{"type":"LineString","coordinates":[[-71.61915,-35.39842],[-71.61856,-35.39786]]}},{"type":"Feature","properties":{"nombre":"","jerarquia":5},"geometry":{"type":"LineString","coordinates":[[-71.61928,-35.39879],[-71.61912,-35.3986],[-71.61893,-35.39856]]}},{"type":"Feature","properties":{"nombre":"Avenida Lircay","jerarquia":3},"geometry":{"type":"LineString","coordinates":[[-71.62269,-35.39944],[-71.62192,-35.39956],[-71.62156,-35.39969]]}},{"type":"Feature","properties":{"nombre":"Avenida Lircay","jerarquia":3},"geometry":{"type":"LineString","coordinates":[[-71.62156,-35.39969],[-71.62118,-35.39986]]}},{"type":"Feature","properties":{"nombre":"","jerarquia":1},"geometry":{"type":"LineString","coordinates":[[-71.61447,-35.39355],[-71.6145,-35.39368]]}},{"type":"Feature","properties":{"nombre":"","jerarquia":1},"geometry":{"type":"LineString","coordinates":[[-71.6145,-35.39368],[-71.61465,-35.39393]]}},{"type":"Feature","properties":{"nombre":"Avenida Cancha Rayada","jerarquia":3},"geometry":{"type":"LineString","coordinates":[[-71.65575,-35.41583],[-71.65527,-35.41591]]}},{"type":"Feature","properties":{"nombre":"Avenida Cancha Rayada","jerarquia":3},"geometry":{"type":"LineString","coordinates":[[-71.65527,-35.41591],[-71.65536,-35.41584]]}},{"type":"Feature","properties":{"nombre":"Avenida Lircay","jerarquia":4},"geometry":{"type":"LineString","coordinates":[[-71.65539,-35.41555],[-71.65556,-35.41568],[-71.65577,-35.41575]]}},{"type":"Feature","properties":{"nombre":"9 Norte","jerarquia":4},"geometry":{"type":"LineString","coordinates":[[-71.65622,-35.41581],[-71.656,-35.41584]]}},{"type":"Feature","properties":{"nombre":"9 Norte","jerarquia":4},"geometry":{"type":"LineString","coordinates":[[-71.656,-35.41584],[-71.65575,-35.41583]]}},{"type":"Feature","properties":{"nombre":"Avenida Cancha Rayada","jerarquia":3},"geometry":{"type":"LineString","coordinates":[[-71.65527,-35.41591],[-71.65519,-35.41597]]}},{"type":"Feature","properties":{"nombre":"Avenida Cancha Rayada","jerarquia":3},"geometry":{"type":"LineString","coordinates":[[-71.65519,-35.41597],[-71.65458,-35.41656]]}},{"type":"Feature","properties":{"nombre":"Avenida Cancha Rayada","jerarquia":3},"geometry":{"type":"LineString","coordinates":[[-71.65458,-35.41656],[-71.6539,-35.41735]]}},{"type":"Feature","properties":{"nombre":"Calle 10 Norte","jerarquia":5},"geometry":{"type":"LineString","coordinates":[[-71.64899,-35.41561],[-71.64835,-35.41589]]}},{"type":"Feature","properties":{"nombre":"Calle 10 Norte","jerarquia":5},"geometry":{"type":"LineString","coordinates":[[-71.64835,-35.41589],[-71.64735,-35.41634]]}},{"type":"Feature","properties":{"nombre":"Avenida Cancha Rayada","jerarquia":3},"geometry":{"type":"LineString","coordinates":[[-71.65527,-35.41591],[-71.65534,-35.41578],[-71.65532,-35.41557]]}},{"type":"Feature","properties":{"nombre":"Avenida Cancha Rayada","jerarquia":3},"geometry":{"type":"LineString","coordinates":[[-71.65532,-35.41557],[-71.65526,-35.41545]]}},{"type":"Feature","properties":{"nombre":"9 Norte","jerarquia":4},"geometry":{"type":"LineString","coordinates":[[-71.65888,-35.41577],[-71.65755,-35.41578]]}},{"type":"Feature","properties":{"nombre":"9 Norte","jerarquia":4},"geometry":{"type":"LineString","coordinates":[[-71.65755,-35.41578],[-71.65622,-35.41581]]}},{"type":"Feature","properties":{"nombre":"Avenida Lircay","jerarquia":4},"geometry":{"type":"LineString","coordinates":[[-71.65575,-35.41583],[-71.65557,-35.41577]]}},{"type":"Feature","properties":{"nombre":"Avenida Lircay","jerarquia":4},"geometry":{"type":"LineString","coordinates":[[-71.65557,-35.41577],[-71.65544,-35.41568]]}},{"type":"Feature","properties":{"nombre":"Avenida Lircay","jerarquia":4},"geometry":{"type":"LineString","coordinates":[[-71.65544,-35.41568],[-71.65532,-35.41557]]}},{"type":"Feature","properties":{"nombre":"Avenida Cancha Rayada","jerarquia":3},"geometry":{"type":"LineString","coordinates":[[-71.65536,-35.41584],[-71.65557,-35.41577]]}},{"type":"Feature","properties":{"nombre":"Avenida Cancha Rayada","jerarquia":3},"geometry":{"type":"LineString","coordinates":[[-71.65557,-35.41577],[-71.65577,-35.41575]]}},{"type":"Feature","properties":{"nombre":"Avenida Cancha Rayada","jerarquia":3},"geometry":{"type":"LineString","coordinates":[[-71.65539,-35.41555],[-71.65544,-35.41568]]}},{"type":"Feature","properties":{"nombre":"Avenida Cancha Rayada","jerarquia":3},"geometry":{"type":"LineString","coordinates":[[-71.65544,-35.41568],[-71.65536,-35.41584]]}},{"type":"Feature","properties":{"nombre":"Calle 6 Oriente","jerarquia":4},"geometry":{"type":"LineString","coordinates":[[-71.65801,-35.42221],[-71.65792,-35.4209]]}},{"type":"Feature","properties":{"nombre":"Calle 6 Oriente","jerarquia":4},"geometry":{"type":"LineString","coordinates":[[-71.65792,-35.4209],[-71.65783,-35.41965]]}},{"type":"Feature","properties":{"nombre":"Calle 6 Oriente","jerarquia":4},"geometry":{"type":"LineString","coordinates":[[-71.65783,-35.41965],[-71.65774,-35.41841]]}},{"type":"Feature","properties":{"nombre":"Calle 6 Oriente","jerarquia":4},"geometry":{"type":"LineString","coordinates":[[-71.65774,-35.41841],[-71.65764,-35.41714]]}},{"type":"Feature","properties":{"nombre":"Calle 6 Oriente","jerarquia":4},"geometry":{"type":"LineString","coordinates":[[-71.65764,-35.41714],[-71.6576,-35.41659]]}},{"type":"Feature","properties":{"nombre":"Calle 6 Oriente","jerarquia":4},"geometry":{"type":"LineString","coordinates":[[-71.6576,-35.41659],[-71.65755,-35.41584]]}},{"type":"Feature","properties":{"nombre":"Calle 6 Oriente","jerarquia":4},"geometry":{"type":"LineString","coordinates":[[-71.65755,-35.41584],[-71.65755,-35.41578]]}},{"type":"Feature","properties":{"nombre":"Calle 14 Oriente","jerarquia":5},"geometry":{"type":"LineString","coordinates":[[-71.64549,-35.42288],[-71.64531,-35.42245]]}},{"type":"Feature","properties":{"nombre":"Calle 14 Oriente","jerarquia":5},"geometry":{"type":"LineString","coordinates":[[-71.64531,-35.42245],[-71.64516,-35.42206]]}},{"type":"Feature","properties":{"nombre":"Calle 14 Oriente","jerarquia":5},"geometry":{"type":"LineString","coordinates":[[-71.64516,-35.42206],[-71.64509,-35.42189]]}},{"type":"Feature","properties":{"nombre":"Calle 14 Oriente","jerarquia":5},"geometry":{"type":"LineString","coordinates":[[-71.64509,-35.42189],[-71.645,-35.42166]]}},{"type":"Feature","properties":{"nombre":"Calle 14 Oriente","jerarquia":5},"geometry":{"type":"LineString","coordinates":[[-71.645,-35.42166],[-71.64493,-35.42149]]}},{"type":"Feature","properties":{"nombre":"Calle 14 Oriente","jerarquia":5},"geometry":{"type":"LineString","coordinates":[[-71.64493,-35.42149],[-71.6448,-35.42115]]}},{"type":"Feature","properties":{"nombre":"Calle 14 Oriente","jerarquia":5},"geometry":{"type":"LineString","coordinates":[[-71.6448,-35.42115],[-71.64474,-35.42102]]}},{"type":"Feature","properties":{"nombre":"Calle 14 Oriente","jerarquia":5},"geometry":{"type":"LineString","coordinates":[[-71.64474,-35.42102],[-71.64461,-35.4207]]}},{"type":"Feature","properties":{"nombre":"Calle 14 Oriente","jerarquia":5},"geometry":{"type":"LineString","coordinates":[[-71.64461,-35.4207],[-71.64457,-35.42059]]}},{"type":"Feature","properties":{"nombre":"Calle 14 Oriente","jerarquia":5},"geometry":{"type":"LineString","coordinates":[[-71.64457,-35.42059],[-71.64444,-35.42026]]}},{"type":"Feature","properties":{"nombre":"Calle 14 Oriente","jerarquia":5},"geometry":{"type":"LineString","coordinates":[[-71.64444,-35.42026],[-71.6444,-35.42016]]}},{"type":"Feature","properties":{"nombre":"Calle 14 Oriente","jerarquia":5},"geometry":{"type":"LineString","coordinates":[[-71.6444,-35.42016],[-71.64425,-35.4198]]}},{"type":"Feature","properties":{"nombre":"Calle 14 Oriente","jerarquia":5},"geometry":{"type":"LineString","coordinates":[[-71.64425,-35.4198],[-71.64422,-35.4197]]}},{"type":"Feature","properties":{"nombre":"Calle 14 Oriente","jerarquia":5},"geometry":{"type":"LineString","coordinates":[[-71.64422,-35.4197],[-71.64403,-35.41924]]}},{"type":"Feature","properties":{"nombre":"Calle 14 Oriente","jerarquia":5},"geometry":{"type":"LineString","coordinates":[[-71.64403,-35.41924],[-71.64385,-35.41881]]}},{"type":"Feature","properties":{"nombre":"Calle 14 Oriente","jerarquia":5},"geometry":{"type":"LineString","coordinates":[[-71.64385,-35.41881],[-71.64356,-35.41836]]}},{"type":"Feature","properties":{"nombre":"Calle 14 Oriente","jerarquia":5},"geometry":{"type":"LineString","coordinates":[[-71.64356,-35.41836],[-71.64332,-35.41808]]}},{"type":"Feature","properties":{"nombre":"Calle 14 Oriente","jerarquia":5},"geometry":{"type":"LineString","coordinates":[[-71.64332,-35.41808],[-71.64259,-35.41744]]}},{"type":"Feature","properties":{"nombre":"Calle 14 Oriente","jerarquia":5},"geometry":{"type":"LineString","coordinates":[[-71.64259,-35.41744],[-71.6423,-35.4172]]}},{"type":"Feature","properties":{"nombre":"Calle 14 Oriente","jerarquia":5},"geometry":{"type":"LineString","coordinates":[[-71.6423,-35.4172],[-71.64223,-35.41714]]}},{"type":"Feature","properties":{"nombre":"Calle 14 Oriente","jerarquia":5},"geometry":{"type":"LineString","coordinates":[[-71.64223,-35.41714],[-71.64203,-35.41697]]}},{"type":"Feature","properties":{"nombre":"Calle 14 Oriente","jerarquia":5},"geometry":{"type":"LineString","coordinates":[[-71.64203,-35.41697],[-71.6419,-35.41687]]}},{"type":"Feature","properties":{"nombre":"Calle 14 Oriente","jerarquia":5},"geometry":{"type":"LineString","coordinates":[[-71.6419,-35.41687],[-71.64175,-35.41675]]}},{"type":"Feature","properties":{"nombre":"Calle 14 Oriente","jerarquia":5},"geometry":{"type":"LineString","coordinates":[[-71.64175,-35.41675],[-71.64155,-35.41658]]}},{"type":"Feature","properties":{"nombre":"Calle 14 Oriente","jerarquia":5},"geometry":{"type":"LineString","coordinates":[[-71.64155,-35.41658],[-71.64117,-35.41627]]}},{"type":"Feature","properties":{"nombre":"Calle 14 Oriente","jerarquia":5},"geometry":{"type":"LineString","coordinates":[[-71.64117,-35.41627],[-71.64083,-35.41599]]}},{"type":"Feature","properties":{"nombre":"Calle 14 Oriente","jerarquia":5},"geometry":{"type":"LineString","coordinates":[[-71.64083,-35.41599],[-71.64049,-35.41571]]}},{"type":"Feature","properties":{"nombre":"Calle 14 Oriente","jerarquia":5},"geometry":{"type":"LineString","coordinates":[[-71.64049,-35.41571],[-71.64015,-35.41543]]}},{"type":"Feature","properties":{"nombre":"Calle 14 Oriente","jerarquia":5},"geometry":{"type":"LineString","coordinates":[[-71.64015,-35.41543],[-71.63974,-35.4151]]}},{"type":"Feature","properties":{"nombre":"Calle 2 Norte","jerarquia":5},"geometry":{"type":"LineString","coordinates":[[-71.64636,-35.42548],[-71.64736,-35.42565],[-71.64762,-35.42576],[-71.6477,-35.42592]]}},{"type":"Feature","properties":{"nombre":"Ruta K-380","jerarquia":5},"geometry":{"type":"LineString","coordinates":[[-71.7767,-35.51287],[-71.77697,-35.51264],[-71.77715,-35.51256],[-71.77856,-35.51257],[-71.77927,-35.51277],[-71.77965,-35.51317],[-71.77974,-35.51317],[-71.77978,-35.51309],[-71.77955,-35.51218],[-71.77946,-35.51206],[-71.77824,-35.51127],[-71.7774,-35.51079],[-71.77698,-35.51048],[-71.77629,-35.51024],[-71.77573,-35.50994],[-71.77481,-35.50972],[-71.77326,-35.50914],[-71.77291,-35.50897],[-71.77273,-35.50879],[-71.77225,-35.50859],[-71.772,-35.50822],[-71.77173,-35.50803],[-71.7713,-35.5079],[-71.7704,-35.50782]]}},{"type":"Feature","properties":{"nombre":"Ruta K-380","jerarquia":5},"geometry":{"type":"LineString","coordinates":[[-71.7704,-35.50782],[-71.76901,-35.50779],[-71.76824,-35.50785],[-71.76749,-35.50811],[-71.76699,-35.50822],[-71.76666,-35.50814],[-71.76655,-35.50798],[-71.76663,-35.50778],[-71.76709,-35.50728],[-71.76718,-35.50705],[-71.76712,-35.50684],[-71.76663,-35.50606],[-71.76654,-35.50575],[-71.76653,-35.50503],[-71.76624,-35.50393],[-71.76606,-35.50364],[-71.76529,-35.50272],[-71.76503,-35.50247],[-71.76476,-35.50229],[-71.76465,-35.50212],[-71.76468,-35.50178],[-71.76454,-35.50158],[-71.76416,-35.50129],[-71.76356,-35.50104],[-71.76267,-35.50102],[-71.76256,-35.50095],[-71.7634,-35.50027],[-71.7638,-35.50008],[-71.76413,-35.49984],[-71.76451,-35.49937],[-71.76474,-35.49884],[-71.76491,-35.49863],[-71.76523,-35.4985],[-71.76545,-35.49848],[-71.76551,-35.49841],[-71.76547,-35.49833],[-71.76532,-35.49826],[-71.76393,-35.4982],[-71.7638,-35.49815],[-71.7635,-35.49793],[-71.76281,-35.4976],[-71.76278,-35.49754],[-71.76288,-35.49749],[-71.76338,-35.49742],[-71.76372,-35.49694],[-71.76382,-35.49653],[-71.76411,-35.49602],[-71.76423,-35.4957],[-71.76448,-35.49544],[-71.76538,-35.49511],[-71.76543,-35.49506],[-71.76543,-35.49487],[-71.7655,-35.49468],[-71.76573,-35.49432],[-71.7657,-35.49415],[-71.76554,-35.49392],[-71.76506,-35.49358],[-71.76464,-35.49312],[-71.76444,-35.49235],[-71.76442,-35.49188],[-71.76443,-35.49142],[-71.76456,-35.49088],[-71.76425,-35.49054],[-71.76376,-35.48975],[-71.76352,-35.48955],[-71.76324,-35.4891],[-71.76317,-35.48876],[-71.76323,-35.4886],[-71.76322,-35.48843],[-71.76296,-35.48757],[-71.76272,-35.48729],[-71.76186,-35.48655]]}},{"type":"Feature","properties":{"nombre":"Ruta K-380","jerarquia":5},"geometry":{"type":"LineString","coordinates":[[-71.76186,-35.48655],[-71.76111,-35.48595],[-71.76048,-35.4856]]}},{"type":"Feature","properties":{"nombre":"Ruta K-380","jerarquia":5},"geometry":{"type":"LineString","coordinates":[[-71.76048,-35.4856],[-71.7602,-35.4855]]}},{"type":"Feature","properties":{"nombre":"Ruta K-380","jerarquia":5},"geometry":{"type":"LineString","coordinates":[[-71.7602,-35.4855],[-71.76,-35.48544]]}},{"type":"Feature","properties":{"nombre":"Ruta K-380","jerarquia":5},"geometry":{"type":"LineString","coordinates":[[-71.76,-35.48544],[-71.7583,-35.48515]]}},{"type":"Feature","properties":{"nombre":"Ruta K-380","jerarquia":5},"geometry":{"type":"LineString","coordinates":[[-71.7583,-35.48515],[-71.75688,-35.48499]]}},{"type":"Feature","properties":{"nombre":"Ruta K-380","jerarquia":5},"geometry":{"type":"LineString","coordinates":[[-71.75688,-35.48499],[-71.75647,-35.48492]]}},{"type":"Feature","properties":{"nombre":"Ruta K-380","jerarquia":5},"geometry":{"type":"LineString","coordinates":[[-71.75647,-35.48492],[-71.75613,-35.48483],[-71.75579,-35.48467]]}},{"type":"Feature","properties":{"nombre":"Ruta K-380","jerarquia":5},"geometry":{"type":"LineString","coordinates":[[-71.75579,-35.48467],[-71.75475,-35.48389]]}},{"type":"Feature","properties":{"nombre":"Ruta K-380","jerarquia":5},"geometry":{"type":"LineString","coordinates":[[-71.75475,-35.48389],[-71.75404,-35.48331]]}},{"type":"Feature","properties":{"nombre":"Ruta K-380","jerarquia":5},"geometry":{"type":"LineString","coordinates":[[-71.75404,-35.48331],[-71.75301,-35.4825],[-71.75238,-35.48217]]}},{"type":"Feature","properties":{"nombre":"Ruta K-380","jerarquia":5},"geometry":{"type":"LineString","coordinates":[[-71.75238,-35.48217],[-71.75215,-35.48205]]}},{"type":"Feature","properties":{"nombre":"Ruta K-380","jerarquia":5},"geometry":{"type":"LineString","coordinates":[[-71.75215,-35.48205],[-71.7515,-35.48172]]}},{"type":"Feature","properties":{"nombre":"Ruta K-380","jerarquia":5},"geometry":{"type":"LineString","coordinates":[[-71.7515,-35.48172],[-71.75111,-35.48153]]}},{"type":"Feature","properties":{"nombre":"Ruta K-380","jerarquia":5},"geometry":{"type":"LineString","coordinates":[[-71.75111,-35.48153],[-71.75009,-35.48095],[-71.74957,-35.48075],[-71.74911,-35.48066],[-71.74745,-35.48051]]}},{"type":"Feature","properties":{"nombre":"Diagonal Samoré","jerarquia":4},"geometry":{"type":"LineString","coordinates":[[-71.68163,-35.52212],[-71.68222,-35.52205],[-71.68411,-35.52145]]}},{"type":"Feature","properties":{"nombre":"Diagonal Samoré","jerarquia":4},"geometry":{"type":"LineString","coordinates":[[-71.68411,-35.52145],[-71.68466,-35.52127]]}},{"type":"Feature","properties":{"nombre":"18 Oriente","jerarquia":3},"geometry":{"type":"LineString","coordinates":[[-71.6402,-35.42829],[-71.6406,-35.42905]]}},{"type":"Feature","properties":{"nombre":"18 Oriente","jerarquia":3},"geometry":{"type":"LineString","coordinates":[[-71.6406,-35.42905],[-71.64066,-35.42929]]}},{"type":"Feature","properties":{"nombre":"18 Oriente","jerarquia":3},"geometry":{"type":"LineString","coordinates":[[-71.64066,-35.42929],[-71.64067,-35.42935]]}},{"type":"Feature","properties":{"nombre":"Calle 2 Norte","jerarquia":3},"geometry":{"type":"LineString","coordinates":[[-71.636,-35.42905],[-71.63577,-35.42911]]}},{"type":"Feature","properties":{"nombre":"Avenida Circunvalación 30 Oriente","jerarquia":4},"geometry":{"type":"LineString","coordinates":[[-71.62939,-35.43444],[-71.62932,-35.43435]]}},{"type":"Feature","properties":{"nombre":"Calle 2 Norte","jerarquia":4},"geometry":{"type":"LineString","coordinates":[[-71.6148,-35.43534],[-71.61192,-35.43621]]}},{"type":"Feature","properties":{"nombre":"Calle 2 Norte","jerarquia":4},"geometry":{"type":"LineString","coordinates":[[-71.61192,-35.43621],[-71.61082,-35.43655]]}},{"type":"Feature","properties":{"nombre":"8 Sur","jerarquia":5},"geometry":{"type":"LineString","coordinates":[[-71.62233,-35.44616],[-71.61821,-35.44829]]}},{"type":"Feature","properties":{"nombre":"Avenida 8 Sur","jerarquia":5},"geometry":{"type":"LineString","coordinates":[[-71.63303,-35.44077],[-71.6311,-35.44175]]}},{"type":"Feature","properties":{"nombre":"Avenida 8 Sur","jerarquia":5},"geometry":{"type":"LineString","coordinates":[[-71.6311,-35.44175],[-71.63098,-35.4418]]}},{"type":"Feature","properties":{"nombre":"Ruta K-353","jerarquia":5},"geometry":{"type":"LineString","coordinates":[[-71.60579,-35.47264],[-71.60517,-35.47723],[-71.60518,-35.47747],[-71.60538,-35.47797],[-71.60556,-35.47815],[-71.60665,-35.4789],[-71.60765,-35.47947],[-71.60925,-35.48022],[-71.60927,-35.48039],[-71.60906,-35.48179]]}},{"type":"Feature","properties":{"nombre":"Calle 2 Norte","jerarquia":3},"geometry":{"type":"LineString","coordinates":[[-71.63565,-35.42906],[-71.63573,-35.42904]]}},{"type":"Feature","properties":{"nombre":"Calle 2 Norte","jerarquia":4},"geometry":{"type":"LineString","coordinates":[[-71.63568,-35.42914],[-71.63544,-35.42921]]}},{"type":"Feature","properties":{"nombre":"Calle 2 Norte","jerarquia":4},"geometry":{"type":"LineString","coordinates":[[-71.63544,-35.42921],[-71.63457,-35.42945]]}},{"type":"Feature","properties":{"nombre":"Calle 2 Norte","jerarquia":4},"geometry":{"type":"LineString","coordinates":[[-71.63457,-35.42945],[-71.6333,-35.42982]]}},{"type":"Feature","properties":{"nombre":"Calle 2 Norte","jerarquia":4},"geometry":{"type":"LineString","coordinates":[[-71.6333,-35.42982],[-71.63314,-35.42987]]}},{"type":"Feature","properties":{"nombre":"Calle 2 Norte","jerarquia":4},"geometry":{"type":"LineString","coordinates":[[-71.63314,-35.42987],[-71.63307,-35.4299]]}},{"type":"Feature","properties":{"nombre":"Avenida 8 Sur","jerarquia":3},"geometry":{"type":"LineString","coordinates":[[-71.63987,-35.43805],[-71.64018,-35.43797]]}},{"type":"Feature","properties":{"nombre":"Avenida 8 Sur","jerarquia":3},"geometry":{"type":"LineString","coordinates":[[-71.64018,-35.43797],[-71.64085,-35.43777]]}},{"type":"Feature","properties":{"nombre":"Avenida 8 Sur","jerarquia":3},"geometry":{"type":"LineString","coordinates":[[-71.63935,-35.43819],[-71.63964,-35.43811]]}},{"type":"Feature","properties":{"nombre":"20 Oriente","jerarquia":4},"geometry":{"type":"LineString","coordinates":[[-71.6383,-35.43423],[-71.63949,-35.43711]]}},{"type":"Feature","properties":{"nombre":"Ruta 5 Sur","jerarquia":1},"geometry":{"type":"LineString","coordinates":[[-71.64214,-35.44468],[-71.64236,-35.44525]]}},{"type":"Feature","properties":{"nombre":"Ruta 5 Sur","jerarquia":1},"geometry":{"type":"LineString","coordinates":[[-71.62961,-35.41344],[-71.62931,-35.41268]]}},{"type":"Feature","properties":{"nombre":"Ruta 5 Sur","jerarquia":1},"geometry":{"type":"LineString","coordinates":[[-71.64248,-35.44556],[-71.64296,-35.44665]]}},{"type":"Feature","properties":{"nombre":"Ruta 5 Sur","jerarquia":1},"geometry":{"type":"LineString","coordinates":[[-71.63215,-35.41943],[-71.63366,-35.42321],[-71.63435,-35.42509]]}},{"type":"Feature","properties":{"nombre":"Avenida 8 Sur","jerarquia":3},"geometry":{"type":"LineString","coordinates":[[-71.63939,-35.43827],[-71.63932,-35.43828]]}},{"type":"Feature","properties":{"nombre":"Avenida 8 Sur","jerarquia":3},"geometry":{"type":"LineString","coordinates":[[-71.63932,-35.43828],[-71.63922,-35.43831]]}},{"type":"Feature","properties":{"nombre":"Ruta 5 Sur","jerarquia":1},"geometry":{"type":"LineString","coordinates":[[-71.69107,-35.53663],[-71.69202,-35.53819]]}},{"type":"Feature","properties":{"nombre":"Avenida 8 Sur","jerarquia":3},"geometry":{"type":"LineString","coordinates":[[-71.63967,-35.43819],[-71.63939,-35.43827]]}},{"type":"Feature","properties":{"nombre":"Ruta 5 Sur","jerarquia":1},"geometry":{"type":"LineString","coordinates":[[-71.66187,-35.49452],[-71.66094,-35.49216]]}},{"type":"Feature","properties":{"nombre":"Enlace El Tabaco","jerarquia":4},"geometry":{"type":"LineString","coordinates":[[-71.6459,-35.4517],[-71.64551,-35.4518]]}},{"type":"Feature","properties":{"nombre":"","jerarquia":1},"geometry":{"type":"LineString","coordinates":[[-71.64585,-35.45247],[-71.64604,-35.45231],[-71.64608,-35.45212],[-71.64598,-35.45193],[-71.6457,-35.4518]]}},{"type":"Feature","properties":{"nombre":"","jerarquia":1},"geometry":{"type":"LineString","coordinates":[[-71.6457,-35.4518],[-71.64551,-35.4518]]}},{"type":"Feature","properties":{"nombre":"20 Oriente","jerarquia":4},"geometry":{"type":"LineString","coordinates":[[-71.63772,-35.43312],[-71.6379,-35.43355],[-71.6383,-35.43423]]}},{"type":"Feature","properties":{"nombre":"Ruta 5 Sur","jerarquia":1},"geometry":{"type":"LineString","coordinates":[[-71.62308,-35.40121],[-71.62454,-35.40213],[-71.62521,-35.40272],[-71.62578,-35.40355],[-71.62629,-35.40469]]}},{"type":"Feature","properties":{"nombre":"","jerarquia":1},"geometry":{"type":"LineString","coordinates":[[-71.64625,-35.45237],[-71.64643,-35.45233]]}},{"type":"Feature","properties":{"nombre":"","jerarquia":1},"geometry":{"type":"LineString","coordinates":[[-71.64643,-35.45233],[-71.64652,-35.4523]]}},{"type":"Feature","properties":{"nombre":"21 Oriente","jerarquia":4},"geometry":{"type":"LineString","coordinates":[[-71.63888,-35.43749],[-71.63831,-35.43607]]}},{"type":"Feature","properties":{"nombre":"21 Oriente","jerarquia":4},"geometry":{"type":"LineString","coordinates":[[-71.63831,-35.43607],[-71.63757,-35.43423]]}},{"type":"Feature","properties":{"nombre":"20 Oriente","jerarquia":3},"geometry":{"type":"LineString","coordinates":[[-71.63977,-35.43781],[-71.63983,-35.43796]]}},{"type":"Feature","properties":{"nombre":"20 Oriente","jerarquia":3},"geometry":{"type":"LineString","coordinates":[[-71.63983,-35.43796],[-71.63987,-35.43805]]}},{"type":"Feature","properties":{"nombre":"21 Oriente","jerarquia":3},"geometry":{"type":"LineString","coordinates":[[-71.63919,-35.43824],[-71.6391,-35.43803]]}},{"type":"Feature","properties":{"nombre":"20 Oriente","jerarquia":2},"geometry":{"type":"LineString","coordinates":[[-71.63725,-35.43197],[-71.63738,-35.43229]]}},{"type":"Feature","properties":{"nombre":"20 Oriente","jerarquia":2},"geometry":{"type":"LineString","coordinates":[[-71.63738,-35.43229],[-71.63752,-35.43264]]}},{"type":"Feature","properties":{"nombre":"20 Oriente","jerarquia":2},"geometry":{"type":"LineString","coordinates":[[-71.63752,-35.43264],[-71.63772,-35.43312]]}},{"type":"Feature","properties":{"nombre":"Avenida San Miguel","jerarquia":2},"geometry":{"type":"LineString","coordinates":[[-71.63718,-35.43199],[-71.63697,-35.43205]]}},{"type":"Feature","properties":{"nombre":"Avenida San Miguel","jerarquia":2},"geometry":{"type":"LineString","coordinates":[[-71.63697,-35.43205],[-71.63693,-35.43207]]}},{"type":"Feature","properties":{"nombre":"Avenida San Miguel","jerarquia":2},"geometry":{"type":"LineString","coordinates":[[-71.63682,-35.43203],[-71.63691,-35.432]]}},{"type":"Feature","properties":{"nombre":"Avenida San Miguel","jerarquia":2},"geometry":{"type":"LineString","coordinates":[[-71.63693,-35.43207],[-71.63685,-35.43209]]}},{"type":"Feature","properties":{"nombre":"Avenida San Miguel","jerarquia":2},"geometry":{"type":"LineString","coordinates":[[-71.63691,-35.432],[-71.63714,-35.43192]]}},{"type":"Feature","properties":{"nombre":"Avenida San Miguel","jerarquia":2},"geometry":{"type":"LineString","coordinates":[[-71.63714,-35.43192],[-71.63718,-35.43191]]}},{"type":"Feature","properties":{"nombre":"Avenida San Miguel","jerarquia":2},"geometry":{"type":"LineString","coordinates":[[-71.63718,-35.43191],[-71.63723,-35.4319]]}},{"type":"Feature","properties":{"nombre":"Avenida Andrés Vaccaro","jerarquia":3},"geometry":{"type":"LineString","coordinates":[[-71.63818,-35.4316],[-71.63914,-35.43128],[-71.63959,-35.43104]]}},{"type":"Feature","properties":{"nombre":"Avenida San Miguel","jerarquia":3},"geometry":{"type":"LineString","coordinates":[[-71.63928,-35.43137],[-71.639,-35.43145]]}},{"type":"Feature","properties":{"nombre":"Avenida San Miguel","jerarquia":3},"geometry":{"type":"LineString","coordinates":[[-71.639,-35.43145],[-71.63758,-35.43187]]}},{"type":"Feature","properties":{"nombre":"18 Oriente","jerarquia":3},"geometry":{"type":"LineString","coordinates":[[-71.64054,-35.42932],[-71.64047,-35.42893]]}},{"type":"Feature","properties":{"nombre":"18 Oriente","jerarquia":3},"geometry":{"type":"LineString","coordinates":[[-71.64047,-35.42893],[-71.6402,-35.42846]]}},{"type":"Feature","properties":{"nombre":"Calle 2 Sur","jerarquia":3},"geometry":{"type":"LineString","coordinates":[[-71.65533,-35.42903],[-71.65554,-35.4289]]}},{"type":"Feature","properties":{"nombre":"Calle 2 Sur","jerarquia":3},"geometry":{"type":"LineString","coordinates":[[-71.65554,-35.4289],[-71.65564,-35.42889]]}},{"type":"Feature","properties":{"nombre":"Calle 2 Sur","jerarquia":3},"geometry":{"type":"LineString","coordinates":[[-71.65564,-35.42889],[-71.65704,-35.42879]]}},{"type":"Feature","properties":{"nombre":"Calle 2 Sur","jerarquia":3},"geometry":{"type":"LineString","coordinates":[[-71.65704,-35.42879],[-71.65713,-35.42878]]}},{"type":"Feature","properties":{"nombre":"Calle 2 Sur","jerarquia":3},"geometry":{"type":"LineString","coordinates":[[-71.65713,-35.42878],[-71.65732,-35.42882]]}},{"type":"Feature","properties":{"nombre":"Calle 2 Sur","jerarquia":3},"geometry":{"type":"LineString","coordinates":[[-71.65123,-35.42947],[-71.651,-35.42959]]}},{"type":"Feature","properties":{"nombre":"Calle 9 Oriente","jerarquia":5},"geometry":{"type":"LineString","coordinates":[[-71.65414,-35.42304],[-71.65414,-35.42407]]}},{"type":"Feature","properties":{"nombre":"Calle 9 Oriente","jerarquia":5},"geometry":{"type":"LineString","coordinates":[[-71.65414,-35.42407],[-71.65415,-35.42447]]}},{"type":"Feature","properties":{"nombre":"Calle 9 Oriente","jerarquia":5},"geometry":{"type":"LineString","coordinates":[[-71.65415,-35.42447],[-71.65417,-35.42548]]}},{"type":"Feature","properties":{"nombre":"Calle 9 Oriente","jerarquia":5},"geometry":{"type":"LineString","coordinates":[[-71.65417,-35.42548],[-71.65418,-35.42556]]}},{"type":"Feature","properties":{"nombre":"Calle 9 Oriente","jerarquia":5},"geometry":{"type":"LineString","coordinates":[[-71.65418,-35.42556],[-71.65418,-35.42682]]}},{"type":"Feature","properties":{"nombre":"","jerarquia":3},"geometry":{"type":"LineString","coordinates":[[-71.65539,-35.42927],[-71.65531,-35.42914],[-71.65533,-35.42903]]}},{"type":"Feature","properties":{"nombre":"Calle 2 Oriente","jerarquia":5},"geometry":{"type":"LineString","coordinates":[[-71.66411,-35.42843],[-71.664,-35.42737]]}},{"type":"Feature","properties":{"nombre":"Calle 2 Oriente","jerarquia":5},"geometry":{"type":"LineString","coordinates":[[-71.664,-35.42737],[-71.66399,-35.42728]]}},{"type":"Feature","properties":{"nombre":"Calle 2 Oriente","jerarquia":5},"geometry":{"type":"LineString","coordinates":[[-71.66399,-35.42728],[-71.66388,-35.42622]]}},{"type":"Feature","properties":{"nombre":"Calle 2 Oriente","jerarquia":5},"geometry":{"type":"LineString","coordinates":[[-71.66388,-35.42622],[-71.66387,-35.42613]]}},{"type":"Feature","properties":{"nombre":"Calle 2 Oriente","jerarquia":5},"geometry":{"type":"LineString","coordinates":[[-71.66387,-35.42613],[-71.66375,-35.42489]]}},{"type":"Feature","properties":{"nombre":"Calle 2 Oriente","jerarquia":5},"geometry":{"type":"LineString","coordinates":[[-71.66375,-35.42489],[-71.66374,-35.4248]]}},{"type":"Feature","properties":{"nombre":"Calle 2 Norte","jerarquia":4},"geometry":{"type":"LineString","coordinates":[[-71.66374,-35.4248],[-71.66499,-35.4247]]}},{"type":"Feature","properties":{"nombre":"Calle 2 Norte","jerarquia":4},"geometry":{"type":"LineString","coordinates":[[-71.66499,-35.4247],[-71.66512,-35.42467]]}},{"type":"Feature","properties":{"nombre":"Calle 2 Norte","jerarquia":4},"geometry":{"type":"LineString","coordinates":[[-71.66512,-35.42467],[-71.66638,-35.42457]]}},{"type":"Feature","properties":{"nombre":"Calle 2 Norte","jerarquia":4},"geometry":{"type":"LineString","coordinates":[[-71.66638,-35.42457],[-71.66648,-35.42456]]}},{"type":"Feature","properties":{"nombre":"Calle 2 Norte","jerarquia":4},"geometry":{"type":"LineString","coordinates":[[-71.66648,-35.42456],[-71.66781,-35.42447]]}},{"type":"Feature","properties":{"nombre":"Calle 2 Norte","jerarquia":4},"geometry":{"type":"LineString","coordinates":[[-71.66781,-35.42447],[-71.66791,-35.42447]]}},{"type":"Feature","properties":{"nombre":"Calle 2 Oriente","jerarquia":5},"geometry":{"type":"LineString","coordinates":[[-71.66374,-35.4248],[-71.66362,-35.42377]]}},{"type":"Feature","properties":{"nombre":"Calle 2 Oriente","jerarquia":5},"geometry":{"type":"LineString","coordinates":[[-71.66362,-35.42377],[-71.66361,-35.4237]]}},{"type":"Feature","properties":{"nombre":"Calle 2 Oriente","jerarquia":5},"geometry":{"type":"LineString","coordinates":[[-71.66361,-35.4237],[-71.66349,-35.42246]]}},{"type":"Feature","properties":{"nombre":"Calle 2 Oriente","jerarquia":5},"geometry":{"type":"LineString","coordinates":[[-71.66349,-35.42246],[-71.66349,-35.42237]]}},{"type":"Feature","properties":{"nombre":"Calle 2 Oriente","jerarquia":5},"geometry":{"type":"LineString","coordinates":[[-71.66349,-35.42237],[-71.66344,-35.42191]]}},{"type":"Feature","properties":{"nombre":"Calle 2 Oriente","jerarquia":5},"geometry":{"type":"LineString","coordinates":[[-71.66344,-35.42191],[-71.66343,-35.42182]]}},{"type":"Feature","properties":{"nombre":"Calle 3 Oriente","jerarquia":5},"geometry":{"type":"LineString","coordinates":[[-71.66209,-35.42192],[-71.66214,-35.42239]]}},{"type":"Feature","properties":{"nombre":"Calle 3 Oriente","jerarquia":5},"geometry":{"type":"LineString","coordinates":[[-71.66214,-35.42239],[-71.66214,-35.42247]]}},{"type":"Feature","properties":{"nombre":"Calle 3 Oriente","jerarquia":5},"geometry":{"type":"LineString","coordinates":[[-71.66214,-35.42247],[-71.66228,-35.42381]]}},{"type":"Feature","properties":{"nombre":"Calle 3 Oriente","jerarquia":5},"geometry":{"type":"LineString","coordinates":[[-71.66228,-35.42381],[-71.66238,-35.4248]]}},{"type":"Feature","properties":{"nombre":"Calle 3 Oriente","jerarquia":5},"geometry":{"type":"LineString","coordinates":[[-71.66238,-35.4248],[-71.66239,-35.42489]]}},{"type":"Feature","properties":{"nombre":"Calle 3 Oriente","jerarquia":5},"geometry":{"type":"LineString","coordinates":[[-71.66239,-35.42489],[-71.66253,-35.42625]]}},{"type":"Feature","properties":{"nombre":"Calle 3 Oriente","jerarquia":5},"geometry":{"type":"LineString","coordinates":[[-71.66253,-35.42625],[-71.66264,-35.4274]]}},{"type":"Feature","properties":{"nombre":"Calle 3 Oriente","jerarquia":5},"geometry":{"type":"LineString","coordinates":[[-71.66264,-35.4274],[-71.66275,-35.42854]]}},{"type":"Feature","properties":{"nombre":"Calle 13 Norte","jerarquia":5},"geometry":{"type":"LineString","coordinates":[[-71.64235,-35.41279],[-71.64256,-35.41295],[-71.64263,-35.41307]]}},{"type":"Feature","properties":{"nombre":"Calle 19 Norte","jerarquia":4},"geometry":{"type":"LineString","coordinates":[[-71.64431,-35.40762],[-71.64473,-35.40721]]}},{"type":"Feature","properties":{"nombre":"Calle 10 Oriente","jerarquia":5},"geometry":{"type":"LineString","coordinates":[[-71.65296,-35.43423],[-71.65294,-35.43416]]}},{"type":"Feature","properties":{"nombre":"Calle 6 Oriente","jerarquia":4},"geometry":{"type":"LineString","coordinates":[[-71.65976,-35.4374],[-71.65991,-35.4375],[-71.66026,-35.43804]]}},{"type":"Feature","properties":{"nombre":"Avenida Costanera","jerarquia":5},"geometry":{"type":"LineString","coordinates":[[-71.65985,-35.43734],[-71.65976,-35.4374]]}},{"type":"Feature","properties":{"nombre":"Avenida Andrés Vaccaro","jerarquia":3},"geometry":{"type":"LineString","coordinates":[[-71.64067,-35.42935],[-71.64038,-35.43012]]}},{"type":"Feature","properties":{"nombre":"Ruta K-35","jerarquia":5},"geometry":{"type":"LineString","coordinates":[[-71.53335,-35.43015],[-71.53254,-35.43021],[-71.53197,-35.4302],[-71.52998,-35.42981]]}},{"type":"Feature","properties":{"nombre":"Ruta K-35","jerarquia":5},"geometry":{"type":"LineString","coordinates":[[-71.52998,-35.42981],[-71.52817,-35.42946],[-71.52759,-35.42944]]}},{"type":"Feature","properties":{"nombre":"Ruta K-35","jerarquia":5},"geometry":{"type":"LineString","coordinates":[[-71.52759,-35.42944],[-71.5253,-35.42986],[-71.5247,-35.42987],[-71.52331,-35.42977],[-71.52243,-35.42991]]}},{"type":"Feature","properties":{"nombre":"Ruta K-35","jerarquia":5},"geometry":{"type":"LineString","coordinates":[[-71.52243,-35.42991],[-71.52138,-35.4301]]}},{"type":"Feature","properties":{"nombre":"Ruta K-35","jerarquia":5},"geometry":{"type":"LineString","coordinates":[[-71.52138,-35.4301],[-71.5203,-35.43025]]}},{"type":"Feature","properties":{"nombre":"Ruta K-35","jerarquia":5},"geometry":{"type":"LineString","coordinates":[[-71.5203,-35.43025],[-71.51712,-35.43064],[-71.51306,-35.43055]]}},{"type":"Feature","properties":{"nombre":"Ruta K-35","jerarquia":5},"geometry":{"type":"LineString","coordinates":[[-71.51306,-35.43055],[-71.5113,-35.43059]]}},{"type":"Feature","properties":{"nombre":"Ruta K-35","jerarquia":5},"geometry":{"type":"LineString","coordinates":[[-71.5113,-35.43059],[-71.51122,-35.43059]]}},{"type":"Feature","properties":{"nombre":"Ruta K-35","jerarquia":5},"geometry":{"type":"LineString","coordinates":[[-71.51122,-35.43059],[-71.50903,-35.4308],[-71.50627,-35.43132],[-71.50447,-35.4314]]}},{"type":"Feature","properties":{"nombre":"Ruta K-35","jerarquia":5},"geometry":{"type":"LineString","coordinates":[[-71.50447,-35.4314],[-71.50172,-35.43161]]}},{"type":"Feature","properties":{"nombre":"Ruta K-35","jerarquia":5},"geometry":{"type":"LineString","coordinates":[[-71.50172,-35.43161],[-71.49678,-35.43198],[-71.49596,-35.4322],[-71.49388,-35.43291]]}},{"type":"Feature","properties":{"nombre":"Avenida Sandoval","jerarquia":5},"geometry":{"type":"LineString","coordinates":[[-71.61964,-35.41371],[-71.61921,-35.41363]]}},{"type":"Feature","properties":{"nombre":"13 Norte","jerarquia":5},"geometry":{"type":"LineString","coordinates":[[-71.61542,-35.42218],[-71.61475,-35.42221]]}},{"type":"Feature","properties":{"nombre":"13 Norte","jerarquia":5},"geometry":{"type":"LineString","coordinates":[[-71.61475,-35.42221],[-71.61435,-35.42222],[-71.61412,-35.42216]]}},{"type":"Feature","properties":{"nombre":"10 Norte","jerarquia":5},"geometry":{"type":"LineString","coordinates":[[-71.61658,-35.42372],[-71.6166,-35.42361],[-71.61683,-35.42338]]}},{"type":"Feature","properties":{"nombre":"Calle de Servicio Ruta 5","jerarquia":5},"geometry":{"type":"LineString","coordinates":[[-71.626,-35.40916],[-71.62728,-35.40848]]}},{"type":"Feature","properties":{"nombre":"Calle de Servicio Ruta 5","jerarquia":5},"geometry":{"type":"LineString","coordinates":[[-71.62629,-35.40964],[-71.626,-35.40916]]}},{"type":"Feature","properties":{"nombre":"","jerarquia":4},"geometry":{"type":"LineString","coordinates":[[-71.69234,-35.45556],[-71.69227,-35.45567]]}},{"type":"Feature","properties":{"nombre":"","jerarquia":4},"geometry":{"type":"LineString","coordinates":[[-71.69209,-35.45533],[-71.69223,-35.45544],[-71.69242,-35.45548]]}},{"type":"Feature","properties":{"nombre":"Ruta K-370","jerarquia":5},"geometry":{"type":"LineString","coordinates":[[-71.69692,-35.45549],[-71.69776,-35.45564],[-71.70027,-35.45634],[-71.70362,-35.45674]]}},{"type":"Feature","properties":{"nombre":"Ruta K-370","jerarquia":5},"geometry":{"type":"LineString","coordinates":[[-71.70362,-35.45674],[-71.70648,-35.45709],[-71.70881,-35.4573]]}},{"type":"Feature","properties":{"nombre":"Ruta K-370","jerarquia":5},"geometry":{"type":"LineString","coordinates":[[-71.70881,-35.4573],[-71.71291,-35.45761],[-71.71495,-35.45811],[-71.71641,-35.4586]]}},{"type":"Feature","properties":{"nombre":"Ruta K-370","jerarquia":5},"geometry":{"type":"LineString","coordinates":[[-71.71641,-35.4586],[-71.71732,-35.45885],[-71.71886,-35.45899],[-71.72044,-35.45926],[-71.72242,-35.46027],[-71.72408,-35.46084],[-71.72473,-35.46113]]}},{"type":"Feature","properties":{"nombre":"Ruta K-370","jerarquia":5},"geometry":{"type":"LineString","coordinates":[[-71.72473,-35.46113],[-71.7252,-35.4614]]}},{"type":"Feature","properties":{"nombre":"Ruta K-370","jerarquia":5},"geometry":{"type":"LineString","coordinates":[[-71.7252,-35.4614],[-71.7253,-35.46146]]}},{"type":"Feature","properties":{"nombre":"Ruta K-370","jerarquia":5},"geometry":{"type":"LineString","coordinates":[[-71.7253,-35.46146],[-71.72571,-35.46168],[-71.72789,-35.46257]]}},{"type":"Feature","properties":{"nombre":"Ruta K-370","jerarquia":5},"geometry":{"type":"LineString","coordinates":[[-71.72789,-35.46257],[-71.72908,-35.46299]]}},{"type":"Feature","properties":{"nombre":"Ruta K-370","jerarquia":5},"geometry":{"type":"LineString","coordinates":[[-71.72908,-35.46299],[-71.72968,-35.46326],[-71.72983,-35.46339],[-71.73038,-35.46412]]}},{"type":"Feature","properties":{"nombre":"9 Oriente","jerarquia":5},"geometry":{"type":"LineString","coordinates":[[-71.6607,-35.4492],[-71.66036,-35.44868]]}},{"type":"Feature","properties":{"nombre":"9 Oriente","jerarquia":5},"geometry":{"type":"LineString","coordinates":[[-71.66036,-35.44868],[-71.65999,-35.44814]]}},{"type":"Feature","properties":{"nombre":"9 Oriente","jerarquia":5},"geometry":{"type":"LineString","coordinates":[[-71.65999,-35.44814],[-71.65974,-35.44775]]}},{"type":"Feature","properties":{"nombre":"9 Oriente","jerarquia":5},"geometry":{"type":"LineString","coordinates":[[-71.65974,-35.44775],[-71.65964,-35.44759]]}},{"type":"Feature","properties":{"nombre":"9 Oriente","jerarquia":5},"geometry":{"type":"LineString","coordinates":[[-71.65964,-35.44759],[-71.65926,-35.44698]]}},{"type":"Feature","properties":{"nombre":"9 Oriente","jerarquia":5},"geometry":{"type":"LineString","coordinates":[[-71.65926,-35.44698],[-71.65922,-35.44694]]}},{"type":"Feature","properties":{"nombre":"9 Oriente","jerarquia":5},"geometry":{"type":"LineString","coordinates":[[-71.6608,-35.44917],[-71.6608,-35.44933],[-71.66066,-35.44992]]}},{"type":"Feature","properties":{"nombre":"9 Oriente","jerarquia":5},"geometry":{"type":"LineString","coordinates":[[-71.66066,-35.44992],[-71.66047,-35.45059]]}},{"type":"Feature","properties":{"nombre":"9 Oriente","jerarquia":5},"geometry":{"type":"LineString","coordinates":[[-71.66047,-35.45059],[-71.66042,-35.45073]]}},{"type":"Feature","properties":{"nombre":"9 Oriente","jerarquia":5},"geometry":{"type":"LineString","coordinates":[[-71.66042,-35.45073],[-71.66033,-35.45103]]}},{"type":"Feature","properties":{"nombre":"9 Oriente","jerarquia":5},"geometry":{"type":"LineString","coordinates":[[-71.66033,-35.45103],[-71.66028,-35.45122]]}},{"type":"Feature","properties":{"nombre":"Calle 4 Poniente","jerarquia":5},"geometry":{"type":"LineString","coordinates":[[-71.67815,-35.44862],[-71.67797,-35.4483]]}},{"type":"Feature","properties":{"nombre":"Calle 4 Poniente","jerarquia":5},"geometry":{"type":"LineString","coordinates":[[-71.67797,-35.4483],[-71.67782,-35.44802]]}},{"type":"Feature","properties":{"nombre":"Calle 4 Poniente","jerarquia":5},"geometry":{"type":"LineString","coordinates":[[-71.67782,-35.44802],[-71.67767,-35.44775]]}},{"type":"Feature","properties":{"nombre":"Calle 4 Poniente","jerarquia":5},"geometry":{"type":"LineString","coordinates":[[-71.67767,-35.44775],[-71.67753,-35.4475]]}},{"type":"Feature","properties":{"nombre":"Calle 18 Sur","jerarquia":4},"geometry":{"type":"LineString","coordinates":[[-71.6687,-35.44587],[-71.66918,-35.44544]]}},{"type":"Feature","properties":{"nombre":"26 Sur","jerarquia":5},"geometry":{"type":"LineString","coordinates":[[-71.67198,-35.45142],[-71.67203,-35.4514]]}},{"type":"Feature","properties":{"nombre":"Calle 10 Oriente","jerarquia":5},"geometry":{"type":"LineString","coordinates":[[-71.65618,-35.44829],[-71.65524,-35.44688]]}},{"type":"Feature","properties":{"nombre":"Calle 10 Oriente","jerarquia":5},"geometry":{"type":"LineString","coordinates":[[-71.65524,-35.44688],[-71.65497,-35.44646]]}},{"type":"Feature","properties":{"nombre":"Calle 10 Oriente","jerarquia":5},"geometry":{"type":"LineString","coordinates":[[-71.65497,-35.44646],[-71.6548,-35.44621]]}},{"type":"Feature","properties":{"nombre":"Calle 10 Oriente","jerarquia":5},"geometry":{"type":"LineString","coordinates":[[-71.6548,-35.44621],[-71.65445,-35.44568]]}},{"type":"Feature","properties":{"nombre":"Calle 10 Oriente","jerarquia":5},"geometry":{"type":"LineString","coordinates":[[-71.65445,-35.44568],[-71.65443,-35.44565]]}},{"type":"Feature","properties":{"nombre":"Calle 10 Oriente","jerarquia":5},"geometry":{"type":"LineString","coordinates":[[-71.65455,-35.44559],[-71.65492,-35.44615]]}},{"type":"Feature","properties":{"nombre":"Calle 10 Oriente","jerarquia":5},"geometry":{"type":"LineString","coordinates":[[-71.65492,-35.44615],[-71.6551,-35.44643]]}},{"type":"Feature","properties":{"nombre":"Calle 10 Oriente","jerarquia":5},"geometry":{"type":"LineString","coordinates":[[-71.6551,-35.44643],[-71.65536,-35.44682]]}},{"type":"Feature","properties":{"nombre":"Calle 10 Oriente","jerarquia":5},"geometry":{"type":"LineString","coordinates":[[-71.65536,-35.44682],[-71.65562,-35.44723]]}},{"type":"Feature","properties":{"nombre":"Calle 10 Oriente","jerarquia":5},"geometry":{"type":"LineString","coordinates":[[-71.65562,-35.44723],[-71.65614,-35.44801]]}},{"type":"Feature","properties":{"nombre":"Calle 10 Oriente","jerarquia":5},"geometry":{"type":"LineString","coordinates":[[-71.65614,-35.44801],[-71.65629,-35.44824]]}},{"type":"Feature","properties":{"nombre":"Calle 18 Sur","jerarquia":5},"geometry":{"type":"LineString","coordinates":[[-71.6607,-35.4492],[-71.6608,-35.44917]]}},{"type":"Feature","properties":{"nombre":"9 Oriente","jerarquia":5},"geometry":{"type":"LineString","coordinates":[[-71.66249,-35.45591],[-71.66244,-35.45583]]}},{"type":"Feature","properties":{"nombre":"9 Oriente","jerarquia":5},"geometry":{"type":"LineString","coordinates":[[-71.66244,-35.45583],[-71.66169,-35.45457]]}},{"type":"Feature","properties":{"nombre":"9 Oriente","jerarquia":5},"geometry":{"type":"LineString","coordinates":[[-71.66255,-35.45603],[-71.66249,-35.45591]]}},{"type":"Feature","properties":{"nombre":"","jerarquia":3},"geometry":{"type":"LineString","coordinates":[[-71.69057,-35.45144],[-71.69043,-35.45144],[-71.69034,-35.45149]]}},{"type":"Feature","properties":{"nombre":"","jerarquia":3},"geometry":{"type":"LineString","coordinates":[[-71.63893,-35.4383],[-71.63908,-35.43811]]}},{"type":"Feature","properties":{"nombre":"","jerarquia":3},"geometry":{"type":"LineString","coordinates":[[-71.63908,-35.43811],[-71.6391,-35.43803]]}},{"type":"Feature","properties":{"nombre":"Avenida 26 Sur","jerarquia":5},"geometry":{"type":"LineString","coordinates":[[-71.67819,-35.44875],[-71.67697,-35.44947]]}},{"type":"Feature","properties":{"nombre":"Avenida 26 Sur","jerarquia":5},"geometry":{"type":"LineString","coordinates":[[-71.67697,-35.44947],[-71.67656,-35.44969]]}},{"type":"Feature","properties":{"nombre":"26 Sur","jerarquia":5},"geometry":{"type":"LineString","coordinates":[[-71.67696,-35.44932],[-71.67733,-35.44911]]}},{"type":"Feature","properties":{"nombre":"26 Sur","jerarquia":5},"geometry":{"type":"LineString","coordinates":[[-71.67733,-35.44911],[-71.67766,-35.44891]]}},{"type":"Feature","properties":{"nombre":"26 Sur","jerarquia":5},"geometry":{"type":"LineString","coordinates":[[-71.67766,-35.44891],[-71.67815,-35.44862]]}},{"type":"Feature","properties":{"nombre":"26 Sur","jerarquia":5},"geometry":{"type":"LineString","coordinates":[[-71.68421,-35.44514],[-71.68444,-35.44501]]}},{"type":"Feature","properties":{"nombre":"Calle 1½ Poniente","jerarquia":5},"geometry":{"type":"LineString","coordinates":[[-71.67584,-35.45155],[-71.67572,-35.45137]]}},{"type":"Feature","properties":{"nombre":"Calle 1½ Poniente","jerarquia":5},"geometry":{"type":"LineString","coordinates":[[-71.67572,-35.45137],[-71.67552,-35.45104]]}},{"type":"Feature","properties":{"nombre":"Calle 1½ Poniente","jerarquia":5},"geometry":{"type":"LineString","coordinates":[[-71.67552,-35.45104],[-71.67532,-35.45071]]}},{"type":"Feature","properties":{"nombre":"Calle 1½ Poniente","jerarquia":5},"geometry":{"type":"LineString","coordinates":[[-71.67532,-35.45071],[-71.67507,-35.45031]]}},{"type":"Feature","properties":{"nombre":"2 Poniente","jerarquia":5},"geometry":{"type":"LineString","coordinates":[[-71.67593,-35.45192],[-71.67587,-35.45166]]}},{"type":"Feature","properties":{"nombre":"","jerarquia":5},"geometry":{"type":"LineString","coordinates":[[-71.68211,-35.4385],[-71.68233,-35.43848]]}},{"type":"Feature","properties":{"nombre":"26 Sur B","jerarquia":5},"geometry":{"type":"LineString","coordinates":[[-71.69086,-35.44182],[-71.69081,-35.44184]]}},{"type":"Feature","properties":{"nombre":"26 Sur B","jerarquia":5},"geometry":{"type":"LineString","coordinates":[[-71.69081,-35.44184],[-71.69069,-35.44188]]}},{"type":"Feature","properties":{"nombre":"21 Poniente","jerarquia":5},"geometry":{"type":"LineString","coordinates":[[-71.69437,-35.43759],[-71.6941,-35.43708]]}},{"type":"Feature","properties":{"nombre":"21 Poniente","jerarquia":5},"geometry":{"type":"LineString","coordinates":[[-71.6941,-35.43708],[-71.69393,-35.43677]]}},{"type":"Feature","properties":{"nombre":"21 Poniente","jerarquia":5},"geometry":{"type":"LineString","coordinates":[[-71.69393,-35.43677],[-71.69365,-35.43625]]}},{"type":"Feature","properties":{"nombre":"26 Sur B","jerarquia":5},"geometry":{"type":"LineString","coordinates":[[-71.69164,-35.44084],[-71.69178,-35.4406]]}},{"type":"Feature","properties":{"nombre":"","jerarquia":5},"geometry":{"type":"LineString","coordinates":[[-71.68366,-35.45919],[-71.68362,-35.45906]]}},{"type":"Feature","properties":{"nombre":"2 Sur","jerarquia":3},"geometry":{"type":"LineString","coordinates":[[-71.65096,-35.42936],[-71.65101,-35.42947],[-71.651,-35.42959]]}},{"type":"Feature","properties":{"nombre":"Calle 2 Sur","jerarquia":3},"geometry":{"type":"LineString","coordinates":[[-71.65043,-35.42929],[-71.65079,-35.42929],[-71.65096,-35.42936]]}},{"type":"Feature","properties":{"nombre":"Avenida San Miguel","jerarquia":2},"geometry":{"type":"LineString","coordinates":[[-71.59626,-35.45014],[-71.59853,-35.44923]]}},{"type":"Feature","properties":{"nombre":"Avenida San Miguel","jerarquia":2},"geometry":{"type":"LineString","coordinates":[[-71.59853,-35.44923],[-71.60008,-35.44861],[-71.60094,-35.44812]]}},{"type":"Feature","properties":{"nombre":"Esmeralda","jerarquia":5},"geometry":{"type":"LineString","coordinates":[[-71.59965,-35.4607],[-71.59815,-35.46083],[-71.59768,-35.46092],[-71.59736,-35.46104],[-71.5972,-35.46119],[-71.59716,-35.4613],[-71.59716,-35.46189]]}},{"type":"Feature","properties":{"nombre":"Esmeralda","jerarquia":5},"geometry":{"type":"LineString","coordinates":[[-71.59716,-35.46189],[-71.59717,-35.4623]]}},{"type":"Feature","properties":{"nombre":"Esmeralda","jerarquia":5},"geometry":{"type":"LineString","coordinates":[[-71.59717,-35.4623],[-71.59712,-35.46349]]}},{"type":"Feature","properties":{"nombre":"Esmeralda","jerarquia":5},"geometry":{"type":"LineString","coordinates":[[-71.59712,-35.46349],[-71.59715,-35.46406],[-71.59722,-35.46416],[-71.59845,-35.46447]]}},{"type":"Feature","properties":{"nombre":"Esmeralda","jerarquia":5},"geometry":{"type":"LineString","coordinates":[[-71.59845,-35.46447],[-71.60016,-35.46488]]}},{"type":"Feature","properties":{"nombre":"Esmeralda","jerarquia":5},"geometry":{"type":"LineString","coordinates":[[-71.60016,-35.46488],[-71.59999,-35.46582],[-71.59999,-35.46632],[-71.60034,-35.47246]]}},{"type":"Feature","properties":{"nombre":"Esmeralda","jerarquia":5},"geometry":{"type":"LineString","coordinates":[[-71.60034,-35.47246],[-71.60042,-35.47349]]}},{"type":"Feature","properties":{"nombre":"9 Norte","jerarquia":4},"geometry":{"type":"LineString","coordinates":[[-71.65577,-35.41575],[-71.65599,-35.41577]]}},{"type":"Feature","properties":{"nombre":"9 Norte","jerarquia":4},"geometry":{"type":"LineString","coordinates":[[-71.65599,-35.41577],[-71.65622,-35.41581]]}},{"type":"Feature","properties":{"nombre":"Ruta K-365","jerarquia":5},"geometry":{"type":"LineString","coordinates":[[-71.50467,-35.4507],[-71.4991,-35.45179]]}},{"type":"Feature","properties":{"nombre":"","jerarquia":1},"geometry":{"type":"LineString","coordinates":[[-71.62013,-35.39954],[-71.61992,-35.39921]]}},{"type":"Feature","properties":{"nombre":"","jerarquia":1},"geometry":{"type":"LineString","coordinates":[[-71.61992,-35.39921],[-71.61979,-35.39903]]}},{"type":"Feature","properties":{"nombre":"Avenida San Miguel","jerarquia":2},"geometry":{"type":"LineString","coordinates":[[-71.53386,-35.49529],[-71.5367,-35.49275]]}},{"type":"Feature","properties":{"nombre":"Avenida San Miguel","jerarquia":2},"geometry":{"type":"LineString","coordinates":[[-71.5367,-35.49275],[-71.54181,-35.48818]]}},{"type":"Feature","properties":{"nombre":"Avenida San Miguel","jerarquia":2},"geometry":{"type":"LineString","coordinates":[[-71.54181,-35.48818],[-71.5423,-35.48773]]}},{"type":"Feature","properties":{"nombre":"Avenida San Miguel","jerarquia":2},"geometry":{"type":"LineString","coordinates":[[-71.5423,-35.48773],[-71.5436,-35.48657]]}},{"type":"Feature","properties":{"nombre":"Avenida San Miguel","jerarquia":2},"geometry":{"type":"LineString","coordinates":[[-71.5436,-35.48657],[-71.54435,-35.48588]]}},{"type":"Feature","properties":{"nombre":"Ruta K-363","jerarquia":5},"geometry":{"type":"LineString","coordinates":[[-71.54183,-35.48848],[-71.5419,-35.48857]]}},{"type":"Feature","properties":{"nombre":"Ruta K-363","jerarquia":5},"geometry":{"type":"LineString","coordinates":[[-71.54176,-35.48839],[-71.54183,-35.48848]]}},{"type":"Feature","properties":{"nombre":"Ruta K-363","jerarquia":5},"geometry":{"type":"LineString","coordinates":[[-71.55391,-35.51323],[-71.5539,-35.51335],[-71.55397,-35.5135],[-71.55483,-35.51473],[-71.55628,-35.51666],[-71.5574,-35.51841],[-71.55842,-35.51989]]}},{"type":"Feature","properties":{"nombre":"Ruta K-363","jerarquia":5},"geometry":{"type":"LineString","coordinates":[[-71.55842,-35.51989],[-71.55909,-35.52099],[-71.56045,-35.52349]]}},{"type":"Feature","properties":{"nombre":"Ruta K-363","jerarquia":5},"geometry":{"type":"LineString","coordinates":[[-71.56045,-35.52349],[-71.56125,-35.52506],[-71.56151,-35.5254],[-71.56175,-35.52539],[-71.56375,-35.52449],[-71.564,-35.52443],[-71.56419,-35.52444],[-71.56439,-35.52456],[-71.56597,-35.52626]]}},{"type":"Feature","properties":{"nombre":"Camino Santa María","jerarquia":5},"geometry":{"type":"LineString","coordinates":[[-71.57628,-35.54489],[-71.57647,-35.54489],[-71.57777,-35.54437]]}},{"type":"Feature","properties":{"nombre":"Camino Santa María","jerarquia":5},"geometry":{"type":"LineString","coordinates":[[-71.57777,-35.54437],[-71.57976,-35.54357],[-71.57999,-35.54355],[-71.58012,-35.5437],[-71.58179,-35.54702]]}},{"type":"Feature","properties":{"nombre":"Camino Santa María","jerarquia":5},"geometry":{"type":"LineString","coordinates":[[-71.58179,-35.54702],[-71.58237,-35.54815]]}},{"type":"Feature","properties":{"nombre":"Camino Santa María","jerarquia":5},"geometry":{"type":"LineString","coordinates":[[-71.58237,-35.54815],[-71.58275,-35.54889]]}},{"type":"Feature","properties":{"nombre":"Camino Santa María","jerarquia":5},"geometry":{"type":"LineString","coordinates":[[-71.58275,-35.54889],[-71.58315,-35.54969]]}},{"type":"Feature","properties":{"nombre":"Camino Santa María","jerarquia":5},"geometry":{"type":"LineString","coordinates":[[-71.58315,-35.54969],[-71.58347,-35.55031],[-71.58387,-35.55095],[-71.58779,-35.55649]]}},{"type":"Feature","properties":{"nombre":"Variante Duao","jerarquia":5},"geometry":{"type":"LineString","coordinates":[[-71.58186,-35.56134],[-71.58138,-35.56025]]}},{"type":"Feature","properties":{"nombre":"Variante Duao","jerarquia":5},"geometry":{"type":"LineString","coordinates":[[-71.58138,-35.56025],[-71.58104,-35.55951]]}},{"type":"Feature","properties":{"nombre":"Variante Duao","jerarquia":5},"geometry":{"type":"LineString","coordinates":[[-71.58104,-35.55951],[-71.58024,-35.5578]]}},{"type":"Feature","properties":{"nombre":"Variante Duao","jerarquia":5},"geometry":{"type":"LineString","coordinates":[[-71.58681,-35.55792],[-71.58653,-35.55839],[-71.58617,-35.55883],[-71.58562,-35.55981],[-71.58536,-35.56009],[-71.58471,-35.56061],[-71.58437,-35.56075],[-71.58329,-35.561],[-71.58211,-35.56135]]}},{"type":"Feature","properties":{"nombre":"Variante Duao","jerarquia":5},"geometry":{"type":"LineString","coordinates":[[-71.58211,-35.56135],[-71.582,-35.56138],[-71.58186,-35.56134]]}},{"type":"Feature","properties":{"nombre":"Avenida Costanera","jerarquia":5},"geometry":{"type":"LineString","coordinates":[[-71.66109,-35.43652],[-71.65985,-35.43734]]}},{"type":"Feature","properties":{"nombre":"Calle 16 Sur","jerarquia":5},"geometry":{"type":"LineString","coordinates":[[-71.66448,-35.44453],[-71.66413,-35.44471]]}},{"type":"Feature","properties":{"nombre":"Calle 16 Sur","jerarquia":5},"geometry":{"type":"LineString","coordinates":[[-71.66413,-35.44471],[-71.6632,-35.44516]]}},{"type":"Feature","properties":{"nombre":"Calle 16 Sur","jerarquia":5},"geometry":{"type":"LineString","coordinates":[[-71.6632,-35.44516],[-71.66162,-35.44586]]}},{"type":"Feature","properties":{"nombre":"Calle 16 Sur","jerarquia":5},"geometry":{"type":"LineString","coordinates":[[-71.66162,-35.44586],[-71.66119,-35.44606]]}},{"type":"Feature","properties":{"nombre":"Calle 16 Sur","jerarquia":5},"geometry":{"type":"LineString","coordinates":[[-71.66119,-35.44606],[-71.66058,-35.44633]]}},{"type":"Feature","properties":{"nombre":"9½ Norte C","jerarquia":5},"geometry":{"type":"LineString","coordinates":[[-71.61047,-35.42784],[-71.61099,-35.42761]]}},{"type":"Feature","properties":{"nombre":"9½ Norte C","jerarquia":5},"geometry":{"type":"LineString","coordinates":[[-71.61099,-35.42761],[-71.6123,-35.42704]]}},{"type":"Feature","properties":{"nombre":"9½ Norte C","jerarquia":5},"geometry":{"type":"LineString","coordinates":[[-71.6123,-35.42704],[-71.61242,-35.42699]]}},{"type":"Feature","properties":{"nombre":"9½ Norte C","jerarquia":5},"geometry":{"type":"LineString","coordinates":[[-71.61242,-35.42699],[-71.61254,-35.42693]]}},{"type":"Feature","properties":{"nombre":"9½ Norte C","jerarquia":5},"geometry":{"type":"LineString","coordinates":[[-71.61254,-35.42693],[-71.6128,-35.42676],[-71.61296,-35.42656]]}},{"type":"Feature","properties":{"nombre":"Avenida 21 Norte","jerarquia":5},"geometry":{"type":"LineString","coordinates":[[-71.6212,-35.41254],[-71.61964,-35.41371]]}},{"type":"Feature","properties":{"nombre":"32½ Oriente","jerarquia":5},"geometry":{"type":"LineString","coordinates":[[-71.6171,-35.42456],[-71.61658,-35.42372]]}},{"type":"Feature","properties":{"nombre":"VII Región del Maule","jerarquia":5},"geometry":{"type":"LineString","coordinates":[[-71.68362,-35.45906],[-71.68341,-35.4587]]}},{"type":"Feature","properties":{"nombre":"VII Región del Maule","jerarquia":5},"geometry":{"type":"LineString","coordinates":[[-71.68341,-35.4587],[-71.68322,-35.45838]]}},{"type":"Feature","properties":{"nombre":"VII Región del Maule","jerarquia":5},"geometry":{"type":"LineString","coordinates":[[-71.68322,-35.45838],[-71.683,-35.45801]]}},{"type":"Feature","properties":{"nombre":"VII Región del Maule","jerarquia":5},"geometry":{"type":"LineString","coordinates":[[-71.683,-35.45801],[-71.68277,-35.45761]]}},{"type":"Feature","properties":{"nombre":"VII Región del Maule","jerarquia":5},"geometry":{"type":"LineString","coordinates":[[-71.68277,-35.45761],[-71.6826,-35.45733]]}},{"type":"Feature","properties":{"nombre":"VII Región del Maule","jerarquia":5},"geometry":{"type":"LineString","coordinates":[[-71.6826,-35.45733],[-71.68247,-35.45707],[-71.68242,-35.45687]]}},{"type":"Feature","properties":{"nombre":"Ruta K-370","jerarquia":5},"geometry":{"type":"LineString","coordinates":[[-71.74647,-35.47098],[-71.74784,-35.47102],[-71.74993,-35.4715]]}},{"type":"Feature","properties":{"nombre":"Ruta K-370","jerarquia":5},"geometry":{"type":"LineString","coordinates":[[-71.74993,-35.4715],[-71.75021,-35.47158]]}},{"type":"Feature","properties":{"nombre":"Ruta K-370","jerarquia":5},"geometry":{"type":"LineString","coordinates":[[-71.75021,-35.47158],[-71.7574,-35.47326],[-71.76392,-35.47492]]}},{"type":"Feature","properties":{"nombre":"Ruta K-370","jerarquia":5},"geometry":{"type":"LineString","coordinates":[[-71.76392,-35.47492],[-71.76824,-35.476],[-71.76839,-35.47608],[-71.76879,-35.4765],[-71.76929,-35.4768],[-71.76967,-35.47693],[-71.77096,-35.47711],[-71.77234,-35.47711],[-71.77254,-35.47702],[-71.77313,-35.47653]]}},{"type":"Feature","properties":{"nombre":"Ruta K-370","jerarquia":5},"geometry":{"type":"LineString","coordinates":[[-71.77313,-35.47653],[-71.77334,-35.47641],[-71.77441,-35.47549],[-71.77505,-35.47507],[-71.77545,-35.47491],[-71.77781,-35.47478],[-71.77798,-35.47484],[-71.7787,-35.47529],[-71.77956,-35.47544],[-71.78076,-35.47513],[-71.78109,-35.47512],[-71.78151,-35.47522],[-71.78171,-35.47521],[-71.78257,-35.47482],[-71.78271,-35.47473],[-71.78276,-35.47462],[-71.78269,-35.47362],[-71.78276,-35.47342],[-71.78293,-35.47319],[-71.78394,-35.47243],[-71.78468,-35.47203],[-71.7852,-35.47189],[-71.78558,-35.47198],[-71.7858,-35.47193],[-71.78583,-35.47181],[-71.78577,-35.47146],[-71.78583,-35.4713],[-71.78678,-35.46998],[-71.78726,-35.46917],[-71.78757,-35.46895],[-71.78811,-35.46879],[-71.78885,-35.46881],[-71.78999,-35.46915],[-71.79036,-35.4693],[-71.79162,-35.47007],[-71.79196,-35.47017],[-71.79241,-35.47018],[-71.79425,-35.46972],[-71.79663,-35.46925],[-71.79778,-35.46896],[-71.79809,-35.46881],[-71.79845,-35.46854],[-71.79881,-35.46792],[-71.79895,-35.46786],[-71.79912,-35.46786],[-71.80104,-35.46879],[-71.80151,-35.46906],[-71.80181,-35.46937],[-71.80251,-35.46954],[-71.8027,-35.46986],[-71.80347,-35.4706],[-71.80404,-35.47122],[-71.80425,-35.4713],[-71.80437,-35.47125],[-71.80444,-35.47116],[-71.80473,-35.47031],[-71.80488,-35.4701],[-71.80526,-35.46993],[-71.80614,-35.46975],[-71.80674,-35.46971]]}},{"type":"Feature","properties":{"nombre":"Calle 4 Poniente","jerarquia":5},"geometry":{"type":"LineString","coordinates":[[-71.67961,-35.45484],[-71.67949,-35.45432]]}},{"type":"Feature","properties":{"nombre":"Calle 4 Poniente","jerarquia":5},"geometry":{"type":"LineString","coordinates":[[-71.67949,-35.45432],[-71.6793,-35.45348]]}},{"type":"Feature","properties":{"nombre":"Calle 4 Poniente","jerarquia":5},"geometry":{"type":"LineString","coordinates":[[-71.6793,-35.45348],[-71.67907,-35.45252]]}},{"type":"Feature","properties":{"nombre":"Calle 4 Poniente","jerarquia":5},"geometry":{"type":"LineString","coordinates":[[-71.67907,-35.45252],[-71.67893,-35.4519]]}},{"type":"Feature","properties":{"nombre":"Calle 4 Poniente","jerarquia":5},"geometry":{"type":"LineString","coordinates":[[-71.67893,-35.4519],[-71.67886,-35.45164]]}},{"type":"Feature","properties":{"nombre":"Calle 28 Oriente","jerarquia":5},"geometry":{"type":"LineString","coordinates":[[-71.61676,-35.41517],[-71.61656,-35.41513],[-71.61621,-35.41495]]}},{"type":"Feature","properties":{"nombre":"Calle 28 Oriente","jerarquia":5},"geometry":{"type":"LineString","coordinates":[[-71.61621,-35.41495],[-71.61522,-35.41434]]}},{"type":"Feature","properties":{"nombre":"Calle 28 Oriente","jerarquia":5},"geometry":{"type":"LineString","coordinates":[[-71.61522,-35.41434],[-71.61507,-35.41425]]}},{"type":"Feature","properties":{"nombre":"Calle 28 Oriente","jerarquia":5},"geometry":{"type":"LineString","coordinates":[[-71.61507,-35.41425],[-71.6149,-35.41423]]}},{"type":"Feature","properties":{"nombre":"Calle 1 Sur","jerarquia":5},"geometry":{"type":"LineString","coordinates":[[-71.67515,-35.42705],[-71.67414,-35.42702],[-71.67149,-35.42668],[-71.67104,-35.42682],[-71.67076,-35.4271],[-71.67066,-35.42736]]}},{"type":"Feature","properties":{"nombre":"Calle 1 Sur","jerarquia":5},"geometry":{"type":"LineString","coordinates":[[-71.67066,-35.42736],[-71.67062,-35.42764]]}},{"type":"Feature","properties":{"nombre":"21 Oriente","jerarquia":5},"geometry":{"type":"LineString","coordinates":[[-71.6406,-35.4431],[-71.64087,-35.44252],[-71.64082,-35.44237]]}},{"type":"Feature","properties":{"nombre":"Calle 15 Norte","jerarquia":5},"geometry":{"type":"LineString","coordinates":[[-71.65013,-35.41079],[-71.65007,-35.41084]]}},{"type":"Feature","properties":{"nombre":"Calle 15 Norte","jerarquia":5},"geometry":{"type":"LineString","coordinates":[[-71.65007,-35.41084],[-71.65,-35.41091]]}},{"type":"Feature","properties":{"nombre":"Calle 15 Norte","jerarquia":5},"geometry":{"type":"LineString","coordinates":[[-71.65,-35.41091],[-71.64962,-35.41129]]}},{"type":"Feature","properties":{"nombre":"Calle 15 Norte","jerarquia":5},"geometry":{"type":"LineString","coordinates":[[-71.64962,-35.41129],[-71.64917,-35.41173]]}},{"type":"Feature","properties":{"nombre":"Calle 15 Norte","jerarquia":5},"geometry":{"type":"LineString","coordinates":[[-71.64917,-35.41173],[-71.64885,-35.41206]]}},{"type":"Feature","properties":{"nombre":"Calle 15 Norte","jerarquia":5},"geometry":{"type":"LineString","coordinates":[[-71.64885,-35.41206],[-71.64837,-35.41255],[-71.64799,-35.41271]]}},{"type":"Feature","properties":{"nombre":"19 Norte","jerarquia":5},"geometry":{"type":"LineString","coordinates":[[-71.65849,-35.40055],[-71.65817,-35.40067]]}},{"type":"Feature","properties":{"nombre":"Avenida 5 Oriente","jerarquia":5},"geometry":{"type":"LineString","coordinates":[[-71.65219,-35.40007],[-71.65211,-35.39957]]}},{"type":"Feature","properties":{"nombre":"Avenida 5 Oriente","jerarquia":5},"geometry":{"type":"LineString","coordinates":[[-71.65211,-35.39957],[-71.65203,-35.39925]]}},{"type":"Feature","properties":{"nombre":"Avenida 5 Oriente","jerarquia":5},"geometry":{"type":"LineString","coordinates":[[-71.65203,-35.39925],[-71.65196,-35.39893]]}},{"type":"Feature","properties":{"nombre":"Avenida 5 Oriente","jerarquia":5},"geometry":{"type":"LineString","coordinates":[[-71.65196,-35.39893],[-71.65189,-35.3986]]}},{"type":"Feature","properties":{"nombre":"Avenida 5 Oriente","jerarquia":5},"geometry":{"type":"LineString","coordinates":[[-71.65189,-35.3986],[-71.65173,-35.39791]]}},{"type":"Feature","properties":{"nombre":"Avenida 5 Oriente","jerarquia":5},"geometry":{"type":"LineString","coordinates":[[-71.65173,-35.39791],[-71.65151,-35.39694]]}},{"type":"Feature","properties":{"nombre":"Calle 5 Oriente","jerarquia":5},"geometry":{"type":"LineString","coordinates":[[-71.64963,-35.38923],[-71.64971,-35.38926]]}},{"type":"Feature","properties":{"nombre":"Calle 5 Oriente","jerarquia":5},"geometry":{"type":"LineString","coordinates":[[-71.64971,-35.38926],[-71.64979,-35.38951]]}},{"type":"Feature","properties":{"nombre":"Calle 5 Oriente","jerarquia":5},"geometry":{"type":"LineString","coordinates":[[-71.64979,-35.38951],[-71.65043,-35.39212]]}},{"type":"Feature","properties":{"nombre":"Calle 13 Oriente","jerarquia":5},"geometry":{"type":"LineString","coordinates":[[-71.64069,-35.41141],[-71.64162,-35.41195]]}},{"type":"Feature","properties":{"nombre":"Calle 13 Oriente","jerarquia":5},"geometry":{"type":"LineString","coordinates":[[-71.64162,-35.41195],[-71.64267,-35.41255]]}},{"type":"Feature","properties":{"nombre":"Calle 17 Norte","jerarquia":5},"geometry":{"type":"LineString","coordinates":[[-71.64267,-35.41255],[-71.64235,-35.41279]]}},{"type":"Feature","properties":{"nombre":"Calle 19 Norte","jerarquia":5},"geometry":{"type":"LineString","coordinates":[[-71.64175,-35.4103],[-71.6418,-35.41024]]}},{"type":"Feature","properties":{"nombre":"Avenida Circunvalación 30 Oriente","jerarquia":5},"geometry":{"type":"LineString","coordinates":[[-71.62494,-35.42422],[-71.62511,-35.42375]]}},{"type":"Feature","properties":{"nombre":"Avenida Circunvalación 30 Oriente","jerarquia":5},"geometry":{"type":"LineString","coordinates":[[-71.62511,-35.42375],[-71.62531,-35.42336]]}},{"type":"Feature","properties":{"nombre":"Avenida Circunvalación 30 Oriente","jerarquia":5},"geometry":{"type":"LineString","coordinates":[[-71.62531,-35.42336],[-71.62553,-35.42304]]}},{"type":"Feature","properties":{"nombre":"9½ Norte C","jerarquia":5},"geometry":{"type":"LineString","coordinates":[[-71.60846,-35.42872],[-71.60768,-35.42905]]}},{"type":"Feature","properties":{"nombre":"9½ Norte C","jerarquia":5},"geometry":{"type":"LineString","coordinates":[[-71.60768,-35.42905],[-71.60628,-35.42965]]}},{"type":"Feature","properties":{"nombre":"9½ Norte C","jerarquia":5},"geometry":{"type":"LineString","coordinates":[[-71.61047,-35.42784],[-71.60983,-35.42812]]}},{"type":"Feature","properties":{"nombre":"9½ Norte C","jerarquia":5},"geometry":{"type":"LineString","coordinates":[[-71.60983,-35.42812],[-71.60846,-35.42872]]}},{"type":"Feature","properties":{"nombre":"Calle 12","jerarquia":5},"geometry":{"type":"LineString","coordinates":[[-71.5927,-35.43545],[-71.59282,-35.4354]]}},{"type":"Feature","properties":{"nombre":"Calle 12","jerarquia":5},"geometry":{"type":"LineString","coordinates":[[-71.59282,-35.4354],[-71.59295,-35.43535]]}},{"type":"Feature","properties":{"nombre":"Calle 12","jerarquia":5},"geometry":{"type":"LineString","coordinates":[[-71.59295,-35.43535],[-71.59315,-35.43526]]}},{"type":"Feature","properties":{"nombre":"Calle 12","jerarquia":5},"geometry":{"type":"LineString","coordinates":[[-71.59315,-35.43526],[-71.5937,-35.43503]]}},{"type":"Feature","properties":{"nombre":"Calle 12","jerarquia":5},"geometry":{"type":"LineString","coordinates":[[-71.5937,-35.43503],[-71.59426,-35.4348]]}},{"type":"Feature","properties":{"nombre":"Calle 12","jerarquia":5},"geometry":{"type":"LineString","coordinates":[[-71.59426,-35.4348],[-71.59483,-35.43457]]}},{"type":"Feature","properties":{"nombre":"Calle 12","jerarquia":5},"geometry":{"type":"LineString","coordinates":[[-71.59483,-35.43457],[-71.59616,-35.43402]]}},{"type":"Feature","properties":{"nombre":"Calle 12","jerarquia":5},"geometry":{"type":"LineString","coordinates":[[-71.59616,-35.43402],[-71.59711,-35.43361]]}},{"type":"Feature","properties":{"nombre":"Calle 12","jerarquia":5},"geometry":{"type":"LineString","coordinates":[[-71.59711,-35.43361],[-71.59745,-35.43347]]}},{"type":"Feature","properties":{"nombre":"Calle 12","jerarquia":5},"geometry":{"type":"LineString","coordinates":[[-71.59745,-35.43347],[-71.59878,-35.43307],[-71.59948,-35.43277]]}},{"type":"Feature","properties":{"nombre":"Calle 12","jerarquia":5},"geometry":{"type":"LineString","coordinates":[[-71.59948,-35.43277],[-71.59966,-35.43268]]}},{"type":"Feature","properties":{"nombre":"Calle 12","jerarquia":5},"geometry":{"type":"LineString","coordinates":[[-71.59966,-35.43268],[-71.60008,-35.43242]]}},{"type":"Feature","properties":{"nombre":"Calle 12","jerarquia":5},"geometry":{"type":"LineString","coordinates":[[-71.60008,-35.43242],[-71.60078,-35.43195]]}},{"type":"Feature","properties":{"nombre":"Calle 12","jerarquia":5},"geometry":{"type":"LineString","coordinates":[[-71.60078,-35.43195],[-71.60085,-35.43191]]}},{"type":"Feature","properties":{"nombre":"Calle 12","jerarquia":5},"geometry":{"type":"LineString","coordinates":[[-71.60085,-35.43191],[-71.60132,-35.43166]]}},{"type":"Feature","properties":{"nombre":"Calle 12","jerarquia":5},"geometry":{"type":"LineString","coordinates":[[-71.60132,-35.43166],[-71.60234,-35.43127]]}},{"type":"Feature","properties":{"nombre":"Calle 12","jerarquia":5},"geometry":{"type":"LineString","coordinates":[[-71.60234,-35.43127],[-71.60245,-35.43122]]}},{"type":"Feature","properties":{"nombre":"Calle 12","jerarquia":5},"geometry":{"type":"LineString","coordinates":[[-71.60245,-35.43122],[-71.60377,-35.43072]]}},{"type":"Feature","properties":{"nombre":"Calle 12","jerarquia":5},"geometry":{"type":"LineString","coordinates":[[-71.60377,-35.43072],[-71.6042,-35.43056]]}},{"type":"Feature","properties":{"nombre":"Calle 12","jerarquia":5},"geometry":{"type":"LineString","coordinates":[[-71.6042,-35.43056],[-71.60471,-35.43036]]}},{"type":"Feature","properties":{"nombre":"Calle 12","jerarquia":5},"geometry":{"type":"LineString","coordinates":[[-71.60471,-35.43036],[-71.60557,-35.43004]]}},{"type":"Feature","properties":{"nombre":"Calle 12","jerarquia":5},"geometry":{"type":"LineString","coordinates":[[-71.60557,-35.43004],[-71.60623,-35.42979]]}},{"type":"Feature","properties":{"nombre":"Calle 12","jerarquia":5},"geometry":{"type":"LineString","coordinates":[[-71.60623,-35.42979],[-71.60634,-35.42975]]}},{"type":"Feature","properties":{"nombre":"Calle 22 Norte","jerarquia":5},"geometry":{"type":"LineString","coordinates":[[-71.61426,-35.41457],[-71.61387,-35.41482]]}},{"type":"Feature","properties":{"nombre":"Calle 22 Norte","jerarquia":5},"geometry":{"type":"LineString","coordinates":[[-71.61387,-35.41482],[-71.61351,-35.41504]]}},{"type":"Feature","properties":{"nombre":"Calle 22 Norte","jerarquia":5},"geometry":{"type":"LineString","coordinates":[[-71.61351,-35.41504],[-71.61313,-35.41527]]}},{"type":"Feature","properties":{"nombre":"Calle 22 Norte","jerarquia":5},"geometry":{"type":"LineString","coordinates":[[-71.61313,-35.41527],[-71.61276,-35.4155]]}},{"type":"Feature","properties":{"nombre":"Calle 22 Norte","jerarquia":5},"geometry":{"type":"LineString","coordinates":[[-71.61276,-35.4155],[-71.61239,-35.41574]]}},{"type":"Feature","properties":{"nombre":"Calle 22 Norte","jerarquia":5},"geometry":{"type":"LineString","coordinates":[[-71.61239,-35.41574],[-71.61172,-35.41615]]}},{"type":"Feature","properties":{"nombre":"Calle 22 Norte","jerarquia":5},"geometry":{"type":"LineString","coordinates":[[-71.61172,-35.41615],[-71.61122,-35.41646]]}},{"type":"Feature","properties":{"nombre":"Calle 22 Norte","jerarquia":5},"geometry":{"type":"LineString","coordinates":[[-71.61122,-35.41646],[-71.61071,-35.41678]]}},{"type":"Feature","properties":{"nombre":"Calle 22 Norte","jerarquia":5},"geometry":{"type":"LineString","coordinates":[[-71.61071,-35.41678],[-71.61024,-35.41707]]}},{"type":"Feature","properties":{"nombre":"Calle 22 Norte","jerarquia":5},"geometry":{"type":"LineString","coordinates":[[-71.61024,-35.41707],[-71.6098,-35.41734]]}},{"type":"Feature","properties":{"nombre":"","jerarquia":5},"geometry":{"type":"LineString","coordinates":[[-71.61877,-35.39865],[-71.61845,-35.39867],[-71.61695,-35.39909],[-71.61612,-35.39944],[-71.61539,-35.39949],[-71.61291,-35.39983],[-71.61277,-35.39989],[-71.61271,-35.39997],[-71.6127,-35.40025]]}},{"type":"Feature","properties":{"nombre":"","jerarquia":5},"geometry":{"type":"LineString","coordinates":[[-71.6127,-35.40025],[-71.61089,-35.40107],[-71.60698,-35.40272],[-71.60639,-35.40303],[-71.60564,-35.40352]]}},{"type":"Feature","properties":{"nombre":"","jerarquia":5},"geometry":{"type":"LineString","coordinates":[[-71.60564,-35.40352],[-71.60448,-35.40465],[-71.60371,-35.40518],[-71.6027,-35.40565],[-71.6021,-35.40585],[-71.60143,-35.40599]]}},{"type":"Feature","properties":{"nombre":"","jerarquia":5},"geometry":{"type":"LineString","coordinates":[[-71.60143,-35.40599],[-71.60046,-35.40616],[-71.59918,-35.40627],[-71.59368,-35.40642],[-71.59357,-35.40647],[-71.59355,-35.40654],[-71.59381,-35.40733],[-71.59382,-35.40749],[-71.59107,-35.40847],[-71.59305,-35.41236],[-71.59313,-35.41247],[-71.59325,-35.4125],[-71.59374,-35.41233],[-71.59383,-35.41241],[-71.59542,-35.41552]]}},{"type":"Feature","properties":{"nombre":"Calle 1 Sur","jerarquia":4},"geometry":{"type":"LineString","coordinates":[[-71.64891,-35.42854],[-71.64897,-35.4285],[-71.64949,-35.42848]]}},{"type":"Feature","properties":{"nombre":"Calle 1 Sur","jerarquia":4},"geometry":{"type":"LineString","coordinates":[[-71.6479,-35.42863],[-71.64891,-35.42854]]}},{"type":"Feature","properties":{"nombre":"Calle 1 Sur","jerarquia":4},"geometry":{"type":"LineString","coordinates":[[-71.64527,-35.42883],[-71.64609,-35.42876]]}},{"type":"Feature","properties":{"nombre":"Avenida Lircay","jerarquia":3},"geometry":{"type":"LineString","coordinates":[[-71.62597,-35.39941],[-71.62725,-35.39945]]}},{"type":"Feature","properties":{"nombre":"Avenida Lircay","jerarquia":3},"geometry":{"type":"LineString","coordinates":[[-71.62469,-35.39934],[-71.62597,-35.39941]]}},{"type":"Feature","properties":{"nombre":"Avenida Lircay","jerarquia":3},"geometry":{"type":"LineString","coordinates":[[-71.64828,-35.40909],[-71.64849,-35.40927]]}},{"type":"Feature","properties":{"nombre":"Avenida Lircay","jerarquia":3},"geometry":{"type":"LineString","coordinates":[[-71.64849,-35.40927],[-71.64875,-35.4095]]}},{"type":"Feature","properties":{"nombre":"Avenida Lircay","jerarquia":3},"geometry":{"type":"LineString","coordinates":[[-71.64875,-35.4095],[-71.64929,-35.40999]]}},{"type":"Feature","properties":{"nombre":"Avenida Lircay","jerarquia":3},"geometry":{"type":"LineString","coordinates":[[-71.64929,-35.40999],[-71.64978,-35.41043]]}},{"type":"Feature","properties":{"nombre":"Avenida Lircay","jerarquia":3},"geometry":{"type":"LineString","coordinates":[[-71.64978,-35.41043],[-71.65008,-35.41074]]}},{"type":"Feature","properties":{"nombre":"Avenida Lircay","jerarquia":3},"geometry":{"type":"LineString","coordinates":[[-71.65008,-35.41074],[-71.65013,-35.41079]]}},{"type":"Feature","properties":{"nombre":"Avenida 12 Norte","jerarquia":4},"geometry":{"type":"LineString","coordinates":[[-71.65966,-35.41116],[-71.65947,-35.41123]]}},{"type":"Feature","properties":{"nombre":"Avenida 12 Norte","jerarquia":4},"geometry":{"type":"LineString","coordinates":[[-71.65938,-35.41115],[-71.65953,-35.41111]]}},{"type":"Feature","properties":{"nombre":"Avenida 12 Norte","jerarquia":4},"geometry":{"type":"LineString","coordinates":[[-71.65953,-35.41111],[-71.65965,-35.41108]]}},{"type":"Feature","properties":{"nombre":"Avenida 12 Norte","jerarquia":4},"geometry":{"type":"LineString","coordinates":[[-71.65562,-35.41218],[-71.65584,-35.41212]]}},{"type":"Feature","properties":{"nombre":"Avenida 12 Norte","jerarquia":4},"geometry":{"type":"LineString","coordinates":[[-71.6546,-35.41245],[-71.65481,-35.4124]]}},{"type":"Feature","properties":{"nombre":"Avenida 12 Norte","jerarquia":4},"geometry":{"type":"LineString","coordinates":[[-71.65415,-35.41258],[-71.65443,-35.4125]]}},{"type":"Feature","properties":{"nombre":"Avenida 12 Norte","jerarquia":4},"geometry":{"type":"LineString","coordinates":[[-71.6538,-35.41267],[-71.65395,-35.41263]]}},{"type":"Feature","properties":{"nombre":"Avenida 12 Norte","jerarquia":4},"geometry":{"type":"LineString","coordinates":[[-71.65395,-35.41263],[-71.65415,-35.41258]]}},{"type":"Feature","properties":{"nombre":"Avenida 12 Norte","jerarquia":4},"geometry":{"type":"LineString","coordinates":[[-71.65443,-35.4125],[-71.6546,-35.41245]]}},{"type":"Feature","properties":{"nombre":"Avenida 12 Norte","jerarquia":4},"geometry":{"type":"LineString","coordinates":[[-71.65481,-35.4124],[-71.65504,-35.41233]]}},{"type":"Feature","properties":{"nombre":"Avenida 12 Norte","jerarquia":4},"geometry":{"type":"LineString","coordinates":[[-71.65504,-35.41233],[-71.65562,-35.41218]]}},{"type":"Feature","properties":{"nombre":"Avenida 12 Norte","jerarquia":4},"geometry":{"type":"LineString","coordinates":[[-71.65584,-35.41212],[-71.65597,-35.41208]]}},{"type":"Feature","properties":{"nombre":"Avenida 12 Norte","jerarquia":4},"geometry":{"type":"LineString","coordinates":[[-71.65597,-35.41208],[-71.65645,-35.41195]]}},{"type":"Feature","properties":{"nombre":"Avenida 12 Norte","jerarquia":4},"geometry":{"type":"LineString","coordinates":[[-71.65645,-35.41195],[-71.65657,-35.41192]]}},{"type":"Feature","properties":{"nombre":"Avenida 12 Norte","jerarquia":4},"geometry":{"type":"LineString","coordinates":[[-71.65657,-35.41192],[-71.65735,-35.41171]]}},{"type":"Feature","properties":{"nombre":"Avenida 12 Norte","jerarquia":4},"geometry":{"type":"LineString","coordinates":[[-71.65735,-35.41171],[-71.65763,-35.41163]]}},{"type":"Feature","properties":{"nombre":"Avenida 12 Norte","jerarquia":4},"geometry":{"type":"LineString","coordinates":[[-71.65661,-35.41201],[-71.65587,-35.41222]]}},{"type":"Feature","properties":{"nombre":"Avenida 12 Norte","jerarquia":4},"geometry":{"type":"LineString","coordinates":[[-71.65965,-35.41108],[-71.65987,-35.41101]]}},{"type":"Feature","properties":{"nombre":"Avenida 12 Norte","jerarquia":4},"geometry":{"type":"LineString","coordinates":[[-71.65816,-35.41149],[-71.65894,-35.41127]]}},{"type":"Feature","properties":{"nombre":"Avenida 12 Norte","jerarquia":4},"geometry":{"type":"LineString","coordinates":[[-71.65894,-35.41127],[-71.65938,-35.41115]]}},{"type":"Feature","properties":{"nombre":"Avenida 12 Norte","jerarquia":4},"geometry":{"type":"LineString","coordinates":[[-71.65984,-35.41111],[-71.65981,-35.41112]]}},{"type":"Feature","properties":{"nombre":"Avenida 12 Norte","jerarquia":4},"geometry":{"type":"LineString","coordinates":[[-71.65981,-35.41112],[-71.65966,-35.41116]]}},{"type":"Feature","properties":{"nombre":"Avenida 12 Norte","jerarquia":4},"geometry":{"type":"LineString","coordinates":[[-71.66293,-35.4103],[-71.66096,-35.41081]]}},{"type":"Feature","properties":{"nombre":"Avenida 12 Norte","jerarquia":4},"geometry":{"type":"LineString","coordinates":[[-71.66096,-35.41081],[-71.65984,-35.41111]]}},{"type":"Feature","properties":{"nombre":"Avenida 12 Norte","jerarquia":4},"geometry":{"type":"LineString","coordinates":[[-71.65691,-35.41194],[-71.65678,-35.41197]]}},{"type":"Feature","properties":{"nombre":"Avenida 12 Norte","jerarquia":4},"geometry":{"type":"LineString","coordinates":[[-71.65678,-35.41197],[-71.65661,-35.41201]]}},{"type":"Feature","properties":{"nombre":"Avenida 12 Norte","jerarquia":4},"geometry":{"type":"LineString","coordinates":[[-71.65819,-35.41159],[-71.65691,-35.41194]]}},{"type":"Feature","properties":{"nombre":"Avenida 12 Norte","jerarquia":4},"geometry":{"type":"LineString","coordinates":[[-71.65763,-35.41163],[-71.65799,-35.41154]]}},{"type":"Feature","properties":{"nombre":"Avenida 12 Norte","jerarquia":4},"geometry":{"type":"LineString","coordinates":[[-71.65799,-35.41154],[-71.65816,-35.41149]]}},{"type":"Feature","properties":{"nombre":"Avenida 12 Norte","jerarquia":4},"geometry":{"type":"LineString","coordinates":[[-71.65987,-35.41101],[-71.66082,-35.41074]]}},{"type":"Feature","properties":{"nombre":"Avenida 12 Norte","jerarquia":4},"geometry":{"type":"LineString","coordinates":[[-71.66082,-35.41074],[-71.66227,-35.41035]]}},{"type":"Feature","properties":{"nombre":"Avenida 12 Norte","jerarquia":4},"geometry":{"type":"LineString","coordinates":[[-71.66227,-35.41035],[-71.66288,-35.41019]]}},{"type":"Feature","properties":{"nombre":"Avenida 12 Norte","jerarquia":4},"geometry":{"type":"LineString","coordinates":[[-71.65865,-35.41146],[-71.65834,-35.41155]]}},{"type":"Feature","properties":{"nombre":"Avenida 12 Norte","jerarquia":4},"geometry":{"type":"LineString","coordinates":[[-71.65834,-35.41155],[-71.65819,-35.41159]]}},{"type":"Feature","properties":{"nombre":"Avenida 12 Norte","jerarquia":4},"geometry":{"type":"LineString","coordinates":[[-71.65947,-35.41123],[-71.65906,-35.41134]]}},{"type":"Feature","properties":{"nombre":"Avenida 12 Norte","jerarquia":4},"geometry":{"type":"LineString","coordinates":[[-71.65906,-35.41134],[-71.65865,-35.41146]]}},{"type":"Feature","properties":{"nombre":"Avenida 12 Norte","jerarquia":4},"geometry":{"type":"LineString","coordinates":[[-71.65303,-35.41296],[-71.65317,-35.41286]]}},{"type":"Feature","properties":{"nombre":"Avenida 12 Norte","jerarquia":4},"geometry":{"type":"LineString","coordinates":[[-71.65317,-35.41286],[-71.6538,-35.41267]]}},{"type":"Feature","properties":{"nombre":"","jerarquia":2},"geometry":{"type":"LineString","coordinates":[[-71.5925,-35.45174],[-71.59236,-35.45174],[-71.59231,-35.45169],[-71.59232,-35.4516],[-71.59245,-35.45146]]}},{"type":"Feature","properties":{"nombre":"","jerarquia":2},"geometry":{"type":"LineString","coordinates":[[-71.59187,-35.45169],[-71.59201,-35.45169],[-71.59209,-35.45174],[-71.59204,-35.45193]]}},{"type":"Feature","properties":{"nombre":"Avenida Alameda Bernardo O'Higgins","jerarquia":3},"geometry":{"type":"LineString","coordinates":[[-71.66496,-35.42226],[-71.66478,-35.42228]]}},{"type":"Feature","properties":{"nombre":"Calle 1 Oriente","jerarquia":4},"geometry":{"type":"LineString","coordinates":[[-71.66588,-35.43277],[-71.66593,-35.43318]]}},{"type":"Feature","properties":{"nombre":"Calle 1 Oriente","jerarquia":4},"geometry":{"type":"LineString","coordinates":[[-71.66536,-35.42716],[-71.66546,-35.4282]]}},{"type":"Feature","properties":{"nombre":"Calle 1 Oriente","jerarquia":4},"geometry":{"type":"LineString","coordinates":[[-71.66546,-35.4282],[-71.66546,-35.42823]]}},{"type":"Feature","properties":{"nombre":"Avenida 1 Oriente","jerarquia":4},"geometry":{"type":"LineString","coordinates":[[-71.66498,-35.42222],[-71.66496,-35.42226]]}},{"type":"Feature","properties":{"nombre":"Avenida 1 Oriente","jerarquia":4},"geometry":{"type":"LineString","coordinates":[[-71.66498,-35.42198],[-71.66498,-35.42222]]}},{"type":"Feature","properties":{"nombre":"Avenida Salvador Allende","jerarquia":3},"geometry":{"type":"LineString","coordinates":[[-71.64973,-35.42258],[-71.64974,-35.42267]]}},{"type":"Feature","properties":{"nombre":"Avenida Salvador Allende","jerarquia":3},"geometry":{"type":"LineString","coordinates":[[-71.64974,-35.42267],[-71.64979,-35.42301]]}},{"type":"Feature","properties":{"nombre":"Avenida Salvador Allende","jerarquia":3},"geometry":{"type":"LineString","coordinates":[[-71.64979,-35.42301],[-71.6498,-35.42313]]}},{"type":"Feature","properties":{"nombre":"Avenida Salvador Allende","jerarquia":4},"geometry":{"type":"LineString","coordinates":[[-71.64898,-35.41639],[-71.64908,-35.41733]]}},{"type":"Feature","properties":{"nombre":"Avenida Salvador Allende","jerarquia":4},"geometry":{"type":"LineString","coordinates":[[-71.64908,-35.41733],[-71.64912,-35.4177]]}},{"type":"Feature","properties":{"nombre":"Avenida Salvador Allende","jerarquia":4},"geometry":{"type":"LineString","coordinates":[[-71.64912,-35.4177],[-71.64928,-35.41908]]}},{"type":"Feature","properties":{"nombre":"Avenida Salvador Allende","jerarquia":4},"geometry":{"type":"LineString","coordinates":[[-71.64928,-35.41908],[-71.6494,-35.42023]]}},{"type":"Feature","properties":{"nombre":"Avenida Salvador Allende","jerarquia":4},"geometry":{"type":"LineString","coordinates":[[-71.6494,-35.42023],[-71.64954,-35.42148]]}},{"type":"Feature","properties":{"nombre":"Avenida Salvador Allende","jerarquia":4},"geometry":{"type":"LineString","coordinates":[[-71.64954,-35.42148],[-71.64962,-35.42211]]}},{"type":"Feature","properties":{"nombre":"Ruta K-509","jerarquia":4},"geometry":{"type":"LineString","coordinates":[[-71.65731,-35.50689],[-71.65719,-35.50656]]}},{"type":"Feature","properties":{"nombre":"Avenida Alameda Bernardo O'Higgins","jerarquia":3},"geometry":{"type":"LineString","coordinates":[[-71.64967,-35.42314],[-71.6498,-35.42313]]}},{"type":"Feature","properties":{"nombre":"Avenida Salvador Allende","jerarquia":3},"geometry":{"type":"LineString","coordinates":[[-71.64967,-35.42314],[-71.64963,-35.42277]]}},{"type":"Feature","properties":{"nombre":"Avenida Salvador Allende","jerarquia":3},"geometry":{"type":"LineString","coordinates":[[-71.64963,-35.42277],[-71.64961,-35.42255]]}},{"type":"Feature","properties":{"nombre":"14 Sur","jerarquia":4},"geometry":{"type":"LineString","coordinates":[[-71.66233,-35.44197],[-71.66307,-35.44162]]}},{"type":"Feature","properties":{"nombre":"","jerarquia":3},"geometry":{"type":"LineString","coordinates":[[-71.67892,-35.42091],[-71.6789,-35.42109],[-71.6788,-35.42121]]}},{"type":"Feature","properties":{"nombre":"Avenida Alameda Bernardo O'Higgins","jerarquia":3},"geometry":{"type":"LineString","coordinates":[[-71.66484,-35.42172],[-71.66623,-35.42162]]}},{"type":"Feature","properties":{"nombre":"Avenida Alameda Bernardo O'Higgins","jerarquia":3},"geometry":{"type":"LineString","coordinates":[[-71.66628,-35.42217],[-71.66518,-35.42225]]}},{"type":"Feature","properties":{"nombre":"Avenida Alameda Bernardo O'Higgins","jerarquia":3},"geometry":{"type":"LineString","coordinates":[[-71.66518,-35.42225],[-71.66496,-35.42226]]}},{"type":"Feature","properties":{"nombre":"Calle 2 Sur","jerarquia":3},"geometry":{"type":"LineString","coordinates":[[-71.65731,-35.42916],[-71.65715,-35.42921]]}},{"type":"Feature","properties":{"nombre":"Calle 2 Sur","jerarquia":3},"geometry":{"type":"LineString","coordinates":[[-71.65715,-35.42921],[-71.65576,-35.42931]]}},{"type":"Feature","properties":{"nombre":"Calle 2 Sur","jerarquia":3},"geometry":{"type":"LineString","coordinates":[[-71.65576,-35.42931],[-71.65565,-35.42932]]}},{"type":"Feature","properties":{"nombre":"Calle 2 Sur","jerarquia":3},"geometry":{"type":"LineString","coordinates":[[-71.65565,-35.42932],[-71.65539,-35.42927]]}},{"type":"Feature","properties":{"nombre":"Calle 2 Sur","jerarquia":3},"geometry":{"type":"LineString","coordinates":[[-71.65732,-35.42882],[-71.65743,-35.42889],[-71.65768,-35.42895]]}},{"type":"Feature","properties":{"nombre":"Calle 6 Oriente","jerarquia":4},"geometry":{"type":"LineString","coordinates":[[-71.65851,-35.42888],[-71.65844,-35.42783]]}},{"type":"Feature","properties":{"nombre":"Calle 6 Oriente","jerarquia":4},"geometry":{"type":"LineString","coordinates":[[-71.65844,-35.42783],[-71.65843,-35.42773]]}},{"type":"Feature","properties":{"nombre":"Calle 5 Oriente","jerarquia":4},"geometry":{"type":"LineString","coordinates":[[-71.65949,-35.42266],[-71.6596,-35.42402]]}},{"type":"Feature","properties":{"nombre":"Calle 5 Oriente","jerarquia":4},"geometry":{"type":"LineString","coordinates":[[-71.6596,-35.42402],[-71.65967,-35.42495]]}},{"type":"Feature","properties":{"nombre":"Calle 5 Oriente","jerarquia":4},"geometry":{"type":"LineString","coordinates":[[-71.65967,-35.42495],[-71.65968,-35.42508]]}},{"type":"Feature","properties":{"nombre":"Avenida Alameda Bernardo O'Higgins","jerarquia":3},"geometry":{"type":"LineString","coordinates":[[-71.65456,-35.42302],[-71.65448,-35.42302]]}},{"type":"Feature","properties":{"nombre":"Avenida Alameda Bernardo O'Higgins","jerarquia":3},"geometry":{"type":"LineString","coordinates":[[-71.65464,-35.42301],[-71.65456,-35.42302]]}},{"type":"Feature","properties":{"nombre":"Avenida Alameda Bernardo O'Higgins","jerarquia":3},"geometry":{"type":"LineString","coordinates":[[-71.65539,-35.42295],[-71.65464,-35.42301]]}},{"type":"Feature","properties":{"nombre":"Avenida Alameda Bernardo O'Higgins","jerarquia":3},"geometry":{"type":"LineString","coordinates":[[-71.67651,-35.4214],[-71.67588,-35.42144]]}},{"type":"Feature","properties":{"nombre":"Avenida Alameda Bernardo O'Higgins","jerarquia":3},"geometry":{"type":"LineString","coordinates":[[-71.67588,-35.42144],[-71.67584,-35.42145]]}},{"type":"Feature","properties":{"nombre":"Avenida Isidoro del Solar","jerarquia":4},"geometry":{"type":"LineString","coordinates":[[-71.66809,-35.42445],[-71.66797,-35.42458]]}},{"type":"Feature","properties":{"nombre":"Avenida Isidoro del Solar","jerarquia":4},"geometry":{"type":"LineString","coordinates":[[-71.66797,-35.42458],[-71.66792,-35.42463]]}},{"type":"Feature","properties":{"nombre":"Calle 9 Oriente","jerarquia":5},"geometry":{"type":"LineString","coordinates":[[-71.6541,-35.42249],[-71.65413,-35.42297]]}},{"type":"Feature","properties":{"nombre":"Calle 9 Oriente","jerarquia":5},"geometry":{"type":"LineString","coordinates":[[-71.65413,-35.42297],[-71.65414,-35.42304]]}},{"type":"Feature","properties":{"nombre":"Calle 6 Oriente","jerarquia":4},"geometry":{"type":"LineString","coordinates":[[-71.65808,-35.42292],[-71.65807,-35.42287]]}},{"type":"Feature","properties":{"nombre":"Calle 6 Oriente","jerarquia":4},"geometry":{"type":"LineString","coordinates":[[-71.65807,-35.42287],[-71.65806,-35.42276]]}},{"type":"Feature","properties":{"nombre":"Calle 6 Oriente","jerarquia":4},"geometry":{"type":"LineString","coordinates":[[-71.65806,-35.42276],[-71.65797,-35.42249],[-71.65799,-35.42229]]}},{"type":"Feature","properties":{"nombre":"Calle 6 Oriente","jerarquia":4},"geometry":{"type":"LineString","coordinates":[[-71.65799,-35.42229],[-71.65801,-35.42221]]}},{"type":"Feature","properties":{"nombre":"Avenida Circunvalación","jerarquia":3},"geometry":{"type":"LineString","coordinates":[[-71.67565,-35.42091],[-71.67572,-35.42133]]}},{"type":"Feature","properties":{"nombre":"Avenida Circunvalación","jerarquia":3},"geometry":{"type":"LineString","coordinates":[[-71.67572,-35.42133],[-71.67575,-35.42145]]}},{"type":"Feature","properties":{"nombre":"Avenida Circunvalación","jerarquia":3},"geometry":{"type":"LineString","coordinates":[[-71.67577,-35.42158],[-71.67593,-35.42272],[-71.67596,-35.4234]]}},{"type":"Feature","properties":{"nombre":"Avenida Circunvalación","jerarquia":3},"geometry":{"type":"LineString","coordinates":[[-71.67596,-35.4234],[-71.67598,-35.42384]]}},{"type":"Feature","properties":{"nombre":"Avenida Circunvalación","jerarquia":3},"geometry":{"type":"LineString","coordinates":[[-71.67598,-35.42384],[-71.67597,-35.4243]]}},{"type":"Feature","properties":{"nombre":"4 Poniente","jerarquia":4},"geometry":{"type":"LineString","coordinates":[[-71.67032,-35.42132],[-71.67037,-35.42186]]}},{"type":"Feature","properties":{"nombre":"Calle 1 Norte","jerarquia":4},"geometry":{"type":"LineString","coordinates":[[-71.65418,-35.42698],[-71.65203,-35.42717]]}},{"type":"Feature","properties":{"nombre":"Calle 1 Norte","jerarquia":4},"geometry":{"type":"LineString","coordinates":[[-71.65203,-35.42717],[-71.65189,-35.42718]]}},{"type":"Feature","properties":{"nombre":"Calle 1 Norte","jerarquia":4},"geometry":{"type":"LineString","coordinates":[[-71.65189,-35.42718],[-71.65036,-35.42732]]}},{"type":"Feature","properties":{"nombre":"Calle 1 Norte","jerarquia":4},"geometry":{"type":"LineString","coordinates":[[-71.65036,-35.42732],[-71.65021,-35.42733]]}},{"type":"Feature","properties":{"nombre":"19 Norte","jerarquia":5},"geometry":{"type":"LineString","coordinates":[[-71.65563,-35.40137],[-71.657,-35.40102]]}},{"type":"Feature","properties":{"nombre":"19 Norte","jerarquia":5},"geometry":{"type":"LineString","coordinates":[[-71.657,-35.40102],[-71.65817,-35.40067]]}},{"type":"Feature","properties":{"nombre":"Calle 1 Sur","jerarquia":5},"geometry":{"type":"LineString","coordinates":[[-71.67041,-35.42788],[-71.67056,-35.42777],[-71.67062,-35.42764]]}},{"type":"Feature","properties":{"nombre":"Calle 1 Norte","jerarquia":4},"geometry":{"type":"LineString","coordinates":[[-71.66115,-35.42638],[-71.65979,-35.4265]]}},{"type":"Feature","properties":{"nombre":"Calle 1 Norte","jerarquia":4},"geometry":{"type":"LineString","coordinates":[[-71.65979,-35.4265],[-71.65846,-35.42662]]}},{"type":"Feature","properties":{"nombre":"Calle 1 Norte","jerarquia":4},"geometry":{"type":"LineString","coordinates":[[-71.65846,-35.42662],[-71.65835,-35.42663]]}},{"type":"Feature","properties":{"nombre":"Calle 1 Norte","jerarquia":4},"geometry":{"type":"LineString","coordinates":[[-71.65835,-35.42663],[-71.657,-35.42674]]}},{"type":"Feature","properties":{"nombre":"Calle 1 Norte","jerarquia":4},"geometry":{"type":"LineString","coordinates":[[-71.657,-35.42674],[-71.65692,-35.42675]]}},{"type":"Feature","properties":{"nombre":"Calle 1 Norte","jerarquia":4},"geometry":{"type":"LineString","coordinates":[[-71.65692,-35.42675],[-71.65569,-35.42685]]}},{"type":"Feature","properties":{"nombre":"Calle 1 Norte","jerarquia":4},"geometry":{"type":"LineString","coordinates":[[-71.65569,-35.42685],[-71.65556,-35.42687]]}},{"type":"Feature","properties":{"nombre":"Calle 1 Norte","jerarquia":4},"geometry":{"type":"LineString","coordinates":[[-71.65556,-35.42687],[-71.65427,-35.42697]]}},{"type":"Feature","properties":{"nombre":"Calle 1 Norte","jerarquia":4},"geometry":{"type":"LineString","coordinates":[[-71.65427,-35.42697],[-71.65418,-35.42698]]}},{"type":"Feature","properties":{"nombre":"Calle 9 Oriente","jerarquia":5},"geometry":{"type":"LineString","coordinates":[[-71.65418,-35.42682],[-71.65418,-35.42687]]}},{"type":"Feature","properties":{"nombre":"Calle 9 Oriente","jerarquia":5},"geometry":{"type":"LineString","coordinates":[[-71.65418,-35.42687],[-71.65418,-35.42698]]}},{"type":"Feature","properties":{"nombre":"Calle 9 Oriente","jerarquia":5},"geometry":{"type":"LineString","coordinates":[[-71.65418,-35.42698],[-71.65419,-35.428]]}},{"type":"Feature","properties":{"nombre":"Calle 9 Oriente","jerarquia":5},"geometry":{"type":"LineString","coordinates":[[-71.65419,-35.428],[-71.65419,-35.42808]]}},{"type":"Feature","properties":{"nombre":"Calle 9 Oriente","jerarquia":5},"geometry":{"type":"LineString","coordinates":[[-71.65419,-35.42808],[-71.65419,-35.42906]]}},{"type":"Feature","properties":{"nombre":"","jerarquia":3},"geometry":{"type":"LineString","coordinates":[[-71.67538,-35.42589],[-71.6756,-35.42583]]}},{"type":"Feature","properties":{"nombre":"","jerarquia":3},"geometry":{"type":"LineString","coordinates":[[-71.67538,-35.42589],[-71.67557,-35.426]]}},{"type":"Feature","properties":{"nombre":"","jerarquia":3},"geometry":{"type":"LineString","coordinates":[[-71.67522,-35.42927],[-71.67529,-35.42923],[-71.67532,-35.42911],[-71.6752,-35.42841],[-71.67522,-35.42826]]}},{"type":"Feature","properties":{"nombre":"Avenida Cancha Rayada","jerarquia":3},"geometry":{"type":"LineString","coordinates":[[-71.6539,-35.41735],[-71.65376,-35.41752]]}},{"type":"Feature","properties":{"nombre":"Avenida Cancha Rayada","jerarquia":3},"geometry":{"type":"LineString","coordinates":[[-71.65376,-35.41752],[-71.65358,-35.41774]]}},{"type":"Feature","properties":{"nombre":"Avenida Cancha Rayada","jerarquia":3},"geometry":{"type":"LineString","coordinates":[[-71.65358,-35.41774],[-71.6527,-35.41879]]}},{"type":"Feature","properties":{"nombre":"Avenida Cancha Rayada","jerarquia":3},"geometry":{"type":"LineString","coordinates":[[-71.6527,-35.41879],[-71.65225,-35.41933]]}},{"type":"Feature","properties":{"nombre":"Avenida Cancha Rayada","jerarquia":3},"geometry":{"type":"LineString","coordinates":[[-71.65225,-35.41933],[-71.65162,-35.42009]]}},{"type":"Feature","properties":{"nombre":"Avenida Cancha Rayada","jerarquia":3},"geometry":{"type":"LineString","coordinates":[[-71.65162,-35.42009],[-71.65092,-35.42092]]}},{"type":"Feature","properties":{"nombre":"Calle 14 Oriente","jerarquia":5},"geometry":{"type":"LineString","coordinates":[[-71.64497,-35.42592],[-71.64501,-35.42568]]}},{"type":"Feature","properties":{"nombre":"Calle 1 Norte","jerarquia":4},"geometry":{"type":"LineString","coordinates":[[-71.64528,-35.42774],[-71.64516,-35.42775]]}},{"type":"Feature","properties":{"nombre":"Calle 1 Norte","jerarquia":4},"geometry":{"type":"LineString","coordinates":[[-71.64636,-35.42765],[-71.64531,-35.42773]]}},{"type":"Feature","properties":{"nombre":"Calle 1 Norte","jerarquia":4},"geometry":{"type":"LineString","coordinates":[[-71.64531,-35.42773],[-71.64528,-35.42774]]}},{"type":"Feature","properties":{"nombre":"Calle 1 Norte","jerarquia":4},"geometry":{"type":"LineString","coordinates":[[-71.64784,-35.42754],[-71.64651,-35.42764]]}},{"type":"Feature","properties":{"nombre":"Calle 1 Norte","jerarquia":4},"geometry":{"type":"LineString","coordinates":[[-71.6487,-35.42746],[-71.64804,-35.42752]]}},{"type":"Feature","properties":{"nombre":"Calle 1 Norte","jerarquia":4},"geometry":{"type":"LineString","coordinates":[[-71.64804,-35.42752],[-71.64799,-35.42753]]}},{"type":"Feature","properties":{"nombre":"Calle 1 Norte","jerarquia":4},"geometry":{"type":"LineString","coordinates":[[-71.64799,-35.42753],[-71.64784,-35.42754]]}},{"type":"Feature","properties":{"nombre":"Carlos Schorr","jerarquia":3},"geometry":{"type":"LineString","coordinates":[[-71.67468,-35.42931],[-71.674,-35.4293]]}},{"type":"Feature","properties":{"nombre":"Carlos Schorr","jerarquia":3},"geometry":{"type":"LineString","coordinates":[[-71.674,-35.4293],[-71.67369,-35.4293]]}},{"type":"Feature","properties":{"nombre":"Carlos Schorr","jerarquia":3},"geometry":{"type":"LineString","coordinates":[[-71.67369,-35.4293],[-71.67278,-35.42928]]}},{"type":"Feature","properties":{"nombre":"Avenida Ignacio Carrera Pinto","jerarquia":3},"geometry":{"type":"LineString","coordinates":[[-71.67468,-35.42931],[-71.67522,-35.42927]]}},{"type":"Feature","properties":{"nombre":"Avenida Padre Guido Lebret","jerarquia":3},"geometry":{"type":"LineString","coordinates":[[-71.67567,-35.42818],[-71.67575,-35.42864]]}},{"type":"Feature","properties":{"nombre":"Avenida Ignacio Carrera Pinto","jerarquia":3},"geometry":{"type":"LineString","coordinates":[[-71.67729,-35.4315],[-71.6769,-35.43091]]}},{"type":"Feature","properties":{"nombre":"Avenida Ignacio Carrera Pinto","jerarquia":3},"geometry":{"type":"LineString","coordinates":[[-71.67749,-35.43157],[-71.67786,-35.43207]]}},{"type":"Feature","properties":{"nombre":"Avenida Ignacio Carrera Pinto","jerarquia":3},"geometry":{"type":"LineString","coordinates":[[-71.67739,-35.43139],[-71.67749,-35.43157]]}},{"type":"Feature","properties":{"nombre":"8 Poniente","jerarquia":5},"geometry":{"type":"LineString","coordinates":[[-71.6772,-35.43077],[-71.67749,-35.43119]]}},{"type":"Feature","properties":{"nombre":"8 Poniente","jerarquia":5},"geometry":{"type":"LineString","coordinates":[[-71.67749,-35.43119],[-71.67754,-35.43125]]}},{"type":"Feature","properties":{"nombre":"Carlos Schorr","jerarquia":3},"geometry":{"type":"LineString","coordinates":[[-71.67278,-35.42928],[-71.67232,-35.4293]]}},{"type":"Feature","properties":{"nombre":"Avenida Salvador Allende","jerarquia":3},"geometry":{"type":"LineString","coordinates":[[-71.65021,-35.42733],[-71.65023,-35.42744]]}},{"type":"Feature","properties":{"nombre":"Avenida Salvador Allende","jerarquia":3},"geometry":{"type":"LineString","coordinates":[[-71.65023,-35.42744],[-71.65025,-35.42763]]}},{"type":"Feature","properties":{"nombre":"Avenida Salvador Allende","jerarquia":3},"geometry":{"type":"LineString","coordinates":[[-71.65015,-35.42686],[-71.65006,-35.42619]]}},{"type":"Feature","properties":{"nombre":"Avenida 8 Sur","jerarquia":3},"geometry":{"type":"LineString","coordinates":[[-71.64319,-35.43709],[-71.64393,-35.43687]]}},{"type":"Feature","properties":{"nombre":"Avenida 8 Sur","jerarquia":3},"geometry":{"type":"LineString","coordinates":[[-71.64393,-35.43687],[-71.64405,-35.43684]]}},{"type":"Feature","properties":{"nombre":"Avenida 8 Sur","jerarquia":3},"geometry":{"type":"LineString","coordinates":[[-71.64153,-35.43757],[-71.64198,-35.43743]]}},{"type":"Feature","properties":{"nombre":"Avenida 8 Sur","jerarquia":3},"geometry":{"type":"LineString","coordinates":[[-71.64198,-35.43743],[-71.64243,-35.43731]]}},{"type":"Feature","properties":{"nombre":"Avenida 8 Sur","jerarquia":3},"geometry":{"type":"LineString","coordinates":[[-71.64243,-35.43731],[-71.64298,-35.43715]]}},{"type":"Feature","properties":{"nombre":"Avenida 8 Sur","jerarquia":3},"geometry":{"type":"LineString","coordinates":[[-71.64298,-35.43715],[-71.64319,-35.43709]]}},{"type":"Feature","properties":{"nombre":"Avenida 8 Sur","jerarquia":3},"geometry":{"type":"LineString","coordinates":[[-71.64475,-35.43685],[-71.64429,-35.43691]]}},{"type":"Feature","properties":{"nombre":"Avenida 8 Sur","jerarquia":3},"geometry":{"type":"LineString","coordinates":[[-71.64429,-35.43691],[-71.64424,-35.43691]]}},{"type":"Feature","properties":{"nombre":"Avenida 8 Sur","jerarquia":3},"geometry":{"type":"LineString","coordinates":[[-71.64602,-35.43672],[-71.64513,-35.43681]]}},{"type":"Feature","properties":{"nombre":"Avenida 8 Sur","jerarquia":3},"geometry":{"type":"LineString","coordinates":[[-71.64513,-35.43681],[-71.64508,-35.43681]]}},{"type":"Feature","properties":{"nombre":"Calle 9 Oriente","jerarquia":5},"geometry":{"type":"LineString","coordinates":[[-71.65419,-35.42906],[-71.65419,-35.42912]]}},{"type":"Feature","properties":{"nombre":"Calle 9 Oriente","jerarquia":5},"geometry":{"type":"LineString","coordinates":[[-71.65419,-35.42912],[-71.65419,-35.42924]]}},{"type":"Feature","properties":{"nombre":"Calle 14 Oriente","jerarquia":5},"geometry":{"type":"LineString","coordinates":[[-71.6458,-35.43382],[-71.64569,-35.43282]]}},{"type":"Feature","properties":{"nombre":"Calle 15 Oriente","jerarquia":5},"geometry":{"type":"LineString","coordinates":[[-71.645,-35.43674],[-71.645,-35.43682]]}},{"type":"Feature","properties":{"nombre":"Avenida 8 Sur","jerarquia":3},"geometry":{"type":"LineString","coordinates":[[-71.645,-35.43674],[-71.64507,-35.43673]]}},{"type":"Feature","properties":{"nombre":"Calle 12 Oriente","jerarquia":5},"geometry":{"type":"LineString","coordinates":[[-71.64839,-35.43361],[-71.64848,-35.43463]]}},{"type":"Feature","properties":{"nombre":"Calle 12 Oriente","jerarquia":5},"geometry":{"type":"LineString","coordinates":[[-71.64848,-35.43463],[-71.64857,-35.43557]]}},{"type":"Feature","properties":{"nombre":"Calle 12 Oriente","jerarquia":5},"geometry":{"type":"LineString","coordinates":[[-71.64857,-35.43557],[-71.64866,-35.43651]]}},{"type":"Feature","properties":{"nombre":"Avenida Circunvalación 30 Oriente","jerarquia":4},"geometry":{"type":"LineString","coordinates":[[-71.62989,-35.43509],[-71.63015,-35.43566]]}},{"type":"Feature","properties":{"nombre":"Avenida Circunvalación 30 Oriente","jerarquia":4},"geometry":{"type":"LineString","coordinates":[[-71.62973,-35.43515],[-71.62946,-35.43454]]}},{"type":"Feature","properties":{"nombre":"Avenida Circunvalación 30 Oriente","jerarquia":4},"geometry":{"type":"LineString","coordinates":[[-71.62946,-35.43454],[-71.62945,-35.43452]]}},{"type":"Feature","properties":{"nombre":"","jerarquia":4},"geometry":{"type":"LineString","coordinates":[[-71.63015,-35.43566],[-71.63,-35.43576]]}},{"type":"Feature","properties":{"nombre":"Avenida Circunvalación 30 Oriente","jerarquia":4},"geometry":{"type":"LineString","coordinates":[[-71.63015,-35.43566],[-71.63046,-35.43624]]}},{"type":"Feature","properties":{"nombre":"Avenida San Miguel","jerarquia":2},"geometry":{"type":"LineString","coordinates":[[-71.62965,-35.43425],[-71.63202,-35.43355]]}},{"type":"Feature","properties":{"nombre":"Avenida Circunvalación","jerarquia":3},"geometry":{"type":"LineString","coordinates":[[-71.66074,-35.40203],[-71.65923,-35.4011],[-71.65849,-35.40055]]}},{"type":"Feature","properties":{"nombre":"Avenida Circunvalación","jerarquia":3},"geometry":{"type":"LineString","coordinates":[[-71.65849,-35.40055],[-71.65733,-35.3996],[-71.65689,-35.39939],[-71.65598,-35.3991],[-71.65551,-35.39885],[-71.65434,-35.39786],[-71.65368,-35.39744],[-71.65322,-35.39723],[-71.65262,-35.39705],[-71.65214,-35.39697],[-71.65151,-35.39694]]}},{"type":"Feature","properties":{"nombre":"19 Norte","jerarquia":5},"geometry":{"type":"LineString","coordinates":[[-71.64859,-35.40386],[-71.64932,-35.40311]]}},{"type":"Feature","properties":{"nombre":"19 Norte","jerarquia":5},"geometry":{"type":"LineString","coordinates":[[-71.64932,-35.40311],[-71.64948,-35.40288]]}},{"type":"Feature","properties":{"nombre":"Circunvalación Norte","jerarquia":3},"geometry":{"type":"LineString","coordinates":[[-71.65151,-35.39694],[-71.65036,-35.39709],[-71.6472,-35.39782]]}},{"type":"Feature","properties":{"nombre":"Calle 6 Sur","jerarquia":5},"geometry":{"type":"LineString","coordinates":[[-71.65422,-35.43412],[-71.65296,-35.43423]]}},{"type":"Feature","properties":{"nombre":"Calle 6 Sur","jerarquia":5},"geometry":{"type":"LineString","coordinates":[[-71.6559,-35.43394],[-71.65422,-35.43412]]}},{"type":"Feature","properties":{"nombre":"Calle 15 Oriente","jerarquia":5},"geometry":{"type":"LineString","coordinates":[[-71.6449,-35.43586],[-71.64499,-35.43665]]}},{"type":"Feature","properties":{"nombre":"Calle 15 Oriente","jerarquia":5},"geometry":{"type":"LineString","coordinates":[[-71.64499,-35.43665],[-71.645,-35.43674]]}},{"type":"Feature","properties":{"nombre":"Calle 1 Sur","jerarquia":4},"geometry":{"type":"LineString","coordinates":[[-71.64298,-35.42901],[-71.644,-35.42893]]}},{"type":"Feature","properties":{"nombre":"Calle 1 Sur","jerarquia":4},"geometry":{"type":"LineString","coordinates":[[-71.644,-35.42893],[-71.64413,-35.42892]]}},{"type":"Feature","properties":{"nombre":"Calle 1 Sur","jerarquia":4},"geometry":{"type":"LineString","coordinates":[[-71.64413,-35.42892],[-71.64514,-35.42884]]}},{"type":"Feature","properties":{"nombre":"Calle 1 Sur","jerarquia":4},"geometry":{"type":"LineString","coordinates":[[-71.64514,-35.42884],[-71.64527,-35.42883]]}},{"type":"Feature","properties":{"nombre":"Calle 1 Norte","jerarquia":4},"geometry":{"type":"LineString","coordinates":[[-71.64516,-35.42775],[-71.644,-35.42781]]}},{"type":"Feature","properties":{"nombre":"Calle 1 Norte","jerarquia":4},"geometry":{"type":"LineString","coordinates":[[-71.644,-35.42781],[-71.64285,-35.42791]]}},{"type":"Feature","properties":{"nombre":"Calle 1 Norte","jerarquia":4},"geometry":{"type":"LineString","coordinates":[[-71.64285,-35.42791],[-71.64179,-35.42799]]}},{"type":"Feature","properties":{"nombre":"Calle 1 Norte","jerarquia":4},"geometry":{"type":"LineString","coordinates":[[-71.64179,-35.42799],[-71.64168,-35.428]]}},{"type":"Feature","properties":{"nombre":"Calle 1 Norte","jerarquia":4},"geometry":{"type":"LineString","coordinates":[[-71.64168,-35.428],[-71.64046,-35.4281]]}},{"type":"Feature","properties":{"nombre":"Calle 14 Oriente","jerarquia":5},"geometry":{"type":"LineString","coordinates":[[-71.64539,-35.42995],[-71.64528,-35.42896]]}},{"type":"Feature","properties":{"nombre":"Calle 14 Oriente","jerarquia":5},"geometry":{"type":"LineString","coordinates":[[-71.64528,-35.42896],[-71.64527,-35.42883]]}},{"type":"Feature","properties":{"nombre":"Calle 14 Oriente","jerarquia":5},"geometry":{"type":"LineString","coordinates":[[-71.64527,-35.42883],[-71.64516,-35.42782]]}},{"type":"Feature","properties":{"nombre":"Calle 14 Oriente","jerarquia":5},"geometry":{"type":"LineString","coordinates":[[-71.64516,-35.42782],[-71.64516,-35.42775]]}},{"type":"Feature","properties":{"nombre":"Calle 14 Oriente","jerarquia":5},"geometry":{"type":"LineString","coordinates":[[-71.64609,-35.43656],[-71.646,-35.43578]]}},{"type":"Feature","properties":{"nombre":"Avenida 8 Sur","jerarquia":3},"geometry":{"type":"LineString","coordinates":[[-71.645,-35.43682],[-71.64475,-35.43685]]}},{"type":"Feature","properties":{"nombre":"Calle 3 Sur","jerarquia":5},"geometry":{"type":"LineString","coordinates":[[-71.6409,-35.4312],[-71.64018,-35.43122]]}},{"type":"Feature","properties":{"nombre":"Calle 3 Sur","jerarquia":5},"geometry":{"type":"LineString","coordinates":[[-71.64018,-35.43122],[-71.64008,-35.43122]]}},{"type":"Feature","properties":{"nombre":"18 Oriente","jerarquia":4},"geometry":{"type":"LineString","coordinates":[[-71.64062,-35.4321],[-71.64016,-35.43164]]}},{"type":"Feature","properties":{"nombre":"18 Oriente","jerarquia":4},"geometry":{"type":"LineString","coordinates":[[-71.64016,-35.43164],[-71.64013,-35.4316]]}},{"type":"Feature","properties":{"nombre":"","jerarquia":3},"geometry":{"type":"LineString","coordinates":[[-71.64026,-35.43153],[-71.64013,-35.4316]]}},{"type":"Feature","properties":{"nombre":"18 Oriente","jerarquia":4},"geometry":{"type":"LineString","coordinates":[[-71.64026,-35.43153],[-71.64062,-35.4321]]}},{"type":"Feature","properties":{"nombre":"18 Oriente","jerarquia":4},"geometry":{"type":"LineString","coordinates":[[-71.64008,-35.43122],[-71.64026,-35.43153]]}},{"type":"Feature","properties":{"nombre":"Avenida Lircay","jerarquia":3},"geometry":{"type":"LineString","coordinates":[[-71.64451,-35.40621],[-71.64516,-35.40656]]}},{"type":"Feature","properties":{"nombre":"Avenida Lircay","jerarquia":3},"geometry":{"type":"LineString","coordinates":[[-71.64516,-35.40656],[-71.64528,-35.40662]]}},{"type":"Feature","properties":{"nombre":"Avenida Lircay","jerarquia":3},"geometry":{"type":"LineString","coordinates":[[-71.64528,-35.40662],[-71.64593,-35.40702]]}},{"type":"Feature","properties":{"nombre":"Avenida Lircay","jerarquia":3},"geometry":{"type":"LineString","coordinates":[[-71.64593,-35.40702],[-71.64637,-35.40733]]}},{"type":"Feature","properties":{"nombre":"Avenida Lircay","jerarquia":3},"geometry":{"type":"LineString","coordinates":[[-71.64637,-35.40733],[-71.6475,-35.40832]]}},{"type":"Feature","properties":{"nombre":"Avenida Lircay","jerarquia":3},"geometry":{"type":"LineString","coordinates":[[-71.6475,-35.40832],[-71.64828,-35.40909]]}},{"type":"Feature","properties":{"nombre":"Avenida Las Rastras","jerarquia":4},"geometry":{"type":"LineString","coordinates":[[-71.61091,-35.43665],[-71.61082,-35.43655]]}},{"type":"Feature","properties":{"nombre":"Avenida Las Rastras","jerarquia":5},"geometry":{"type":"LineString","coordinates":[[-71.61082,-35.43655],[-71.61058,-35.43626]]}},{"type":"Feature","properties":{"nombre":"Avenida Las Rastras","jerarquia":5},"geometry":{"type":"LineString","coordinates":[[-71.6103,-35.43593],[-71.61006,-35.43565]]}},{"type":"Feature","properties":{"nombre":"Avenida Las Rastras","jerarquia":5},"geometry":{"type":"LineString","coordinates":[[-71.61006,-35.43565],[-71.60938,-35.43467]]}},{"type":"Feature","properties":{"nombre":"Avenida Las Rastras","jerarquia":5},"geometry":{"type":"LineString","coordinates":[[-71.60938,-35.43467],[-71.6092,-35.43438]]}},{"type":"Feature","properties":{"nombre":"Avenida Las Rastras","jerarquia":5},"geometry":{"type":"LineString","coordinates":[[-71.6092,-35.43438],[-71.60892,-35.43391]]}},{"type":"Feature","properties":{"nombre":"Avenida Las Rastras","jerarquia":5},"geometry":{"type":"LineString","coordinates":[[-71.60731,-35.43132],[-71.60848,-35.43311]]}},{"type":"Feature","properties":{"nombre":"Avenida Las Rastras","jerarquia":5},"geometry":{"type":"LineString","coordinates":[[-71.60841,-35.43315],[-71.608,-35.43251]]}},{"type":"Feature","properties":{"nombre":"Avenida Las Rastras","jerarquia":5},"geometry":{"type":"LineString","coordinates":[[-71.608,-35.43251],[-71.60731,-35.43132]]}},{"type":"Feature","properties":{"nombre":"Avenida Las Rastras","jerarquia":5},"geometry":{"type":"LineString","coordinates":[[-71.60724,-35.43119],[-71.60634,-35.42975]]}},{"type":"Feature","properties":{"nombre":"Calle 11 Oriente","jerarquia":4},"geometry":{"type":"LineString","coordinates":[[-71.64899,-35.41561],[-71.64901,-35.41508]]}},{"type":"Feature","properties":{"nombre":"Calle 11 Oriente","jerarquia":4},"geometry":{"type":"LineString","coordinates":[[-71.64901,-35.41508],[-71.64901,-35.41464]]}},{"type":"Feature","properties":{"nombre":"Calle 11 Oriente","jerarquia":4},"geometry":{"type":"LineString","coordinates":[[-71.64901,-35.41464],[-71.64894,-35.4143]]}},{"type":"Feature","properties":{"nombre":"13½ Oriente Interior","jerarquia":5},"geometry":{"type":"LineString","coordinates":[[-71.64252,-35.41367],[-71.64241,-35.41418]]}},{"type":"Feature","properties":{"nombre":"Calle 11 Oriente","jerarquia":4},"geometry":{"type":"LineString","coordinates":[[-71.64579,-35.41054],[-71.64462,-35.40953]]}},{"type":"Feature","properties":{"nombre":"Calle 11 Oriente","jerarquia":4},"geometry":{"type":"LineString","coordinates":[[-71.64462,-35.40953],[-71.64438,-35.40932]]}},{"type":"Feature","properties":{"nombre":"Calle 11 Oriente","jerarquia":4},"geometry":{"type":"LineString","coordinates":[[-71.64438,-35.40932],[-71.64415,-35.40914]]}},{"type":"Feature","properties":{"nombre":"Calle 11 Oriente","jerarquia":4},"geometry":{"type":"LineString","coordinates":[[-71.64415,-35.40914],[-71.64407,-35.40906]]}},{"type":"Feature","properties":{"nombre":"Calle 11 Oriente","jerarquia":4},"geometry":{"type":"LineString","coordinates":[[-71.64407,-35.40906],[-71.64391,-35.40892]]}},{"type":"Feature","properties":{"nombre":"Calle 11 Oriente","jerarquia":4},"geometry":{"type":"LineString","coordinates":[[-71.64391,-35.40892],[-71.64378,-35.40881]]}},{"type":"Feature","properties":{"nombre":"Calle 11 Oriente","jerarquia":4},"geometry":{"type":"LineString","coordinates":[[-71.64378,-35.40881],[-71.64361,-35.40867]]}},{"type":"Feature","properties":{"nombre":"Calle 11 Oriente","jerarquia":4},"geometry":{"type":"LineString","coordinates":[[-71.64361,-35.40867],[-71.64347,-35.40855]]}},{"type":"Feature","properties":{"nombre":"","jerarquia":5},"geometry":{"type":"LineString","coordinates":[[-71.69056,-35.44159],[-71.69077,-35.4416]]}},{"type":"Feature","properties":{"nombre":"","jerarquia":5},"geometry":{"type":"LineString","coordinates":[[-71.69077,-35.4416],[-71.69086,-35.44159]]}},{"type":"Feature","properties":{"nombre":"8 Poniente","jerarquia":5},"geometry":{"type":"LineString","coordinates":[[-71.68659,-35.44375],[-71.68666,-35.44384]]}},{"type":"Feature","properties":{"nombre":"8 Poniente","jerarquia":5},"geometry":{"type":"LineString","coordinates":[[-71.68666,-35.44384],[-71.68743,-35.44478]]}},{"type":"Feature","properties":{"nombre":"Avenida Ignacio Carrera Pinto","jerarquia":3},"geometry":{"type":"LineString","coordinates":[[-71.68327,-35.44015],[-71.68298,-35.43979]]}},{"type":"Feature","properties":{"nombre":"Avenida Ignacio Carrera Pinto","jerarquia":3},"geometry":{"type":"LineString","coordinates":[[-71.68298,-35.43979],[-71.68279,-35.43955]]}},{"type":"Feature","properties":{"nombre":"Avenida Ignacio Carrera Pinto","jerarquia":3},"geometry":{"type":"LineString","coordinates":[[-71.68279,-35.43955],[-71.6827,-35.43943]]}},{"type":"Feature","properties":{"nombre":"Avenida Ignacio Carrera Pinto","jerarquia":3},"geometry":{"type":"LineString","coordinates":[[-71.6827,-35.43943],[-71.68263,-35.43935]]}},{"type":"Feature","properties":{"nombre":"Avenida Ignacio Carrera Pinto","jerarquia":3},"geometry":{"type":"LineString","coordinates":[[-71.68263,-35.43935],[-71.68245,-35.43912]]}},{"type":"Feature","properties":{"nombre":"Ruta 5 Sur","jerarquia":1},"geometry":{"type":"LineString","coordinates":[[-71.63486,-35.42639],[-71.63803,-35.43435]]}},{"type":"Feature","properties":{"nombre":"Ruta 5 Sur","jerarquia":1},"geometry":{"type":"LineString","coordinates":[[-71.63435,-35.42509],[-71.63486,-35.42639]]}},{"type":"Feature","properties":{"nombre":"Ruta 5 Sur","jerarquia":1},"geometry":{"type":"LineString","coordinates":[[-71.6213,-35.4001],[-71.62308,-35.40121]]}},{"type":"Feature","properties":{"nombre":"Ruta 5 Sur","jerarquia":1},"geometry":{"type":"LineString","coordinates":[[-71.62064,-35.3996],[-71.6213,-35.4001]]}},{"type":"Feature","properties":{"nombre":"Ruta 5 Sur","jerarquia":1},"geometry":{"type":"LineString","coordinates":[[-71.6202,-35.39922],[-71.62064,-35.3996]]}},{"type":"Feature","properties":{"nombre":"","jerarquia":4},"geometry":{"type":"LineString","coordinates":[[-71.64563,-35.45029],[-71.64547,-35.4502]]}},{"type":"Feature","properties":{"nombre":"","jerarquia":4},"geometry":{"type":"LineString","coordinates":[[-71.64547,-35.4502],[-71.64537,-35.45017]]}},{"type":"Feature","properties":{"nombre":"Calle 22 Norte","jerarquia":5},"geometry":{"type":"LineString","coordinates":[[-71.61426,-35.41457],[-71.61476,-35.41427]]}},{"type":"Feature","properties":{"nombre":"Calle 22 Norte","jerarquia":5},"geometry":{"type":"LineString","coordinates":[[-71.61476,-35.41427],[-71.6149,-35.41423]]}},{"type":"Feature","properties":{"nombre":"18 Oriente","jerarquia":5},"geometry":{"type":"LineString","coordinates":[[-71.63925,-35.42699],[-71.63898,-35.42653]]}},{"type":"Feature","properties":{"nombre":"18 Oriente","jerarquia":5},"geometry":{"type":"LineString","coordinates":[[-71.63898,-35.42653],[-71.63827,-35.42535]]}},{"type":"Feature","properties":{"nombre":"18 Oriente","jerarquia":5},"geometry":{"type":"LineString","coordinates":[[-71.63955,-35.4275],[-71.63934,-35.42722]]}},{"type":"Feature","properties":{"nombre":"18 Oriente","jerarquia":5},"geometry":{"type":"LineString","coordinates":[[-71.63934,-35.42722],[-71.63925,-35.42699]]}},{"type":"Feature","properties":{"nombre":"","jerarquia":1},"geometry":{"type":"LineString","coordinates":[[-71.64306,-35.44624],[-71.64319,-35.44656]]}},{"type":"Feature","properties":{"nombre":"Ruta 5 Sur","jerarquia":1},"geometry":{"type":"LineString","coordinates":[[-71.64236,-35.44525],[-71.64248,-35.44556]]}},{"type":"Feature","properties":{"nombre":"Ruta 5 Sur","jerarquia":1},"geometry":{"type":"LineString","coordinates":[[-71.64111,-35.4421],[-71.64191,-35.44412]]}},{"type":"Feature","properties":{"nombre":"5 Poniente","jerarquia":5},"geometry":{"type":"LineString","coordinates":[[-71.68143,-35.44675],[-71.6815,-35.44683]]}},{"type":"Feature","properties":{"nombre":"5 Poniente","jerarquia":5},"geometry":{"type":"LineString","coordinates":[[-71.6815,-35.44683],[-71.68152,-35.44685]]}},{"type":"Feature","properties":{"nombre":"","jerarquia":5},"geometry":{"type":"LineString","coordinates":[[-71.6548,-35.44621],[-71.65492,-35.44615]]}},{"type":"Feature","properties":{"nombre":"Calle de Servicio Ruta 5","jerarquia":4},"geometry":{"type":"LineString","coordinates":[[-71.64611,-35.45137],[-71.64621,-35.45162]]}},{"type":"Feature","properties":{"nombre":"Calle de Servicio Ruta 5","jerarquia":4},"geometry":{"type":"LineString","coordinates":[[-71.64569,-35.45008],[-71.64561,-35.45018],[-71.64563,-35.45029]]}},{"type":"Feature","properties":{"nombre":"Calle de Servicio Ruta 5","jerarquia":4},"geometry":{"type":"LineString","coordinates":[[-71.64563,-35.45029],[-71.64611,-35.45137]]}},{"type":"Feature","properties":{"nombre":"Calle 12 Oriente","jerarquia":5},"geometry":{"type":"LineString","coordinates":[[-71.64809,-35.4307],[-71.64821,-35.43166]]}},{"type":"Feature","properties":{"nombre":"Calle 12 Oriente","jerarquia":5},"geometry":{"type":"LineString","coordinates":[[-71.64821,-35.43166],[-71.6483,-35.43264]]}},{"type":"Feature","properties":{"nombre":"Calle 12 Oriente","jerarquia":5},"geometry":{"type":"LineString","coordinates":[[-71.6483,-35.43264],[-71.64839,-35.43361]]}},{"type":"Feature","properties":{"nombre":"Avenida Lircay","jerarquia":3},"geometry":{"type":"LineString","coordinates":[[-71.62725,-35.39945],[-71.62776,-35.39949]]}},{"type":"Feature","properties":{"nombre":"Caserío Lircay","jerarquia":5},"geometry":{"type":"LineString","coordinates":[[-71.62776,-35.39949],[-71.6277,-35.39933]]}},{"type":"Feature","properties":{"nombre":"Calle 25 Oriente","jerarquia":5},"geometry":{"type":"LineString","coordinates":[[-71.6127,-35.40025],[-71.61334,-35.4013],[-71.61361,-35.40143],[-71.61393,-35.40193],[-71.61399,-35.40249],[-71.61521,-35.40428]]}},{"type":"Feature","properties":{"nombre":"Avenida Lircay","jerarquia":3},"geometry":{"type":"LineString","coordinates":[[-71.62935,-35.40004],[-71.62795,-35.39966]]}},{"type":"Feature","properties":{"nombre":"Avenida Lircay","jerarquia":3},"geometry":{"type":"LineString","coordinates":[[-71.63321,-35.40115],[-71.63254,-35.40102],[-71.63195,-35.40085]]}},{"type":"Feature","properties":{"nombre":"Caserío Lircay","jerarquia":5},"geometry":{"type":"LineString","coordinates":[[-71.61967,-35.39848],[-71.62219,-35.39868]]}},{"type":"Feature","properties":{"nombre":"","jerarquia":5},"geometry":{"type":"LineString","coordinates":[[-71.61893,-35.39856],[-71.61877,-35.39865]]}},{"type":"Feature","properties":{"nombre":"Avenida 8 Sur","jerarquia":4},"geometry":{"type":"LineString","coordinates":[[-71.63336,-35.44051],[-71.6341,-35.44014]]}},{"type":"Feature","properties":{"nombre":"Avenida 8 Sur","jerarquia":4},"geometry":{"type":"LineString","coordinates":[[-71.6341,-35.44014],[-71.63457,-35.4399]]}},{"type":"Feature","properties":{"nombre":"Avenida 8 Sur","jerarquia":4},"geometry":{"type":"LineString","coordinates":[[-71.63457,-35.4399],[-71.63539,-35.4395]]}},{"type":"Feature","properties":{"nombre":"Avenida 8 Sur","jerarquia":4},"geometry":{"type":"LineString","coordinates":[[-71.63539,-35.4395],[-71.63552,-35.43943]]}},{"type":"Feature","properties":{"nombre":"Avenida 8 Sur","jerarquia":4},"geometry":{"type":"LineString","coordinates":[[-71.63586,-35.43935],[-71.63567,-35.43944]]}},{"type":"Feature","properties":{"nombre":"Avenida 8 Sur","jerarquia":4},"geometry":{"type":"LineString","coordinates":[[-71.63567,-35.43944],[-71.63557,-35.4395]]}},{"type":"Feature","properties":{"nombre":"","jerarquia":5},"geometry":{"type":"LineString","coordinates":[[-71.65974,-35.44753],[-71.65964,-35.44759]]}},{"type":"Feature","properties":{"nombre":"","jerarquia":5},"geometry":{"type":"LineString","coordinates":[[-71.66045,-35.44864],[-71.66036,-35.44868]]}},{"type":"Feature","properties":{"nombre":"Calle 1 Oriente","jerarquia":4},"geometry":{"type":"LineString","coordinates":[[-71.66628,-35.43661],[-71.66628,-35.43653]]}},{"type":"Feature","properties":{"nombre":"Calle 1 Oriente","jerarquia":4},"geometry":{"type":"LineString","coordinates":[[-71.66628,-35.43653],[-71.66625,-35.43624]]}},{"type":"Feature","properties":{"nombre":"Calle 1 Oriente","jerarquia":4},"geometry":{"type":"LineString","coordinates":[[-71.66625,-35.43624],[-71.66615,-35.43513]]}},{"type":"Feature","properties":{"nombre":"Calle 1 Oriente","jerarquia":4},"geometry":{"type":"LineString","coordinates":[[-71.66615,-35.43513],[-71.66604,-35.43443]]}},{"type":"Feature","properties":{"nombre":"Calle 1 Oriente","jerarquia":4},"geometry":{"type":"LineString","coordinates":[[-71.66604,-35.43443],[-71.66603,-35.43428]]}},{"type":"Feature","properties":{"nombre":"","jerarquia":1},"geometry":{"type":"LineString","coordinates":[[-71.6878,-35.53245],[-71.68776,-35.53268]]}},{"type":"Feature","properties":{"nombre":"","jerarquia":1},"geometry":{"type":"LineString","coordinates":[[-71.68776,-35.53268],[-71.68777,-35.53277]]}},{"type":"Feature","properties":{"nombre":"Ruta 5 Sur","jerarquia":1},"geometry":{"type":"LineString","coordinates":[[-71.65978,-35.48885],[-71.66081,-35.49143]]}},{"type":"Feature","properties":{"nombre":"Calle de Servicio Ruta 5","jerarquia":4},"geometry":{"type":"LineString","coordinates":[[-71.64637,-35.452],[-71.64652,-35.4523]]}},{"type":"Feature","properties":{"nombre":"Calle de Servicio Ruta 5","jerarquia":4},"geometry":{"type":"LineString","coordinates":[[-71.64631,-35.45186],[-71.64637,-35.452]]}},{"type":"Feature","properties":{"nombre":"Avenida Colín","jerarquia":3},"geometry":{"type":"LineString","coordinates":[[-71.68642,-35.44401],[-71.68635,-35.44392]]}},{"type":"Feature","properties":{"nombre":"26 Sur","jerarquia":5},"geometry":{"type":"LineString","coordinates":[[-71.68652,-35.44394],[-71.68642,-35.44401]]}},{"type":"Feature","properties":{"nombre":"Avenida Colín","jerarquia":3},"geometry":{"type":"LineString","coordinates":[[-71.68652,-35.44394],[-71.68758,-35.44524]]}},{"type":"Feature","properties":{"nombre":"26 Sur","jerarquia":5},"geometry":{"type":"LineString","coordinates":[[-71.68666,-35.44384],[-71.6866,-35.44389]]}},{"type":"Feature","properties":{"nombre":"26 Sur","jerarquia":5},"geometry":{"type":"LineString","coordinates":[[-71.6866,-35.44389],[-71.68652,-35.44394]]}},{"type":"Feature","properties":{"nombre":"","jerarquia":5},"geometry":{"type":"LineString","coordinates":[[-71.68734,-35.44273],[-71.68748,-35.44276]]}},{"type":"Feature","properties":{"nombre":"Avenida Colín","jerarquia":3},"geometry":{"type":"LineString","coordinates":[[-71.68645,-35.44386],[-71.68652,-35.44394]]}},{"type":"Feature","properties":{"nombre":"26 Sur","jerarquia":5},"geometry":{"type":"LineString","coordinates":[[-71.68645,-35.44386],[-71.68656,-35.44378]]}},{"type":"Feature","properties":{"nombre":"26 Sur","jerarquia":5},"geometry":{"type":"LineString","coordinates":[[-71.68656,-35.44378],[-71.68659,-35.44375]]}},{"type":"Feature","properties":{"nombre":"Calle 1 Oriente","jerarquia":5},"geometry":{"type":"LineString","coordinates":[[-71.6707,-35.44929],[-71.67007,-35.44825]]}},{"type":"Feature","properties":{"nombre":"Calle 1 Oriente","jerarquia":5},"geometry":{"type":"LineString","coordinates":[[-71.67007,-35.44825],[-71.66969,-35.4476]]}},{"type":"Feature","properties":{"nombre":"Calle 1 Oriente","jerarquia":5},"geometry":{"type":"LineString","coordinates":[[-71.66969,-35.4476],[-71.6692,-35.44679]]}},{"type":"Feature","properties":{"nombre":"Calle 1 Oriente","jerarquia":5},"geometry":{"type":"LineString","coordinates":[[-71.6692,-35.44679],[-71.66872,-35.44598]]}},{"type":"Feature","properties":{"nombre":"Calle 1 Oriente","jerarquia":5},"geometry":{"type":"LineString","coordinates":[[-71.66872,-35.44598],[-71.6687,-35.44587]]}},{"type":"Feature","properties":{"nombre":"Calle 2 Norte","jerarquia":4},"geometry":{"type":"LineString","coordinates":[[-71.6282,-35.43136],[-71.62793,-35.43143]]}},{"type":"Feature","properties":{"nombre":"Calle 2 Norte","jerarquia":4},"geometry":{"type":"LineString","coordinates":[[-71.62793,-35.43143],[-71.62786,-35.43145]]}},{"type":"Feature","properties":{"nombre":"Avenida Circunvalación 30 Oriente","jerarquia":5},"geometry":{"type":"LineString","coordinates":[[-71.62601,-35.42779],[-71.6259,-35.42758]]}},{"type":"Feature","properties":{"nombre":"Avenida Circunvalación 30 Oriente","jerarquia":5},"geometry":{"type":"LineString","coordinates":[[-71.62696,-35.4297],[-71.62688,-35.42954]]}},{"type":"Feature","properties":{"nombre":"Avenida Circunvalación 30 Oriente","jerarquia":5},"geometry":{"type":"LineString","coordinates":[[-71.62688,-35.42954],[-71.62628,-35.42832]]}},{"type":"Feature","properties":{"nombre":"Avenida Circunvalación 30 Oriente","jerarquia":5},"geometry":{"type":"LineString","coordinates":[[-71.62628,-35.42832],[-71.62609,-35.42795]]}},{"type":"Feature","properties":{"nombre":"Avenida Circunvalación 30 Oriente","jerarquia":5},"geometry":{"type":"LineString","coordinates":[[-71.62609,-35.42795],[-71.62601,-35.42779]]}},{"type":"Feature","properties":{"nombre":"21 Oriente","jerarquia":2},"geometry":{"type":"LineString","coordinates":[[-71.63568,-35.42914],[-71.63565,-35.42906]]}},{"type":"Feature","properties":{"nombre":"Calle 17 Norte","jerarquia":5},"geometry":{"type":"LineString","coordinates":[[-71.62553,-35.42304],[-71.62606,-35.42252]]}},{"type":"Feature","properties":{"nombre":"Calle 17 Norte","jerarquia":5},"geometry":{"type":"LineString","coordinates":[[-71.62606,-35.42252],[-71.627,-35.4219]]}},{"type":"Feature","properties":{"nombre":"Calle 17 Norte","jerarquia":5},"geometry":{"type":"LineString","coordinates":[[-71.627,-35.4219],[-71.62703,-35.42188]]}},{"type":"Feature","properties":{"nombre":"","jerarquia":4},"geometry":{"type":"LineString","coordinates":[[-71.6333,-35.42982],[-71.63323,-35.4299]]}},{"type":"Feature","properties":{"nombre":"","jerarquia":4},"geometry":{"type":"LineString","coordinates":[[-71.63323,-35.4299],[-71.63315,-35.43006]]}},{"type":"Feature","properties":{"nombre":"Avenida Ignacio Carrera Pinto","jerarquia":3},"geometry":{"type":"LineString","coordinates":[[-71.67764,-35.432],[-71.67737,-35.43159]]}},{"type":"Feature","properties":{"nombre":"Avenida Ignacio Carrera Pinto","jerarquia":3},"geometry":{"type":"LineString","coordinates":[[-71.67737,-35.43159],[-71.67736,-35.43158]]}},{"type":"Feature","properties":{"nombre":"Calle 14 Poniente","jerarquia":5},"geometry":{"type":"LineString","coordinates":[[-71.69056,-35.44159],[-71.69033,-35.44141]]}},{"type":"Feature","properties":{"nombre":"Calle 14 Poniente","jerarquia":5},"geometry":{"type":"LineString","coordinates":[[-71.69033,-35.44141],[-71.6899,-35.44096]]}},{"type":"Feature","properties":{"nombre":"Calle 14 Poniente","jerarquia":5},"geometry":{"type":"LineString","coordinates":[[-71.6899,-35.44096],[-71.68927,-35.44029]]}},{"type":"Feature","properties":{"nombre":"Calle 14 Poniente","jerarquia":5},"geometry":{"type":"LineString","coordinates":[[-71.68927,-35.44029],[-71.68889,-35.43989]]}},{"type":"Feature","properties":{"nombre":"Calle 14 Poniente","jerarquia":5},"geometry":{"type":"LineString","coordinates":[[-71.68889,-35.43989],[-71.68861,-35.43959]]}},{"type":"Feature","properties":{"nombre":"Calle 14 Poniente","jerarquia":5},"geometry":{"type":"LineString","coordinates":[[-71.68861,-35.43959],[-71.68829,-35.43925]]}},{"type":"Feature","properties":{"nombre":"Calle 14 Poniente","jerarquia":5},"geometry":{"type":"LineString","coordinates":[[-71.68829,-35.43925],[-71.68799,-35.43894]]}},{"type":"Feature","properties":{"nombre":"Calle 14 Poniente","jerarquia":5},"geometry":{"type":"LineString","coordinates":[[-71.68799,-35.43894],[-71.68768,-35.43861]]}},{"type":"Feature","properties":{"nombre":"Avenida Ignacio Carrera Pinto","jerarquia":3},"geometry":{"type":"LineString","coordinates":[[-71.67913,-35.43387],[-71.6799,-35.43508]]}},{"type":"Feature","properties":{"nombre":"Avenida Ignacio Carrera Pinto","jerarquia":3},"geometry":{"type":"LineString","coordinates":[[-71.6799,-35.43508],[-71.67996,-35.43518]]}},{"type":"Feature","properties":{"nombre":"Calle 14 Sur","jerarquia":5},"geometry":{"type":"LineString","coordinates":[[-71.67996,-35.43518],[-71.67986,-35.43523]]}},{"type":"Feature","properties":{"nombre":"Avenida Ignacio Carrera Pinto","jerarquia":3},"geometry":{"type":"LineString","coordinates":[[-71.67951,-35.43468],[-71.67917,-35.43418]]}},{"type":"Feature","properties":{"nombre":"Calle 14 Oriente","jerarquia":5},"geometry":{"type":"LineString","coordinates":[[-71.646,-35.43578],[-71.6459,-35.43483]]}},{"type":"Feature","properties":{"nombre":"Ruta K-505","jerarquia":4},"geometry":{"type":"LineString","coordinates":[[-71.58688,-35.55794],[-71.58681,-35.55792]]}},{"type":"Feature","properties":{"nombre":"Ruta K-505","jerarquia":4},"geometry":{"type":"LineString","coordinates":[[-71.58681,-35.55792],[-71.5853,-35.55751],[-71.58442,-35.55734],[-71.58373,-35.55736],[-71.58024,-35.5578]]}},{"type":"Feature","properties":{"nombre":"","jerarquia":2},"geometry":{"type":"LineString","coordinates":[[-71.57939,-35.45835],[-71.57923,-35.45837],[-71.57917,-35.45824]]}},{"type":"Feature","properties":{"nombre":"","jerarquia":2},"geometry":{"type":"LineString","coordinates":[[-71.57898,-35.45847],[-71.57915,-35.45845],[-71.5792,-35.45856]]}},{"type":"Feature","properties":{"nombre":"","jerarquia":2},"geometry":{"type":"LineString","coordinates":[[-71.57023,-35.46607],[-71.57039,-35.46609],[-71.57039,-35.46622]]}},{"type":"Feature","properties":{"nombre":"Avenida San Miguel","jerarquia":2},"geometry":{"type":"LineString","coordinates":[[-71.62738,-35.43501],[-71.62917,-35.4344]]}},{"type":"Feature","properties":{"nombre":"Avenida San Miguel","jerarquia":2},"geometry":{"type":"LineString","coordinates":[[-71.62917,-35.4344],[-71.6292,-35.43439]]}},{"type":"Feature","properties":{"nombre":"Avenida San Miguel","jerarquia":2},"geometry":{"type":"LineString","coordinates":[[-71.60113,-35.44816],[-71.60052,-35.44853],[-71.59989,-35.44881]]}},{"type":"Feature","properties":{"nombre":"","jerarquia":2},"geometry":{"type":"LineString","coordinates":[[-71.60624,-35.44442],[-71.60572,-35.44511],[-71.60556,-35.44516],[-71.6054,-35.44512]]}},{"type":"Feature","properties":{"nombre":"","jerarquia":2},"geometry":{"type":"LineString","coordinates":[[-71.6054,-35.44512],[-71.60534,-35.44508]]}},{"type":"Feature","properties":{"nombre":"","jerarquia":2},"geometry":{"type":"LineString","coordinates":[[-71.60534,-35.44508],[-71.60525,-35.445]]}},{"type":"Feature","properties":{"nombre":"Calle 32 Oriente","jerarquia":5},"geometry":{"type":"LineString","coordinates":[[-71.62127,-35.43022],[-71.62141,-35.43041]]}},{"type":"Feature","properties":{"nombre":"Calle 32 Oriente","jerarquia":5},"geometry":{"type":"LineString","coordinates":[[-71.62141,-35.43041],[-71.62174,-35.43088]]}},{"type":"Feature","properties":{"nombre":"Calle 32 Oriente","jerarquia":5},"geometry":{"type":"LineString","coordinates":[[-71.62174,-35.43088],[-71.62212,-35.43136]]}},{"type":"Feature","properties":{"nombre":"Calle 32 Oriente","jerarquia":5},"geometry":{"type":"LineString","coordinates":[[-71.62212,-35.43136],[-71.62238,-35.43175]]}},{"type":"Feature","properties":{"nombre":"Calle 32 Oriente","jerarquia":5},"geometry":{"type":"LineString","coordinates":[[-71.62238,-35.43175],[-71.62249,-35.43198],[-71.62276,-35.43227]]}},{"type":"Feature","properties":{"nombre":"Calle 32 Oriente","jerarquia":5},"geometry":{"type":"LineString","coordinates":[[-71.62276,-35.43227],[-71.62316,-35.43285]]}},{"type":"Feature","properties":{"nombre":"Calle 23 Oriente","jerarquia":5},"geometry":{"type":"LineString","coordinates":[[-71.63035,-35.42534],[-71.62914,-35.42408]]}},{"type":"Feature","properties":{"nombre":"Calle 23 Oriente","jerarquia":5},"geometry":{"type":"LineString","coordinates":[[-71.62914,-35.42408],[-71.6288,-35.42373]]}},{"type":"Feature","properties":{"nombre":"Calle 23 Oriente","jerarquia":5},"geometry":{"type":"LineString","coordinates":[[-71.6288,-35.42373],[-71.62847,-35.42338]]}},{"type":"Feature","properties":{"nombre":"Calle 6 Oriente","jerarquia":5},"geometry":{"type":"LineString","coordinates":[[-71.65657,-35.41192],[-71.65661,-35.41201]]}},{"type":"Feature","properties":{"nombre":"","jerarquia":3},"geometry":{"type":"LineString","coordinates":[[-71.68626,-35.45849],[-71.6862,-35.45835],[-71.68601,-35.45831]]}},{"type":"Feature","properties":{"nombre":"Camino Los Patos","jerarquia":5},"geometry":{"type":"LineString","coordinates":[[-71.68362,-35.45906],[-71.68184,-35.45975]]}},{"type":"Feature","properties":{"nombre":"Camino Los Patos","jerarquia":5},"geometry":{"type":"LineString","coordinates":[[-71.68184,-35.45975],[-71.681,-35.46008]]}},{"type":"Feature","properties":{"nombre":"Camino Los Patos","jerarquia":5},"geometry":{"type":"LineString","coordinates":[[-71.681,-35.46008],[-71.68018,-35.46039]]}},{"type":"Feature","properties":{"nombre":"Camino Los Patos","jerarquia":5},"geometry":{"type":"LineString","coordinates":[[-71.68018,-35.46039],[-71.6797,-35.46058]]}},{"type":"Feature","properties":{"nombre":"Calle 18 Sur","jerarquia":4},"geometry":{"type":"LineString","coordinates":[[-71.682,-35.43853],[-71.6803,-35.43928]]}},{"type":"Feature","properties":{"nombre":"Calle 18 Sur","jerarquia":4},"geometry":{"type":"LineString","coordinates":[[-71.6803,-35.43928],[-71.67817,-35.44025]]}},{"type":"Feature","properties":{"nombre":"Calle 18 Sur","jerarquia":4},"geometry":{"type":"LineString","coordinates":[[-71.67817,-35.44025],[-71.67761,-35.44048]]}},{"type":"Feature","properties":{"nombre":"Avenida 5 Oriente","jerarquia":5},"geometry":{"type":"LineString","coordinates":[[-71.6533,-35.40409],[-71.65325,-35.40392]]}},{"type":"Feature","properties":{"nombre":"Avenida 5 Oriente","jerarquia":5},"geometry":{"type":"LineString","coordinates":[[-71.65361,-35.40506],[-71.65338,-35.40434]]}},{"type":"Feature","properties":{"nombre":"Avenida 5 Oriente","jerarquia":5},"geometry":{"type":"LineString","coordinates":[[-71.65338,-35.40434],[-71.6533,-35.40409]]}},{"type":"Feature","properties":{"nombre":"1 1/2 Poniente","jerarquia":5},"geometry":{"type":"LineString","coordinates":[[-71.67657,-35.45478],[-71.67656,-35.45469]]}},{"type":"Feature","properties":{"nombre":"1 1/2 Poniente","jerarquia":5},"geometry":{"type":"LineString","coordinates":[[-71.67656,-35.45469],[-71.67647,-35.4543]]}},{"type":"Feature","properties":{"nombre":"1 1/2 Poniente","jerarquia":5},"geometry":{"type":"LineString","coordinates":[[-71.67647,-35.4543],[-71.67638,-35.4539]]}},{"type":"Feature","properties":{"nombre":"1 1/2 Poniente","jerarquia":5},"geometry":{"type":"LineString","coordinates":[[-71.67638,-35.4539],[-71.6763,-35.45357]]}},{"type":"Feature","properties":{"nombre":"1 1/2 Poniente","jerarquia":5},"geometry":{"type":"LineString","coordinates":[[-71.6763,-35.45357],[-71.67623,-35.45326]]}},{"type":"Feature","properties":{"nombre":"1 1/2 Poniente","jerarquia":5},"geometry":{"type":"LineString","coordinates":[[-71.67623,-35.45326],[-71.67617,-35.45298]]}},{"type":"Feature","properties":{"nombre":"1 1/2 Poniente","jerarquia":5},"geometry":{"type":"LineString","coordinates":[[-71.67617,-35.45298],[-71.67615,-35.45289]]}},{"type":"Feature","properties":{"nombre":"1 1/2 Poniente","jerarquia":5},"geometry":{"type":"LineString","coordinates":[[-71.67615,-35.45289],[-71.67606,-35.45251]]}},{"type":"Feature","properties":{"nombre":"1 1/2 Poniente","jerarquia":5},"geometry":{"type":"LineString","coordinates":[[-71.67606,-35.45251],[-71.67597,-35.4521]]}},{"type":"Feature","properties":{"nombre":"1 1/2 Poniente","jerarquia":5},"geometry":{"type":"LineString","coordinates":[[-71.67597,-35.4521],[-71.67593,-35.45192]]}},{"type":"Feature","properties":{"nombre":"Circunvalación Sur","jerarquia":5},"geometry":{"type":"LineString","coordinates":[[-71.67022,-35.43937],[-71.67028,-35.43902]]}},{"type":"Feature","properties":{"nombre":"Circunvalación Sur","jerarquia":5},"geometry":{"type":"LineString","coordinates":[[-71.67028,-35.43902],[-71.6703,-35.4389]]}},{"type":"Feature","properties":{"nombre":"Circunvalación Sur","jerarquia":5},"geometry":{"type":"LineString","coordinates":[[-71.6703,-35.4389],[-71.67035,-35.43866]]}},{"type":"Feature","properties":{"nombre":"Circunvalación Sur","jerarquia":5},"geometry":{"type":"LineString","coordinates":[[-71.67035,-35.43866],[-71.67041,-35.43837]]}},{"type":"Feature","properties":{"nombre":"Circunvalación Sur","jerarquia":5},"geometry":{"type":"LineString","coordinates":[[-71.67041,-35.43837],[-71.67045,-35.43819]]}},{"type":"Feature","properties":{"nombre":"Avenida Lircay","jerarquia":3},"geometry":{"type":"LineString","coordinates":[[-71.65303,-35.41348],[-71.65313,-35.41357]]}},{"type":"Feature","properties":{"nombre":"Avenida Lircay","jerarquia":3},"geometry":{"type":"LineString","coordinates":[[-71.65313,-35.41357],[-71.65334,-35.41375]]}},{"type":"Feature","properties":{"nombre":"Avenida Lircay","jerarquia":3},"geometry":{"type":"LineString","coordinates":[[-71.65334,-35.41375],[-71.65393,-35.41428]]}},{"type":"Feature","properties":{"nombre":"Avenida Lircay","jerarquia":3},"geometry":{"type":"LineString","coordinates":[[-71.65393,-35.41428],[-71.65512,-35.41533]]}},{"type":"Feature","properties":{"nombre":"Avenida Lircay","jerarquia":3},"geometry":{"type":"LineString","coordinates":[[-71.65512,-35.41533],[-71.65526,-35.41545]]}},{"type":"Feature","properties":{"nombre":"Calle 14 Poniente","jerarquia":5},"geometry":{"type":"LineString","coordinates":[[-71.68642,-35.43705],[-71.68696,-35.43767]]}},{"type":"Feature","properties":{"nombre":"Calle 14 Poniente","jerarquia":5},"geometry":{"type":"LineString","coordinates":[[-71.68696,-35.43767],[-71.68744,-35.4382]]}},{"type":"Feature","properties":{"nombre":"Calle 14 Poniente","jerarquia":5},"geometry":{"type":"LineString","coordinates":[[-71.68744,-35.4382],[-71.6877,-35.43851],[-71.68768,-35.43861]]}},{"type":"Feature","properties":{"nombre":"Calle 2 Norte","jerarquia":5},"geometry":{"type":"LineString","coordinates":[[-71.64564,-35.42526],[-71.64579,-35.42531]]}},{"type":"Feature","properties":{"nombre":"Calle 14 Oriente","jerarquia":5},"geometry":{"type":"LineString","coordinates":[[-71.64631,-35.43858],[-71.64621,-35.43766]]}},{"type":"Feature","properties":{"nombre":"Calle 14 Oriente","jerarquia":4},"geometry":{"type":"LineString","coordinates":[[-71.64642,-35.43894],[-71.64631,-35.43858]]}},{"type":"Feature","properties":{"nombre":"Calle 2 Norte","jerarquia":3},"geometry":{"type":"LineString","coordinates":[[-71.63606,-35.42895],[-71.63636,-35.42887]]}},{"type":"Feature","properties":{"nombre":"Calle 2 Norte","jerarquia":3},"geometry":{"type":"LineString","coordinates":[[-71.63636,-35.42887],[-71.63754,-35.42856],[-71.63844,-35.42824]]}},{"type":"Feature","properties":{"nombre":"Calle 2 Norte","jerarquia":3},"geometry":{"type":"LineString","coordinates":[[-71.63844,-35.42824],[-71.63877,-35.42812]]}},{"type":"Feature","properties":{"nombre":"Calle 2 Norte","jerarquia":3},"geometry":{"type":"LineString","coordinates":[[-71.63969,-35.42791],[-71.63827,-35.42841],[-71.63661,-35.42888]]}},{"type":"Feature","properties":{"nombre":"Calle 5 Oriente","jerarquia":4},"geometry":{"type":"LineString","coordinates":[[-71.65974,-35.42589],[-71.65979,-35.4265]]}},{"type":"Feature","properties":{"nombre":"Calle 5 Oriente","jerarquia":4},"geometry":{"type":"LineString","coordinates":[[-71.65979,-35.4265],[-71.65986,-35.42754]]}},{"type":"Feature","properties":{"nombre":"Calle 5 Oriente","jerarquia":4},"geometry":{"type":"LineString","coordinates":[[-71.65986,-35.42754],[-71.65993,-35.42865]]}},{"type":"Feature","properties":{"nombre":"Calle 5 Oriente","jerarquia":4},"geometry":{"type":"LineString","coordinates":[[-71.65993,-35.42865],[-71.65993,-35.42877]]}},{"type":"Feature","properties":{"nombre":"4 Poniente","jerarquia":4},"geometry":{"type":"LineString","coordinates":[[-71.67037,-35.42186],[-71.67038,-35.42198]]}},{"type":"Feature","properties":{"nombre":"9 Oriente","jerarquia":5},"geometry":{"type":"LineString","coordinates":[[-71.66256,-35.45588],[-71.66263,-35.456]]}},{"type":"Feature","properties":{"nombre":"9 Oriente","jerarquia":5},"geometry":{"type":"LineString","coordinates":[[-71.6603,-35.45202],[-71.66104,-35.45328]]}},{"type":"Feature","properties":{"nombre":"9 Oriente","jerarquia":5},"geometry":{"type":"LineString","coordinates":[[-71.66104,-35.45328],[-71.66178,-35.45454]]}},{"type":"Feature","properties":{"nombre":"9 Oriente","jerarquia":5},"geometry":{"type":"LineString","coordinates":[[-71.66178,-35.45454],[-71.66251,-35.4558]]}},{"type":"Feature","properties":{"nombre":"9 Oriente","jerarquia":5},"geometry":{"type":"LineString","coordinates":[[-71.66251,-35.4558],[-71.66256,-35.45588]]}},{"type":"Feature","properties":{"nombre":"9 Oriente","jerarquia":5},"geometry":{"type":"LineString","coordinates":[[-71.66462,-35.45941],[-71.66571,-35.4597]]}},{"type":"Feature","properties":{"nombre":"9 Oriente","jerarquia":5},"geometry":{"type":"LineString","coordinates":[[-71.66571,-35.4597],[-71.66607,-35.45981]]}},{"type":"Feature","properties":{"nombre":"9 Oriente","jerarquia":5},"geometry":{"type":"LineString","coordinates":[[-71.66607,-35.45981],[-71.66601,-35.45983]]}},{"type":"Feature","properties":{"nombre":"9 Oriente","jerarquia":5},"geometry":{"type":"LineString","coordinates":[[-71.6603,-35.45202],[-71.66018,-35.45173]]}},{"type":"Feature","properties":{"nombre":"9 Oriente","jerarquia":5},"geometry":{"type":"LineString","coordinates":[[-71.66018,-35.45173],[-71.66018,-35.45154]]}},{"type":"Feature","properties":{"nombre":"9 Oriente","jerarquia":5},"geometry":{"type":"LineString","coordinates":[[-71.66018,-35.45154],[-71.66022,-35.45139]]}},{"type":"Feature","properties":{"nombre":"","jerarquia":5},"geometry":{"type":"LineString","coordinates":[[-71.63536,-35.41892],[-71.63517,-35.41882],[-71.63497,-35.41881]]}},{"type":"Feature","properties":{"nombre":"","jerarquia":4},"geometry":{"type":"LineString","coordinates":[[-71.64395,-35.45196],[-71.64404,-35.45208],[-71.64423,-35.45215]]}},{"type":"Feature","properties":{"nombre":"","jerarquia":4},"geometry":{"type":"LineString","coordinates":[[-71.64423,-35.45215],[-71.64403,-35.45234]]}},{"type":"Feature","properties":{"nombre":"","jerarquia":4},"geometry":{"type":"LineString","coordinates":[[-71.64403,-35.45234],[-71.64399,-35.4525]]}},{"type":"Feature","properties":{"nombre":"","jerarquia":4},"geometry":{"type":"LineString","coordinates":[[-71.6459,-35.4517],[-71.64606,-35.45157],[-71.64611,-35.45137]]}},{"type":"Feature","properties":{"nombre":"","jerarquia":4},"geometry":{"type":"LineString","coordinates":[[-71.64631,-35.45186],[-71.64612,-35.45173],[-71.6459,-35.4517]]}},{"type":"Feature","properties":{"nombre":"","jerarquia":1},"geometry":{"type":"LineString","coordinates":[[-71.64625,-35.45237],[-71.64636,-35.45219]]}},{"type":"Feature","properties":{"nombre":"","jerarquia":1},"geometry":{"type":"LineString","coordinates":[[-71.64636,-35.45219],[-71.64637,-35.452]]}},{"type":"Feature","properties":{"nombre":"","jerarquia":1},"geometry":{"type":"LineString","coordinates":[[-71.64661,-35.45251],[-71.64625,-35.45237]]}},{"type":"Feature","properties":{"nombre":"Avenida Lircay","jerarquia":3},"geometry":{"type":"LineString","coordinates":[[-71.65526,-35.41545],[-71.65539,-35.41555]]}},{"type":"Feature","properties":{"nombre":"","jerarquia":3},"geometry":{"type":"LineString","coordinates":[[-71.69013,-35.45326],[-71.68975,-35.45345]]}},{"type":"Feature","properties":{"nombre":"","jerarquia":3},"geometry":{"type":"LineString","coordinates":[[-71.68871,-35.44681],[-71.68874,-35.44672]]}},{"type":"Feature","properties":{"nombre":"","jerarquia":3},"geometry":{"type":"LineString","coordinates":[[-71.68874,-35.44672],[-71.68878,-35.4467]]}},{"type":"Feature","properties":{"nombre":"Ruta K-625","jerarquia":4},"geometry":{"type":"LineString","coordinates":[[-71.61867,-35.51668],[-71.61904,-35.5164]]}},{"type":"Feature","properties":{"nombre":"Ruta K-625","jerarquia":4},"geometry":{"type":"LineString","coordinates":[[-71.61904,-35.5164],[-71.61901,-35.51667]]}},{"type":"Feature","properties":{"nombre":"Camino Puntas Negras","jerarquia":5},"geometry":{"type":"LineString","coordinates":[[-71.60579,-35.47264],[-71.60042,-35.47349]]}},{"type":"Feature","properties":{"nombre":"Ruta K-390","jerarquia":4},"geometry":{"type":"LineString","coordinates":[[-71.69889,-35.52264],[-71.69913,-35.52212],[-71.69946,-35.52112]]}},{"type":"Feature","properties":{"nombre":"Ruta K-390","jerarquia":4},"geometry":{"type":"LineString","coordinates":[[-71.69946,-35.52112],[-71.69972,-35.5203]]}},{"type":"Feature","properties":{"nombre":"Ruta K-390","jerarquia":4},"geometry":{"type":"LineString","coordinates":[[-71.69972,-35.5203],[-71.69989,-35.51977]]}},{"type":"Feature","properties":{"nombre":"Ruta K-390","jerarquia":4},"geometry":{"type":"LineString","coordinates":[[-71.69989,-35.51977],[-71.69994,-35.51959]]}},{"type":"Feature","properties":{"nombre":"Ruta K-390","jerarquia":4},"geometry":{"type":"LineString","coordinates":[[-71.69994,-35.51959],[-71.70006,-35.5192]]}},{"type":"Feature","properties":{"nombre":"Ruta K-390","jerarquia":4},"geometry":{"type":"LineString","coordinates":[[-71.70006,-35.5192],[-71.70018,-35.51882]]}},{"type":"Feature","properties":{"nombre":"Ruta K-390","jerarquia":4},"geometry":{"type":"LineString","coordinates":[[-71.70018,-35.51882],[-71.70031,-35.51843]]}},{"type":"Feature","properties":{"nombre":"Ruta K-390","jerarquia":4},"geometry":{"type":"LineString","coordinates":[[-71.70031,-35.51843],[-71.70108,-35.51662]]}},{"type":"Feature","properties":{"nombre":"Ruta K-390","jerarquia":4},"geometry":{"type":"LineString","coordinates":[[-71.70108,-35.51662],[-71.70165,-35.51527],[-71.70176,-35.51476],[-71.70175,-35.51428],[-71.70132,-35.51033],[-71.70139,-35.50974],[-71.70181,-35.50855]]}},{"type":"Feature","properties":{"nombre":"Ruta K-390","jerarquia":4},"geometry":{"type":"LineString","coordinates":[[-71.70181,-35.50855],[-71.70243,-35.5068],[-71.70244,-35.50647],[-71.70233,-35.50599]]}},{"type":"Feature","properties":{"nombre":"Ruta K-509","jerarquia":4},"geometry":{"type":"LineString","coordinates":[[-71.67615,-35.52034],[-71.6756,-35.5207],[-71.67544,-35.52101]]}},{"type":"Feature","properties":{"nombre":"Ruta K-509","jerarquia":4},"geometry":{"type":"LineString","coordinates":[[-71.67544,-35.52101],[-71.67543,-35.52106]]}},{"type":"Feature","properties":{"nombre":"","jerarquia":5},"geometry":{"type":"LineString","coordinates":[[-71.61908,-35.39843],[-71.61893,-35.39856]]}},{"type":"Feature","properties":{"nombre":"Rodrigo Mendoza","jerarquia":3},"geometry":{"type":"LineString","coordinates":[[-71.68975,-35.45345],[-71.68939,-35.45393],[-71.68875,-35.45461]]}},{"type":"Feature","properties":{"nombre":"Ruta K-513","jerarquia":5},"geometry":{"type":"LineString","coordinates":[[-71.62193,-35.54144],[-71.62408,-35.54033],[-71.62421,-35.5403],[-71.62431,-35.54037],[-71.62511,-35.54195]]}},{"type":"Feature","properties":{"nombre":"Ruta K-513","jerarquia":5},"geometry":{"type":"LineString","coordinates":[[-71.62511,-35.54195],[-71.62598,-35.54368]]}},{"type":"Feature","properties":{"nombre":"Ruta K-513","jerarquia":5},"geometry":{"type":"LineString","coordinates":[[-71.62598,-35.54368],[-71.62757,-35.54714],[-71.62825,-35.54847]]}},{"type":"Feature","properties":{"nombre":"Ruta K-513","jerarquia":5},"geometry":{"type":"LineString","coordinates":[[-71.62825,-35.54847],[-71.63009,-35.55197],[-71.63038,-35.55236],[-71.63049,-35.55239],[-71.6324,-35.55233],[-71.63349,-35.55247],[-71.63379,-35.55247],[-71.63542,-35.5522],[-71.63668,-35.55176]]}},{"type":"Feature","properties":{"nombre":"Ruta K-513","jerarquia":5},"geometry":{"type":"LineString","coordinates":[[-71.63668,-35.55176],[-71.63698,-35.55167]]}},{"type":"Feature","properties":{"nombre":"Ruta K-513","jerarquia":5},"geometry":{"type":"LineString","coordinates":[[-71.63698,-35.55167],[-71.63862,-35.55163],[-71.63949,-35.55141]]}},{"type":"Feature","properties":{"nombre":"Ruta K-513","jerarquia":5},"geometry":{"type":"LineString","coordinates":[[-71.63949,-35.55141],[-71.64115,-35.55125]]}},{"type":"Feature","properties":{"nombre":"Ruta K-513","jerarquia":5},"geometry":{"type":"LineString","coordinates":[[-71.64115,-35.55125],[-71.64386,-35.55069],[-71.64441,-35.55049]]}},{"type":"Feature","properties":{"nombre":"Ruta K-513","jerarquia":5},"geometry":{"type":"LineString","coordinates":[[-71.64441,-35.55049],[-71.64516,-35.55001],[-71.64561,-35.54985]]}},{"type":"Feature","properties":{"nombre":"Ruta K-513","jerarquia":5},"geometry":{"type":"LineString","coordinates":[[-71.64561,-35.54985],[-71.64604,-35.54979],[-71.64628,-35.54983],[-71.64684,-35.55011],[-71.64709,-35.55017],[-71.64742,-35.55019],[-71.65224,-35.54978]]}},{"type":"Feature","properties":{"nombre":"Ruta K-513","jerarquia":5},"geometry":{"type":"LineString","coordinates":[[-71.65224,-35.54978],[-71.65449,-35.54955],[-71.65543,-35.54965],[-71.65611,-35.54978],[-71.65676,-35.54971],[-71.65745,-35.54941],[-71.65752,-35.54934],[-71.65755,-35.54924],[-71.6575,-35.54874],[-71.65761,-35.54862],[-71.65776,-35.54857],[-71.66738,-35.54677],[-71.66749,-35.54671],[-71.66754,-35.54659],[-71.66751,-35.54628],[-71.66707,-35.54424]]}},{"type":"Feature","properties":{"nombre":"Ruta K-505","jerarquia":4},"geometry":{"type":"LineString","coordinates":[[-71.65878,-35.49035],[-71.65868,-35.49105]]}},{"type":"Feature","properties":{"nombre":"Ruta K-505","jerarquia":4},"geometry":{"type":"LineString","coordinates":[[-71.65868,-35.49105],[-71.65732,-35.4971]]}},{"type":"Feature","properties":{"nombre":"Ruta K-505","jerarquia":4},"geometry":{"type":"LineString","coordinates":[[-71.65732,-35.4971],[-71.65728,-35.49753]]}},{"type":"Feature","properties":{"nombre":"Ruta K-505","jerarquia":4},"geometry":{"type":"LineString","coordinates":[[-71.65728,-35.49753],[-71.65726,-35.4978]]}},{"type":"Feature","properties":{"nombre":"Ruta K-505","jerarquia":4},"geometry":{"type":"LineString","coordinates":[[-71.65726,-35.4978],[-71.65726,-35.49794]]}},{"type":"Feature","properties":{"nombre":"Ruta K-505","jerarquia":4},"geometry":{"type":"LineString","coordinates":[[-71.65726,-35.49794],[-71.65725,-35.49809]]}},{"type":"Feature","properties":{"nombre":"Ruta K-505","jerarquia":4},"geometry":{"type":"LineString","coordinates":[[-71.65725,-35.49809],[-71.65724,-35.49836]]}},{"type":"Feature","properties":{"nombre":"Ruta K-505","jerarquia":4},"geometry":{"type":"LineString","coordinates":[[-71.65724,-35.49836],[-71.65724,-35.4988]]}},{"type":"Feature","properties":{"nombre":"Ruta K-505","jerarquia":4},"geometry":{"type":"LineString","coordinates":[[-71.65724,-35.4988],[-71.65726,-35.50251]]}},{"type":"Feature","properties":{"nombre":"Ruta K-505","jerarquia":4},"geometry":{"type":"LineString","coordinates":[[-71.65726,-35.50251],[-71.65724,-35.50552]]}},{"type":"Feature","properties":{"nombre":"Ruta K-505","jerarquia":4},"geometry":{"type":"LineString","coordinates":[[-71.65724,-35.50552],[-71.65724,-35.5063],[-71.65719,-35.50656]]}},{"type":"Feature","properties":{"nombre":"Ruta K-505","jerarquia":4},"geometry":{"type":"LineString","coordinates":[[-71.65719,-35.50656],[-71.65677,-35.50683]]}},{"type":"Feature","properties":{"nombre":"Ruta K-505","jerarquia":4},"geometry":{"type":"LineString","coordinates":[[-71.65677,-35.50683],[-71.65548,-35.507],[-71.6552,-35.50708],[-71.65502,-35.50722],[-71.65374,-35.50889],[-71.65361,-35.50901],[-71.65328,-35.50916]]}},{"type":"Feature","properties":{"nombre":"Ruta K-505","jerarquia":4},"geometry":{"type":"LineString","coordinates":[[-71.65328,-35.50916],[-71.653,-35.50925]]}},{"type":"Feature","properties":{"nombre":"Ruta K-505","jerarquia":4},"geometry":{"type":"LineString","coordinates":[[-71.653,-35.50925],[-71.6512,-35.50987],[-71.64967,-35.51071],[-71.64765,-35.51215],[-71.64622,-35.5129],[-71.64573,-35.51304],[-71.64531,-35.51315],[-71.64477,-35.5132],[-71.64283,-35.51328],[-71.64047,-35.51325],[-71.63877,-35.51339]]}},{"type":"Feature","properties":{"nombre":"Ruta K-505","jerarquia":4},"geometry":{"type":"LineString","coordinates":[[-71.63877,-35.51339],[-71.63818,-35.51348],[-71.63765,-35.51365]]}},{"type":"Feature","properties":{"nombre":"Ruta K-505","jerarquia":4},"geometry":{"type":"LineString","coordinates":[[-71.63765,-35.51365],[-71.63402,-35.51558],[-71.63101,-35.51632],[-71.62959,-35.51659]]}},{"type":"Feature","properties":{"nombre":"Ruta K-505","jerarquia":4},"geometry":{"type":"LineString","coordinates":[[-71.62959,-35.51659],[-71.62504,-35.51728],[-71.62356,-35.51689]]}},{"type":"Feature","properties":{"nombre":"","jerarquia":4},"geometry":{"type":"LineString","coordinates":[[-71.62004,-35.54183],[-71.62033,-35.5421]]}},{"type":"Feature","properties":{"nombre":"","jerarquia":1},"geometry":{"type":"LineString","coordinates":[[-71.6865,-35.53137],[-71.68662,-35.53143],[-71.68688,-35.53146]]}},{"type":"Feature","properties":{"nombre":"Avenida Salvador Allende","jerarquia":4},"geometry":{"type":"LineString","coordinates":[[-71.64899,-35.41561],[-71.64899,-35.41573]]}},{"type":"Feature","properties":{"nombre":"Ruta 5 Sur","jerarquia":1},"geometry":{"type":"LineString","coordinates":[[-71.62778,-35.40845],[-71.6318,-35.41854]]}},{"type":"Feature","properties":{"nombre":"Ruta 5 Sur","jerarquia":1},"geometry":{"type":"LineString","coordinates":[[-71.62652,-35.40528],[-71.62725,-35.40709]]}},{"type":"Feature","properties":{"nombre":"Ruta 5 Sur","jerarquia":1},"geometry":{"type":"LineString","coordinates":[[-71.63811,-35.43483],[-71.63639,-35.43048]]}},{"type":"Feature","properties":{"nombre":"Ruta 5 Sur","jerarquia":1},"geometry":{"type":"LineString","coordinates":[[-71.63803,-35.43435],[-71.63846,-35.43544]]}},{"type":"Feature","properties":{"nombre":"Ruta 5 Sur","jerarquia":1},"geometry":{"type":"LineString","coordinates":[[-71.63874,-35.4364],[-71.63841,-35.43558]]}},{"type":"Feature","properties":{"nombre":"Ruta 5 Sur","jerarquia":1},"geometry":{"type":"LineString","coordinates":[[-71.64206,-35.44476],[-71.64124,-35.4427]]}},{"type":"Feature","properties":{"nombre":"Ruta 5 Sur","jerarquia":1},"geometry":{"type":"LineString","coordinates":[[-71.63879,-35.43627],[-71.64111,-35.4421]]}},{"type":"Feature","properties":{"nombre":"Ruta 5 Sur","jerarquia":1},"geometry":{"type":"LineString","coordinates":[[-71.64283,-35.4467],[-71.64236,-35.44552]]}},{"type":"Feature","properties":{"nombre":"Enlace El Tabaco","jerarquia":4},"geometry":{"type":"LineString","coordinates":[[-71.64551,-35.4518],[-71.64522,-35.45187]]}},{"type":"Feature","properties":{"nombre":"Enlace El Tabaco","jerarquia":4},"geometry":{"type":"LineString","coordinates":[[-71.64451,-35.45207],[-71.64423,-35.45215]]}},{"type":"Feature","properties":{"nombre":"Ruta K-625","jerarquia":4},"geometry":{"type":"LineString","coordinates":[[-71.64396,-35.45222],[-71.64395,-35.45196]]}},{"type":"Feature","properties":{"nombre":"Enlace El Tabaco","jerarquia":4},"geometry":{"type":"LineString","coordinates":[[-71.64423,-35.45215],[-71.64403,-35.4522]]}},{"type":"Feature","properties":{"nombre":"Enlace El Tabaco","jerarquia":4},"geometry":{"type":"LineString","coordinates":[[-71.64403,-35.4522],[-71.64396,-35.45222]]}},{"type":"Feature","properties":{"nombre":"Ruta K-625","jerarquia":4},"geometry":{"type":"LineString","coordinates":[[-71.64399,-35.4525],[-71.64396,-35.45222]]}},{"type":"Feature","properties":{"nombre":"Ruta K-625","jerarquia":4},"geometry":{"type":"LineString","coordinates":[[-71.64395,-35.45196],[-71.64395,-35.45163]]}},{"type":"Feature","properties":{"nombre":"Calle de Servicio Ruta 5","jerarquia":4},"geometry":{"type":"LineString","coordinates":[[-71.64621,-35.45162],[-71.64631,-35.45186]]}},{"type":"Feature","properties":{"nombre":"Enlace El Tabaco","jerarquia":4},"geometry":{"type":"LineString","coordinates":[[-71.64621,-35.45162],[-71.6459,-35.4517]]}},{"type":"Feature","properties":{"nombre":"Ruta 5 Sur","jerarquia":1},"geometry":{"type":"LineString","coordinates":[[-71.64552,-35.45346],[-71.64503,-35.45222]]}},{"type":"Feature","properties":{"nombre":"Ruta 5 Sur","jerarquia":1},"geometry":{"type":"LineString","coordinates":[[-71.65166,-35.46846],[-71.65182,-35.46887]]}},{"type":"Feature","properties":{"nombre":"Ruta 5 Sur","jerarquia":1},"geometry":{"type":"LineString","coordinates":[[-71.64503,-35.45222],[-71.64448,-35.45085]]}},{"type":"Feature","properties":{"nombre":"Ruta 5 Sur","jerarquia":1},"geometry":{"type":"LineString","coordinates":[[-71.6865,-35.53137],[-71.68777,-35.53277]]}},{"type":"Feature","properties":{"nombre":"Ruta 5 Sur","jerarquia":1},"geometry":{"type":"LineString","coordinates":[[-71.68018,-35.52435],[-71.68309,-35.52756]]}},{"type":"Feature","properties":{"nombre":"Ruta 5 Sur","jerarquia":1},"geometry":{"type":"LineString","coordinates":[[-71.65997,-35.48974],[-71.65941,-35.48833]]}},{"type":"Feature","properties":{"nombre":"Ruta 5 Sur","jerarquia":1},"geometry":{"type":"LineString","coordinates":[[-71.646,-35.45465],[-71.64552,-35.45346]]}},{"type":"Feature","properties":{"nombre":"Ruta 5 Sur","jerarquia":1},"geometry":{"type":"LineString","coordinates":[[-71.6593,-35.48766],[-71.65978,-35.48885]]}},{"type":"Feature","properties":{"nombre":"Ruta 5 Sur","jerarquia":1},"geometry":{"type":"LineString","coordinates":[[-71.65869,-35.48613],[-71.6593,-35.48766]]}},{"type":"Feature","properties":{"nombre":"Ruta 5 Sur","jerarquia":1},"geometry":{"type":"LineString","coordinates":[[-71.6774,-35.52126],[-71.67815,-35.52209]]}},{"type":"Feature","properties":{"nombre":"Ruta 5 Sur","jerarquia":1},"geometry":{"type":"LineString","coordinates":[[-71.66834,-35.51037],[-71.66892,-35.51156],[-71.66958,-35.51252],[-71.67433,-35.51784]]}},{"type":"Feature","properties":{"nombre":"Ruta 5 Sur","jerarquia":1},"geometry":{"type":"LineString","coordinates":[[-71.57745,-35.35509],[-71.57708,-35.35444],[-71.5766,-35.35333]]}},{"type":"Feature","properties":{"nombre":"Ruta 5 Sur","jerarquia":1},"geometry":{"type":"LineString","coordinates":[[-71.57889,-35.35678],[-71.57828,-35.35613]]}},{"type":"Feature","properties":{"nombre":"Ruta 5 Sur","jerarquia":1},"geometry":{"type":"LineString","coordinates":[[-71.61465,-35.39393],[-71.61572,-35.395]]}},{"type":"Feature","properties":{"nombre":"Ruta 5 Sur","jerarquia":1},"geometry":{"type":"LineString","coordinates":[[-71.60543,-35.38408],[-71.60864,-35.38776],[-71.61465,-35.39393]]}},{"type":"Feature","properties":{"nombre":"Ruta 5 Sur","jerarquia":1},"geometry":{"type":"LineString","coordinates":[[-71.60515,-35.38398],[-71.59841,-35.37622],[-71.59752,-35.37528],[-71.59576,-35.37368]]}},{"type":"Feature","properties":{"nombre":"","jerarquia":4},"geometry":{"type":"LineString","coordinates":[[-71.59011,-35.3696],[-71.59102,-35.37039]]}},{"type":"Feature","properties":{"nombre":"","jerarquia":4},"geometry":{"type":"LineString","coordinates":[[-71.58983,-35.36937],[-71.59011,-35.3696]]}},{"type":"Feature","properties":{"nombre":"","jerarquia":4},"geometry":{"type":"LineString","coordinates":[[-71.58929,-35.36888],[-71.58955,-35.36912]]}},{"type":"Feature","properties":{"nombre":"Caletera Ruta 5 Sur","jerarquia":5},"geometry":{"type":"LineString","coordinates":[[-71.58929,-35.36888],[-71.58909,-35.36869]]}},{"type":"Feature","properties":{"nombre":"Cruce Talca - Pelarco","jerarquia":4},"geometry":{"type":"LineString","coordinates":[[-71.58954,-35.36869],[-71.58976,-35.36854]]}},{"type":"Feature","properties":{"nombre":"Ruta 5 Sur","jerarquia":1},"geometry":{"type":"LineString","coordinates":[[-71.59092,-35.36937],[-71.59012,-35.3686]]}},{"type":"Feature","properties":{"nombre":"Ruta 5 Sur","jerarquia":1},"geometry":{"type":"LineString","coordinates":[[-71.61299,-35.39243],[-71.60857,-35.38789],[-71.60578,-35.3847]]}},{"type":"Feature","properties":{"nombre":"Ruta 5 Sur","jerarquia":1},"geometry":{"type":"LineString","coordinates":[[-71.59005,-35.36836],[-71.59104,-35.36928]]}},{"type":"Feature","properties":{"nombre":"Ruta 5 Sur","jerarquia":1},"geometry":{"type":"LineString","coordinates":[[-71.57674,-35.35332],[-71.57722,-35.35441],[-71.57766,-35.35516]]}},{"type":"Feature","properties":{"nombre":"Ruta 5 Sur","jerarquia":1},"geometry":{"type":"LineString","coordinates":[[-71.57766,-35.35516],[-71.57814,-35.35576]]}},{"type":"Feature","properties":{"nombre":"","jerarquia":1},"geometry":{"type":"LineString","coordinates":[[-71.59018,-35.36938],[-71.59009,-35.36954]]}},{"type":"Feature","properties":{"nombre":"","jerarquia":1},"geometry":{"type":"LineString","coordinates":[[-71.59009,-35.36954],[-71.59011,-35.3696]]}},{"type":"Feature","properties":{"nombre":"Calle 4 Poniente","jerarquia":5},"geometry":{"type":"LineString","coordinates":[[-71.67629,-35.44397],[-71.67612,-35.44348]]}},{"type":"Feature","properties":{"nombre":"Calle 18 Sur","jerarquia":4},"geometry":{"type":"LineString","coordinates":[[-71.67519,-35.44158],[-71.67511,-35.44163]]}},{"type":"Feature","properties":{"nombre":"Calle 4 Poniente","jerarquia":5},"geometry":{"type":"LineString","coordinates":[[-71.67527,-35.44185],[-71.67517,-35.44171]]}},{"type":"Feature","properties":{"nombre":"Calle 4 Poniente","jerarquia":5},"geometry":{"type":"LineString","coordinates":[[-71.67517,-35.44171],[-71.67511,-35.44163]]}},{"type":"Feature","properties":{"nombre":"Calle 4 Poniente","jerarquia":5},"geometry":{"type":"LineString","coordinates":[[-71.67508,-35.44155],[-71.67519,-35.44158]]}},{"type":"Feature","properties":{"nombre":"","jerarquia":1},"geometry":{"type":"LineString","coordinates":[[-71.64319,-35.44656],[-71.64349,-35.44731]]}},{"type":"Feature","properties":{"nombre":"Caletera Ruta 5","jerarquia":4},"geometry":{"type":"LineString","coordinates":[[-71.64349,-35.44731],[-71.64355,-35.44746]]}},{"type":"Feature","properties":{"nombre":"8 Poniente","jerarquia":5},"geometry":{"type":"LineString","coordinates":[[-71.68612,-35.44317],[-71.6865,-35.44365]]}},{"type":"Feature","properties":{"nombre":"8 Poniente","jerarquia":5},"geometry":{"type":"LineString","coordinates":[[-71.6865,-35.44365],[-71.68659,-35.44375]]}},{"type":"Feature","properties":{"nombre":"Avenida Lircay","jerarquia":3},"geometry":{"type":"LineString","coordinates":[[-71.64826,-35.40917],[-71.64742,-35.4084]]}},{"type":"Feature","properties":{"nombre":"Avenida Lircay","jerarquia":3},"geometry":{"type":"LineString","coordinates":[[-71.64742,-35.4084],[-71.6463,-35.40739],[-71.64547,-35.40684]]}},{"type":"Feature","properties":{"nombre":"","jerarquia":3},"geometry":{"type":"LineString","coordinates":[[-71.645,-35.40668],[-71.64495,-35.40653]]}},{"type":"Feature","properties":{"nombre":"Avenida Lircay","jerarquia":3},"geometry":{"type":"LineString","coordinates":[[-71.64847,-35.40936],[-71.64826,-35.40917]]}},{"type":"Feature","properties":{"nombre":"Avenida Lircay","jerarquia":3},"geometry":{"type":"LineString","coordinates":[[-71.65065,-35.41135],[-71.65011,-35.41088]]}},{"type":"Feature","properties":{"nombre":"Avenida Lircay","jerarquia":3},"geometry":{"type":"LineString","coordinates":[[-71.65011,-35.41088],[-71.65007,-35.41084]]}},{"type":"Feature","properties":{"nombre":"Avenida Lircay","jerarquia":3},"geometry":{"type":"LineString","coordinates":[[-71.65007,-35.41084],[-71.64847,-35.40936]]}},{"type":"Feature","properties":{"nombre":"","jerarquia":2},"geometry":{"type":"LineString","coordinates":[[-71.60307,-35.44656],[-71.60318,-35.44656],[-71.60325,-35.44661]]}},{"type":"Feature","properties":{"nombre":"","jerarquia":2},"geometry":{"type":"LineString","coordinates":[[-71.6108,-35.44104],[-71.61082,-35.44117]]}},{"type":"Feature","properties":{"nombre":"","jerarquia":2},"geometry":{"type":"LineString","coordinates":[[-71.60788,-35.44307],[-71.608,-35.44307]]}},{"type":"Feature","properties":{"nombre":"","jerarquia":2},"geometry":{"type":"LineString","coordinates":[[-71.608,-35.44307],[-71.60817,-35.44306]]}},{"type":"Feature","properties":{"nombre":"","jerarquia":2},"geometry":{"type":"LineString","coordinates":[[-71.60113,-35.44816],[-71.60099,-35.44815]]}},{"type":"Feature","properties":{"nombre":"","jerarquia":2},"geometry":{"type":"LineString","coordinates":[[-71.60099,-35.44815],[-71.60094,-35.44812]]}},{"type":"Feature","properties":{"nombre":"","jerarquia":2},"geometry":{"type":"LineString","coordinates":[[-71.59871,-35.44928],[-71.59857,-35.44925]]}},{"type":"Feature","properties":{"nombre":"","jerarquia":2},"geometry":{"type":"LineString","coordinates":[[-71.59857,-35.44925],[-71.59853,-35.44923]]}},{"type":"Feature","properties":{"nombre":"","jerarquia":2},"geometry":{"type":"LineString","coordinates":[[-71.59659,-35.45013],[-71.59638,-35.45034]]}},{"type":"Feature","properties":{"nombre":"Calle 19 Sur","jerarquia":5},"geometry":{"type":"LineString","coordinates":[[-71.67527,-35.44185],[-71.67538,-35.4418]]}},{"type":"Feature","properties":{"nombre":"","jerarquia":5},"geometry":{"type":"LineString","coordinates":[[-71.67872,-35.45108],[-71.6787,-35.45099]]}},{"type":"Feature","properties":{"nombre":"","jerarquia":5},"geometry":{"type":"LineString","coordinates":[[-71.67877,-35.45128],[-71.67872,-35.45108]]}},{"type":"Feature","properties":{"nombre":"","jerarquia":5},"geometry":{"type":"LineString","coordinates":[[-71.67886,-35.45164],[-71.67877,-35.45128]]}},{"type":"Feature","properties":{"nombre":"","jerarquia":2},"geometry":{"type":"LineString","coordinates":[[-71.55236,-35.47859],[-71.55254,-35.47859]]}},{"type":"Feature","properties":{"nombre":"8 Poniente","jerarquia":5},"geometry":{"type":"LineString","coordinates":[[-71.67701,-35.43056],[-71.6772,-35.43077]]}},{"type":"Feature","properties":{"nombre":"Calle 23 Oriente","jerarquia":5},"geometry":{"type":"LineString","coordinates":[[-71.63105,-35.42609],[-71.63049,-35.42551]]}},{"type":"Feature","properties":{"nombre":"Calle 23 Oriente","jerarquia":5},"geometry":{"type":"LineString","coordinates":[[-71.63049,-35.42551],[-71.63035,-35.42534]]}},{"type":"Feature","properties":{"nombre":"Calle Diagonal Camino Al Agua Potable","jerarquia":5},"geometry":{"type":"LineString","coordinates":[[-71.63035,-35.42534],[-71.63061,-35.4254]]}},{"type":"Feature","properties":{"nombre":"Calle Diagonal Camino Al Agua Potable","jerarquia":5},"geometry":{"type":"LineString","coordinates":[[-71.63061,-35.4254],[-71.63126,-35.42554]]}},{"type":"Feature","properties":{"nombre":"Calle 23 Oriente","jerarquia":5},"geometry":{"type":"LineString","coordinates":[[-71.63126,-35.42554],[-71.63105,-35.42609]]}},{"type":"Feature","properties":{"nombre":"","jerarquia":2},"geometry":{"type":"LineString","coordinates":[[-71.56177,-35.47182],[-71.56152,-35.47185],[-71.56147,-35.47177],[-71.56151,-35.47164]]}},{"type":"Feature","properties":{"nombre":"19 Sur","jerarquia":5},"geometry":{"type":"LineString","coordinates":[[-71.68289,-35.43921],[-71.68285,-35.43923]]}},{"type":"Feature","properties":{"nombre":"19 Sur","jerarquia":5},"geometry":{"type":"LineString","coordinates":[[-71.68285,-35.43923],[-71.68274,-35.43929]]}},{"type":"Feature","properties":{"nombre":"19 Sur","jerarquia":5},"geometry":{"type":"LineString","coordinates":[[-71.68274,-35.43929],[-71.68263,-35.43935]]}},{"type":"Feature","properties":{"nombre":"Calle 1 Sur","jerarquia":3},"geometry":{"type":"LineString","coordinates":[[-71.64046,-35.4296],[-71.6406,-35.4294]]}},{"type":"Feature","properties":{"nombre":"Calle 1 Sur","jerarquia":3},"geometry":{"type":"LineString","coordinates":[[-71.6406,-35.4294],[-71.64067,-35.42935]]}},{"type":"Feature","properties":{"nombre":"","jerarquia":2},"geometry":{"type":"LineString","coordinates":[[-71.54176,-35.48839],[-71.54181,-35.48818]]}},{"type":"Feature","properties":{"nombre":"","jerarquia":2},"geometry":{"type":"LineString","coordinates":[[-71.54568,-35.4849],[-71.54551,-35.4849],[-71.54548,-35.48477]]}},{"type":"Feature","properties":{"nombre":"","jerarquia":2},"geometry":{"type":"LineString","coordinates":[[-71.54526,-35.48496],[-71.54542,-35.48496],[-71.54547,-35.48509]]}},{"type":"Feature","properties":{"nombre":"","jerarquia":2},"geometry":{"type":"LineString","coordinates":[[-71.54886,-35.48175],[-71.54903,-35.48176]]}},{"type":"Feature","properties":{"nombre":"","jerarquia":2},"geometry":{"type":"LineString","coordinates":[[-71.5611,-35.47189],[-71.56131,-35.47193],[-71.56125,-35.47215]]}},{"type":"Feature","properties":{"nombre":"","jerarquia":2},"geometry":{"type":"LineString","coordinates":[[-71.55347,-35.47776],[-71.55332,-35.47774]]}},{"type":"Feature","properties":{"nombre":"","jerarquia":2},"geometry":{"type":"LineString","coordinates":[[-71.58459,-35.4542],[-71.58439,-35.45414]]}},{"type":"Feature","properties":{"nombre":"","jerarquia":2},"geometry":{"type":"LineString","coordinates":[[-71.57441,-35.46365],[-71.57448,-35.46369]]}},{"type":"Feature","properties":{"nombre":"","jerarquia":2},"geometry":{"type":"LineString","coordinates":[[-71.57448,-35.46369],[-71.57454,-35.46372]]}},{"type":"Feature","properties":{"nombre":"","jerarquia":2},"geometry":{"type":"LineString","coordinates":[[-71.57064,-35.46607],[-71.57049,-35.46604],[-71.57049,-35.46591]]}},{"type":"Feature","properties":{"nombre":"","jerarquia":2},"geometry":{"type":"LineString","coordinates":[[-71.55655,-35.475],[-71.55641,-35.47497]]}},{"type":"Feature","properties":{"nombre":"Calle 2 Sur","jerarquia":3},"geometry":{"type":"LineString","coordinates":[[-71.65851,-35.42888],[-71.65841,-35.42889]]}},{"type":"Feature","properties":{"nombre":"Calle 2 Sur","jerarquia":3},"geometry":{"type":"LineString","coordinates":[[-71.65841,-35.42889],[-71.65768,-35.42895]]}},{"type":"Feature","properties":{"nombre":"","jerarquia":5},"geometry":{"type":"LineString","coordinates":[[-71.60229,-35.44714],[-71.60238,-35.44725]]}},{"type":"Feature","properties":{"nombre":"","jerarquia":5},"geometry":{"type":"LineString","coordinates":[[-71.60238,-35.44725],[-71.60213,-35.44725]]}},{"type":"Feature","properties":{"nombre":"Ruta K-390","jerarquia":5},"geometry":{"type":"LineString","coordinates":[[-71.69651,-35.52491],[-71.69662,-35.52475]]}},{"type":"Feature","properties":{"nombre":"Ruta K-390","jerarquia":5},"geometry":{"type":"LineString","coordinates":[[-71.69635,-35.52519],[-71.69651,-35.52491]]}},{"type":"Feature","properties":{"nombre":"Ruta K-390","jerarquia":5},"geometry":{"type":"LineString","coordinates":[[-71.69662,-35.52475],[-71.69709,-35.52429]]}},{"type":"Feature","properties":{"nombre":"Ruta K-390","jerarquia":5},"geometry":{"type":"LineString","coordinates":[[-71.69709,-35.52429],[-71.69742,-35.52406]]}},{"type":"Feature","properties":{"nombre":"Ruta K-390","jerarquia":5},"geometry":{"type":"LineString","coordinates":[[-71.69742,-35.52406],[-71.69827,-35.52341]]}},{"type":"Feature","properties":{"nombre":"Ruta K-390","jerarquia":5},"geometry":{"type":"LineString","coordinates":[[-71.69827,-35.52341],[-71.69857,-35.5231],[-71.69889,-35.52264]]}},{"type":"Feature","properties":{"nombre":"Avenida Balmaceda","jerarquia":5},"geometry":{"type":"LineString","coordinates":[[-71.69617,-35.52485],[-71.69627,-35.52487]]}},{"type":"Feature","properties":{"nombre":"Avenida Balmaceda","jerarquia":5},"geometry":{"type":"LineString","coordinates":[[-71.69627,-35.52487],[-71.69644,-35.5249]]}},{"type":"Feature","properties":{"nombre":"Avenida Balmaceda","jerarquia":5},"geometry":{"type":"LineString","coordinates":[[-71.69644,-35.5249],[-71.69651,-35.52491]]}},{"type":"Feature","properties":{"nombre":"","jerarquia":5},"geometry":{"type":"LineString","coordinates":[[-71.69627,-35.52487],[-71.69651,-35.52481]]}},{"type":"Feature","properties":{"nombre":"","jerarquia":5},"geometry":{"type":"LineString","coordinates":[[-71.69651,-35.52481],[-71.69662,-35.52475]]}},{"type":"Feature","properties":{"nombre":"Diagonal Samoré","jerarquia":4},"geometry":{"type":"LineString","coordinates":[[-71.67905,-35.52165],[-71.67931,-35.52174],[-71.68092,-35.52202]]}},{"type":"Feature","properties":{"nombre":"Diagonal Samoré","jerarquia":4},"geometry":{"type":"LineString","coordinates":[[-71.68092,-35.52202],[-71.68163,-35.52212]]}},{"type":"Feature","properties":{"nombre":"8 Poniente","jerarquia":5},"geometry":{"type":"LineString","coordinates":[[-71.68182,-35.43762],[-71.6822,-35.43828]]}},{"type":"Feature","properties":{"nombre":"Ruta 120","jerarquia":3},"geometry":{"type":"LineString","coordinates":[[-71.67346,-35.47498],[-71.67792,-35.47137],[-71.67867,-35.47069],[-71.67927,-35.47007],[-71.67994,-35.46923],[-71.6809,-35.46771]]}},{"type":"Feature","properties":{"nombre":"","jerarquia":4},"geometry":{"type":"LineString","coordinates":[[-71.62839,-35.43176],[-71.6281,-35.43185]]}},{"type":"Feature","properties":{"nombre":"","jerarquia":4},"geometry":{"type":"LineString","coordinates":[[-71.6281,-35.43185],[-71.62805,-35.43187]]}},{"type":"Feature","properties":{"nombre":"Avenida Andrés Vaccaro","jerarquia":3},"geometry":{"type":"LineString","coordinates":[[-71.64,-35.43061],[-71.64046,-35.4296]]}},{"type":"Feature","properties":{"nombre":"Avenida Andrés Vaccaro","jerarquia":3},"geometry":{"type":"LineString","coordinates":[[-71.64046,-35.4296],[-71.64054,-35.42932]]}},{"type":"Feature","properties":{"nombre":"20 Oriente","jerarquia":2},"geometry":{"type":"LineString","coordinates":[[-71.63723,-35.4319],[-71.63725,-35.43197]]}},{"type":"Feature","properties":{"nombre":"Avenida San Miguel","jerarquia":3},"geometry":{"type":"LineString","coordinates":[[-71.6375,-35.43181],[-71.63818,-35.4316]]}},{"type":"Feature","properties":{"nombre":"Avenida San Miguel","jerarquia":2},"geometry":{"type":"LineString","coordinates":[[-71.63725,-35.43197],[-71.63718,-35.43199]]}},{"type":"Feature","properties":{"nombre":"Calle 10 Norte","jerarquia":4},"geometry":{"type":"LineString","coordinates":[[-71.64919,-35.41552],[-71.64908,-35.41558]]}},{"type":"Feature","properties":{"nombre":"Avenida Salvador Allende","jerarquia":4},"geometry":{"type":"LineString","coordinates":[[-71.64898,-35.41615],[-71.64898,-35.41634]]}},{"type":"Feature","properties":{"nombre":"Avenida Salvador Allende","jerarquia":4},"geometry":{"type":"LineString","coordinates":[[-71.64898,-35.41634],[-71.64898,-35.41639]]}},{"type":"Feature","properties":{"nombre":"Avenida Salvador Allende","jerarquia":4},"geometry":{"type":"LineString","coordinates":[[-71.64899,-35.41573],[-71.64898,-35.41615]]}},{"type":"Feature","properties":{"nombre":"Calle 10 Norte","jerarquia":4},"geometry":{"type":"LineString","coordinates":[[-71.64908,-35.41558],[-71.64899,-35.41561]]}},{"type":"Feature","properties":{"nombre":"Avenida Circunvalación 30 Oriente","jerarquia":4},"geometry":{"type":"LineString","coordinates":[[-71.62862,-35.43308],[-71.62842,-35.43266]]}},{"type":"Feature","properties":{"nombre":"Avenida Circunvalación 30 Oriente","jerarquia":4},"geometry":{"type":"LineString","coordinates":[[-71.62842,-35.43266],[-71.62805,-35.43187]]}},{"type":"Feature","properties":{"nombre":"Avenida Circunvalación 30 Oriente","jerarquia":4},"geometry":{"type":"LineString","coordinates":[[-71.62805,-35.43187],[-71.62791,-35.43158]]}},{"type":"Feature","properties":{"nombre":"Avenida San Miguel","jerarquia":2},"geometry":{"type":"LineString","coordinates":[[-71.62932,-35.43435],[-71.62957,-35.43427]]}},{"type":"Feature","properties":{"nombre":"Avenida Circunvalación 30 Oriente","jerarquia":4},"geometry":{"type":"LineString","coordinates":[[-71.62957,-35.43427],[-71.62962,-35.43438]]}},{"type":"Feature","properties":{"nombre":"Avenida San Miguel","jerarquia":2},"geometry":{"type":"LineString","coordinates":[[-71.62962,-35.43438],[-71.62939,-35.43444]]}},{"type":"Feature","properties":{"nombre":"Avenida Circunvalación 30 Oriente","jerarquia":4},"geometry":{"type":"LineString","coordinates":[[-71.62952,-35.43417],[-71.62957,-35.43427]]}},{"type":"Feature","properties":{"nombre":"Avenida San Miguel","jerarquia":2},"geometry":{"type":"LineString","coordinates":[[-71.6214,-35.43703],[-71.62041,-35.4373],[-71.61573,-35.43877]]}},{"type":"Feature","properties":{"nombre":"Avenida San Miguel","jerarquia":2},"geometry":{"type":"LineString","coordinates":[[-71.61573,-35.43877],[-71.61341,-35.43948]]}},{"type":"Feature","properties":{"nombre":"Avenida San Miguel","jerarquia":2},"geometry":{"type":"LineString","coordinates":[[-71.61341,-35.43948],[-71.61331,-35.43951]]}},{"type":"Feature","properties":{"nombre":"Avenida San Miguel","jerarquia":2},"geometry":{"type":"LineString","coordinates":[[-71.62926,-35.43448],[-71.62826,-35.43481]]}},{"type":"Feature","properties":{"nombre":"Avenida San Miguel","jerarquia":2},"geometry":{"type":"LineString","coordinates":[[-71.63069,-35.43405],[-71.62973,-35.43434]]}},{"type":"Feature","properties":{"nombre":"Avenida San Miguel","jerarquia":2},"geometry":{"type":"LineString","coordinates":[[-71.62973,-35.43434],[-71.6297,-35.43435]]}},{"type":"Feature","properties":{"nombre":"Avenida Circunvalación","jerarquia":3},"geometry":{"type":"LineString","coordinates":[[-71.67417,-35.41724],[-71.67432,-35.41796],[-71.67447,-35.41835]]}},{"type":"Feature","properties":{"nombre":"Avenida Circunvalación","jerarquia":3},"geometry":{"type":"LineString","coordinates":[[-71.67547,-35.42078],[-71.67527,-35.41985],[-71.67444,-35.41851]]}},{"type":"Feature","properties":{"nombre":"Avenida Circunvalación","jerarquia":3},"geometry":{"type":"LineString","coordinates":[[-71.67444,-35.41851],[-71.67437,-35.41839]]}},{"type":"Feature","properties":{"nombre":"Avenida Circunvalación","jerarquia":3},"geometry":{"type":"LineString","coordinates":[[-71.6756,-35.42146],[-71.67553,-35.42108]]}},{"type":"Feature","properties":{"nombre":"Avenida Circunvalación","jerarquia":3},"geometry":{"type":"LineString","coordinates":[[-71.67553,-35.42108],[-71.67552,-35.42104]]}},{"type":"Feature","properties":{"nombre":"Avenida Circunvalación","jerarquia":3},"geometry":{"type":"LineString","coordinates":[[-71.67582,-35.42429],[-71.67584,-35.42385]]}},{"type":"Feature","properties":{"nombre":"Avenida Circunvalación","jerarquia":3},"geometry":{"type":"LineString","coordinates":[[-71.67584,-35.42385],[-71.67574,-35.42228]]}},{"type":"Feature","properties":{"nombre":"Avenida Circunvalación","jerarquia":3},"geometry":{"type":"LineString","coordinates":[[-71.67567,-35.42502],[-71.67582,-35.42429]]}},{"type":"Feature","properties":{"nombre":"Avenida Lircay","jerarquia":3},"geometry":{"type":"LineString","coordinates":[[-71.65013,-35.41079],[-71.65065,-35.41135]]}},{"type":"Feature","properties":{"nombre":"Caletera Ruta 5","jerarquia":4},"geometry":{"type":"LineString","coordinates":[[-71.64569,-35.45008],[-71.64537,-35.45017]]}},{"type":"Feature","properties":{"nombre":"Avenida Isidoro del Solar","jerarquia":4},"geometry":{"type":"LineString","coordinates":[[-71.66792,-35.42463],[-71.66673,-35.4259]]}},{"type":"Feature","properties":{"nombre":"Avenida Isidoro del Solar","jerarquia":4},"geometry":{"type":"LineString","coordinates":[[-71.66772,-35.42468],[-71.66786,-35.42452]]}},{"type":"Feature","properties":{"nombre":"Avenida Isidoro del Solar","jerarquia":4},"geometry":{"type":"LineString","coordinates":[[-71.66786,-35.42452],[-71.66791,-35.42447]]}},{"type":"Feature","properties":{"nombre":"Calle 1 Norte","jerarquia":4},"geometry":{"type":"LineString","coordinates":[[-71.66662,-35.42591],[-71.66638,-35.42594]]}},{"type":"Feature","properties":{"nombre":"Avenida Alameda Bernardo O'Higgins","jerarquia":3},"geometry":{"type":"LineString","coordinates":[[-71.64981,-35.42322],[-71.64969,-35.42323]]}},{"type":"Feature","properties":{"nombre":"Avenida Salvador Allende","jerarquia":3},"geometry":{"type":"LineString","coordinates":[[-71.6498,-35.42313],[-71.64981,-35.42322]]}},{"type":"Feature","properties":{"nombre":"Avenida Salvador Allende","jerarquia":3},"geometry":{"type":"LineString","coordinates":[[-71.64969,-35.42323],[-71.64967,-35.42314]]}},{"type":"Feature","properties":{"nombre":"Circunvalación Norte","jerarquia":3},"geometry":{"type":"LineString","coordinates":[[-71.631,-35.40018],[-71.63084,-35.40037]]}},{"type":"Feature","properties":{"nombre":"Circunvalación Norte","jerarquia":3},"geometry":{"type":"LineString","coordinates":[[-71.63092,-35.40017],[-71.63112,-35.40003]]}},{"type":"Feature","properties":{"nombre":"Avenida Lircay","jerarquia":3},"geometry":{"type":"LineString","coordinates":[[-71.63075,-35.40048],[-71.63067,-35.40045]]}},{"type":"Feature","properties":{"nombre":"Avenida Lircay","jerarquia":3},"geometry":{"type":"LineString","coordinates":[[-71.63075,-35.40034],[-71.63084,-35.40037]]}},{"type":"Feature","properties":{"nombre":"Circunvalación Norte","jerarquia":3},"geometry":{"type":"LineString","coordinates":[[-71.63075,-35.40034],[-71.63092,-35.40017]]}},{"type":"Feature","properties":{"nombre":"Avenida Lircay","jerarquia":3},"geometry":{"type":"LineString","coordinates":[[-71.63067,-35.40045],[-71.62935,-35.40004]]}},{"type":"Feature","properties":{"nombre":"Circunvalación Norte","jerarquia":3},"geometry":{"type":"LineString","coordinates":[[-71.63084,-35.40037],[-71.63075,-35.40048]]}},{"type":"Feature","properties":{"nombre":"Avenida Lircay","jerarquia":3},"geometry":{"type":"LineString","coordinates":[[-71.63257,-35.40089],[-71.63373,-35.40125]]}},{"type":"Feature","properties":{"nombre":"Avenida Lircay","jerarquia":3},"geometry":{"type":"LineString","coordinates":[[-71.63373,-35.40125],[-71.63434,-35.40147]]}},{"type":"Feature","properties":{"nombre":"Avenida 8 Sur","jerarquia":3},"geometry":{"type":"LineString","coordinates":[[-71.64719,-35.43663],[-71.6461,-35.43671]]}},{"type":"Feature","properties":{"nombre":"18 Oriente","jerarquia":4},"geometry":{"type":"LineString","coordinates":[[-71.64405,-35.43684],[-71.64414,-35.43693]]}},{"type":"Feature","properties":{"nombre":"Avenida 8 Sur","jerarquia":3},"geometry":{"type":"LineString","coordinates":[[-71.63989,-35.43813],[-71.63967,-35.43819]]}},{"type":"Feature","properties":{"nombre":"20 Oriente","jerarquia":3},"geometry":{"type":"LineString","coordinates":[[-71.63987,-35.43805],[-71.63989,-35.43813]]}},{"type":"Feature","properties":{"nombre":"Avenida 8 Sur","jerarquia":3},"geometry":{"type":"LineString","coordinates":[[-71.63964,-35.43811],[-71.63978,-35.43808]]}},{"type":"Feature","properties":{"nombre":"Avenida 8 Sur","jerarquia":3},"geometry":{"type":"LineString","coordinates":[[-71.63978,-35.43808],[-71.63987,-35.43805]]}},{"type":"Feature","properties":{"nombre":"19 Oriente","jerarquia":5},"geometry":{"type":"LineString","coordinates":[[-71.64153,-35.43757],[-71.64157,-35.43764]]}},{"type":"Feature","properties":{"nombre":"21 Oriente","jerarquia":3},"geometry":{"type":"LineString","coordinates":[[-71.63922,-35.43831],[-71.63919,-35.43824]]}},{"type":"Feature","properties":{"nombre":"Avenida Circunvalación 30 Oriente","jerarquia":4},"geometry":{"type":"LineString","coordinates":[[-71.63336,-35.44051],[-71.63341,-35.44059]]}},{"type":"Feature","properties":{"nombre":"Avenida 8 Sur","jerarquia":4},"geometry":{"type":"LineString","coordinates":[[-71.63298,-35.44071],[-71.63325,-35.44057]]}},{"type":"Feature","properties":{"nombre":"Avenida 8 Sur","jerarquia":4},"geometry":{"type":"LineString","coordinates":[[-71.63325,-35.44057],[-71.63336,-35.44051]]}},{"type":"Feature","properties":{"nombre":"Avenida San Miguel","jerarquia":2},"geometry":{"type":"LineString","coordinates":[[-71.61082,-35.44117],[-71.60817,-35.44306]]}},{"type":"Feature","properties":{"nombre":"Avenida Las Rastras","jerarquia":4},"geometry":{"type":"LineString","coordinates":[[-71.61331,-35.43951],[-71.61325,-35.43943]]}},{"type":"Feature","properties":{"nombre":"Avenida San Miguel","jerarquia":2},"geometry":{"type":"LineString","coordinates":[[-71.6108,-35.44104],[-71.6125,-35.43985]]}},{"type":"Feature","properties":{"nombre":"","jerarquia":2},"geometry":{"type":"LineString","coordinates":[[-71.6125,-35.43985],[-71.61297,-35.43941],[-71.61304,-35.43919]]}},{"type":"Feature","properties":{"nombre":"18 Oriente","jerarquia":4},"geometry":{"type":"LineString","coordinates":[[-71.6401,-35.43073],[-71.6401,-35.43081]]}},{"type":"Feature","properties":{"nombre":"18 Oriente","jerarquia":4},"geometry":{"type":"LineString","coordinates":[[-71.6401,-35.43081],[-71.64005,-35.43097]]}},{"type":"Feature","properties":{"nombre":"","jerarquia":3},"geometry":{"type":"LineString","coordinates":[[-71.63991,-35.43097],[-71.64005,-35.43097]]}},{"type":"Feature","properties":{"nombre":"18 Oriente","jerarquia":4},"geometry":{"type":"LineString","coordinates":[[-71.63991,-35.43097],[-71.64,-35.43061]]}},{"type":"Feature","properties":{"nombre":"Avenida Andrés Vaccaro","jerarquia":3},"geometry":{"type":"LineString","coordinates":[[-71.63991,-35.43097],[-71.6397,-35.43117],[-71.63942,-35.43131]]}},{"type":"Feature","properties":{"nombre":"Avenida Andrés Vaccaro","jerarquia":3},"geometry":{"type":"LineString","coordinates":[[-71.63942,-35.43131],[-71.63928,-35.43137]]}},{"type":"Feature","properties":{"nombre":"18 Oriente","jerarquia":4},"geometry":{"type":"LineString","coordinates":[[-71.64013,-35.4316],[-71.63999,-35.43135]]}},{"type":"Feature","properties":{"nombre":"18 Oriente","jerarquia":4},"geometry":{"type":"LineString","coordinates":[[-71.63999,-35.43135],[-71.63993,-35.43123]]}},{"type":"Feature","properties":{"nombre":"","jerarquia":3},"geometry":{"type":"LineString","coordinates":[[-71.64008,-35.43122],[-71.63993,-35.43123]]}},{"type":"Feature","properties":{"nombre":"Avenida Alameda Bernardo O'Higgins","jerarquia":3},"geometry":{"type":"LineString","coordinates":[[-71.67575,-35.42145],[-71.6756,-35.42146]]}},{"type":"Feature","properties":{"nombre":"Avenida San Miguel","jerarquia":3},"geometry":{"type":"LineString","coordinates":[[-71.63723,-35.4319],[-71.6375,-35.43181]]}},{"type":"Feature","properties":{"nombre":"Avenida San Miguel","jerarquia":2},"geometry":{"type":"LineString","coordinates":[[-71.63659,-35.43217],[-71.63534,-35.43259]]}},{"type":"Feature","properties":{"nombre":"Calle 6 Sur","jerarquia":5},"geometry":{"type":"LineString","coordinates":[[-71.65129,-35.43441],[-71.65294,-35.43416]]}},{"type":"Feature","properties":{"nombre":"Calle 6 Sur","jerarquia":5},"geometry":{"type":"LineString","coordinates":[[-71.65097,-35.43445],[-71.65019,-35.43455]]}},{"type":"Feature","properties":{"nombre":"Calle 6 Sur","jerarquia":5},"geometry":{"type":"LineString","coordinates":[[-71.64905,-35.43461],[-71.64848,-35.43463]]}},{"type":"Feature","properties":{"nombre":"","jerarquia":1},"geometry":{"type":"LineString","coordinates":[[-71.60524,-35.38371],[-71.60534,-35.38368],[-71.60544,-35.38358]]}},{"type":"Feature","properties":{"nombre":"Ruta 5 Sur","jerarquia":1},"geometry":{"type":"LineString","coordinates":[[-71.63639,-35.43048],[-71.63466,-35.42614]]}},{"type":"Feature","properties":{"nombre":"Avenida Ignacio Carrera Pinto","jerarquia":3},"geometry":{"type":"LineString","coordinates":[[-71.68195,-35.43847],[-71.68161,-35.43795]]}},{"type":"Feature","properties":{"nombre":"Avenida Ignacio Carrera Pinto","jerarquia":3},"geometry":{"type":"LineString","coordinates":[[-71.68161,-35.43795],[-71.68145,-35.4377]]}},{"type":"Feature","properties":{"nombre":"Avenida Ignacio Carrera Pinto","jerarquia":3},"geometry":{"type":"LineString","coordinates":[[-71.68145,-35.4377],[-71.68097,-35.43697]]}},{"type":"Feature","properties":{"nombre":"Avenida Ignacio Carrera Pinto","jerarquia":3},"geometry":{"type":"LineString","coordinates":[[-71.68097,-35.43697],[-71.68069,-35.43654]]}},{"type":"Feature","properties":{"nombre":"Avenida Ignacio Carrera Pinto","jerarquia":3},"geometry":{"type":"LineString","coordinates":[[-71.68069,-35.43654],[-71.68061,-35.43641]]}},{"type":"Feature","properties":{"nombre":"Avenida Ignacio Carrera Pinto","jerarquia":3},"geometry":{"type":"LineString","coordinates":[[-71.68061,-35.43641],[-71.68039,-35.43608]]}},{"type":"Feature","properties":{"nombre":"Avenida Ignacio Carrera Pinto","jerarquia":3},"geometry":{"type":"LineString","coordinates":[[-71.682,-35.43853],[-71.68195,-35.43847]]}},{"type":"Feature","properties":{"nombre":"Avenida 8 Sur","jerarquia":3},"geometry":{"type":"LineString","coordinates":[[-71.64984,-35.43641],[-71.64866,-35.43651]]}},{"type":"Feature","properties":{"nombre":"Avenida Circunvalación 30 Oriente","jerarquia":5},"geometry":{"type":"LineString","coordinates":[[-71.63548,-35.44364],[-71.63599,-35.44439]]}},{"type":"Feature","properties":{"nombre":"Avenida Circunvalación 30 Oriente","jerarquia":5},"geometry":{"type":"LineString","coordinates":[[-71.63599,-35.44439],[-71.63604,-35.44447]]}},{"type":"Feature","properties":{"nombre":"Avenida Circunvalación 30 Oriente","jerarquia":5},"geometry":{"type":"LineString","coordinates":[[-71.63604,-35.44447],[-71.63652,-35.44519]]}},{"type":"Feature","properties":{"nombre":"Calle Paisaje Hermoso","jerarquia":5},"geometry":{"type":"LineString","coordinates":[[-71.67809,-35.45994],[-71.67773,-35.45929]]}},{"type":"Feature","properties":{"nombre":"Calle Paisaje Hermoso","jerarquia":5},"geometry":{"type":"LineString","coordinates":[[-71.67773,-35.45929],[-71.67772,-35.45925]]}},{"type":"Feature","properties":{"nombre":"Calle Paisaje Hermoso","jerarquia":5},"geometry":{"type":"LineString","coordinates":[[-71.67772,-35.45925],[-71.6776,-35.45889]]}},{"type":"Feature","properties":{"nombre":"Calle 3½ Sur","jerarquia":5},"geometry":{"type":"LineString","coordinates":[[-71.64567,-35.43184],[-71.64674,-35.43177]]}},{"type":"Feature","properties":{"nombre":"Calle 3½ Sur","jerarquia":5},"geometry":{"type":"LineString","coordinates":[[-71.64068,-35.43218],[-71.64101,-35.43216]]}},{"type":"Feature","properties":{"nombre":"Calle 3½ Sur","jerarquia":5},"geometry":{"type":"LineString","coordinates":[[-71.64101,-35.43216],[-71.64214,-35.43208]]}},{"type":"Feature","properties":{"nombre":"Calle 3½ Sur","jerarquia":5},"geometry":{"type":"LineString","coordinates":[[-71.64214,-35.43208],[-71.6433,-35.43201]]}},{"type":"Feature","properties":{"nombre":"Calle 3½ Sur","jerarquia":5},"geometry":{"type":"LineString","coordinates":[[-71.6433,-35.43201],[-71.64446,-35.43193]]}},{"type":"Feature","properties":{"nombre":"Calle 3½ Sur","jerarquia":5},"geometry":{"type":"LineString","coordinates":[[-71.64446,-35.43193],[-71.64546,-35.43186]]}},{"type":"Feature","properties":{"nombre":"Calle 3½ Sur","jerarquia":5},"geometry":{"type":"LineString","coordinates":[[-71.64546,-35.43186],[-71.6455,-35.43185]]}},{"type":"Feature","properties":{"nombre":"Ruta 5 Sur","jerarquia":1},"geometry":{"type":"LineString","coordinates":[[-71.6318,-35.41854],[-71.63215,-35.41943]]}},{"type":"Feature","properties":{"nombre":"Ruta 5 Sur","jerarquia":1},"geometry":{"type":"LineString","coordinates":[[-71.64236,-35.44552],[-71.64227,-35.44529]]}},{"type":"Feature","properties":{"nombre":"Ruta 5 Sur","jerarquia":1},"geometry":{"type":"LineString","coordinates":[[-71.64191,-35.44412],[-71.64214,-35.44468]]}},{"type":"Feature","properties":{"nombre":"Ruta 5 Sur","jerarquia":1},"geometry":{"type":"LineString","coordinates":[[-71.63846,-35.43544],[-71.63879,-35.43627]]}},{"type":"Feature","properties":{"nombre":"Ruta 5 Sur","jerarquia":1},"geometry":{"type":"LineString","coordinates":[[-71.63841,-35.43558],[-71.63811,-35.43483]]}},{"type":"Feature","properties":{"nombre":"Ruta 5 Sur","jerarquia":1},"geometry":{"type":"LineString","coordinates":[[-71.63466,-35.42614],[-71.63407,-35.42467]]}},{"type":"Feature","properties":{"nombre":"Calle 5 Oriente","jerarquia":5},"geometry":{"type":"LineString","coordinates":[[-71.65043,-35.39212],[-71.65071,-35.3934]]}},{"type":"Feature","properties":{"nombre":"Calle 5 Oriente","jerarquia":5},"geometry":{"type":"LineString","coordinates":[[-71.65071,-35.3934],[-71.65092,-35.39435]]}},{"type":"Feature","properties":{"nombre":"Calle 5 Oriente","jerarquia":5},"geometry":{"type":"LineString","coordinates":[[-71.65092,-35.39435],[-71.65101,-35.39476]]}},{"type":"Feature","properties":{"nombre":"Calle 5 Oriente","jerarquia":4},"geometry":{"type":"LineString","coordinates":[[-71.66307,-35.44162],[-71.66289,-35.44134],[-71.66284,-35.44118]]}},{"type":"Feature","properties":{"nombre":"Avenida Colín","jerarquia":3},"geometry":{"type":"LineString","coordinates":[[-71.68635,-35.44392],[-71.68592,-35.4434]]}},{"type":"Feature","properties":{"nombre":"Avenida Colín","jerarquia":3},"geometry":{"type":"LineString","coordinates":[[-71.68758,-35.44524],[-71.68763,-35.4453]]}},{"type":"Feature","properties":{"nombre":"26 Sur","jerarquia":5},"geometry":{"type":"LineString","coordinates":[[-71.68635,-35.44392],[-71.68645,-35.44386]]}},{"type":"Feature","properties":{"nombre":"Avenida Colín","jerarquia":3},"geometry":{"type":"LineString","coordinates":[[-71.68577,-35.44302],[-71.68584,-35.44311]]}},{"type":"Feature","properties":{"nombre":"9 Oriente","jerarquia":5},"geometry":{"type":"LineString","coordinates":[[-71.66601,-35.45983],[-71.66554,-35.45973]]}},{"type":"Feature","properties":{"nombre":"9 Oriente","jerarquia":5},"geometry":{"type":"LineString","coordinates":[[-71.66554,-35.45973],[-71.66502,-35.45961]]}},{"type":"Feature","properties":{"nombre":"9 Oriente","jerarquia":5},"geometry":{"type":"LineString","coordinates":[[-71.66502,-35.45961],[-71.66454,-35.45944]]}},{"type":"Feature","properties":{"nombre":"9 Oriente","jerarquia":5},"geometry":{"type":"LineString","coordinates":[[-71.66263,-35.456],[-71.66265,-35.45604]]}},{"type":"Feature","properties":{"nombre":"9 Oriente","jerarquia":5},"geometry":{"type":"LineString","coordinates":[[-71.66265,-35.45604],[-71.66336,-35.45726]]}},{"type":"Feature","properties":{"nombre":"9 Oriente","jerarquia":5},"geometry":{"type":"LineString","coordinates":[[-71.66336,-35.45726],[-71.66389,-35.45817]]}},{"type":"Feature","properties":{"nombre":"9 Oriente","jerarquia":5},"geometry":{"type":"LineString","coordinates":[[-71.66389,-35.45817],[-71.66408,-35.45849]]}},{"type":"Feature","properties":{"nombre":"9 Oriente","jerarquia":5},"geometry":{"type":"LineString","coordinates":[[-71.66408,-35.45849],[-71.66425,-35.45878]]}},{"type":"Feature","properties":{"nombre":"9 Oriente","jerarquia":5},"geometry":{"type":"LineString","coordinates":[[-71.66425,-35.45878],[-71.66442,-35.45906]]}},{"type":"Feature","properties":{"nombre":"9 Oriente","jerarquia":5},"geometry":{"type":"LineString","coordinates":[[-71.66442,-35.45906],[-71.66462,-35.45941]]}},{"type":"Feature","properties":{"nombre":"9 Oriente","jerarquia":5},"geometry":{"type":"LineString","coordinates":[[-71.66169,-35.45457],[-71.66096,-35.45331]]}},{"type":"Feature","properties":{"nombre":"9 Oriente","jerarquia":5},"geometry":{"type":"LineString","coordinates":[[-71.66096,-35.45331],[-71.66029,-35.45216],[-71.6603,-35.45202]]}},{"type":"Feature","properties":{"nombre":"Calle 18 Sur","jerarquia":4},"geometry":{"type":"LineString","coordinates":[[-71.67761,-35.44048],[-71.67531,-35.44153]]}},{"type":"Feature","properties":{"nombre":"Calle 18 Sur","jerarquia":4},"geometry":{"type":"LineString","coordinates":[[-71.67531,-35.44153],[-71.67519,-35.44158]]}},{"type":"Feature","properties":{"nombre":"Calle 18 Sur","jerarquia":4},"geometry":{"type":"LineString","coordinates":[[-71.68195,-35.43847],[-71.68211,-35.4385]]}},{"type":"Feature","properties":{"nombre":"Calle 18 Sur","jerarquia":4},"geometry":{"type":"LineString","coordinates":[[-71.67508,-35.44155],[-71.67566,-35.44129]]}},{"type":"Feature","properties":{"nombre":"Calle 18 Sur","jerarquia":4},"geometry":{"type":"LineString","coordinates":[[-71.67566,-35.44129],[-71.67715,-35.4406]]}},{"type":"Feature","properties":{"nombre":"Calle 18 Sur","jerarquia":4},"geometry":{"type":"LineString","coordinates":[[-71.67715,-35.4406],[-71.67756,-35.44041]]}},{"type":"Feature","properties":{"nombre":"14 Sur","jerarquia":5},"geometry":{"type":"LineString","coordinates":[[-71.67986,-35.43523],[-71.67979,-35.43528]]}},{"type":"Feature","properties":{"nombre":"14 Sur","jerarquia":5},"geometry":{"type":"LineString","coordinates":[[-71.67979,-35.43528],[-71.67928,-35.43566]]}},{"type":"Feature","properties":{"nombre":"14 Sur","jerarquia":5},"geometry":{"type":"LineString","coordinates":[[-71.67928,-35.43566],[-71.67889,-35.43595]]}},{"type":"Feature","properties":{"nombre":"14 Sur","jerarquia":5},"geometry":{"type":"LineString","coordinates":[[-71.67889,-35.43595],[-71.67849,-35.43625]]}},{"type":"Feature","properties":{"nombre":"14 Sur","jerarquia":5},"geometry":{"type":"LineString","coordinates":[[-71.67849,-35.43625],[-71.67785,-35.43671]]}},{"type":"Feature","properties":{"nombre":"Calle 4 Poniente","jerarquia":5},"geometry":{"type":"LineString","coordinates":[[-71.67508,-35.44155],[-71.67505,-35.44146]]}},{"type":"Feature","properties":{"nombre":"Calle 4 Poniente","jerarquia":5},"geometry":{"type":"LineString","coordinates":[[-71.67505,-35.44146],[-71.67487,-35.441]]}},{"type":"Feature","properties":{"nombre":"Calle 4 Poniente","jerarquia":5},"geometry":{"type":"LineString","coordinates":[[-71.67487,-35.441],[-71.67467,-35.44047]]}},{"type":"Feature","properties":{"nombre":"Calle 4 Poniente","jerarquia":5},"geometry":{"type":"LineString","coordinates":[[-71.67467,-35.44047],[-71.67453,-35.4401]]}},{"type":"Feature","properties":{"nombre":"Calle 4 Poniente","jerarquia":5},"geometry":{"type":"LineString","coordinates":[[-71.67453,-35.4401],[-71.67436,-35.43964]]}},{"type":"Feature","properties":{"nombre":"Calle 4 Poniente","jerarquia":5},"geometry":{"type":"LineString","coordinates":[[-71.67436,-35.43964],[-71.67419,-35.43918]]}},{"type":"Feature","properties":{"nombre":"Calle 4 Poniente","jerarquia":5},"geometry":{"type":"LineString","coordinates":[[-71.67419,-35.43918],[-71.67414,-35.43905]]}},{"type":"Feature","properties":{"nombre":"Calle 14 Poniente","jerarquia":5},"geometry":{"type":"LineString","coordinates":[[-71.69059,-35.44178],[-71.69062,-35.44169]]}},{"type":"Feature","properties":{"nombre":"Calle 14 Poniente","jerarquia":5},"geometry":{"type":"LineString","coordinates":[[-71.69062,-35.44169],[-71.69056,-35.44159]]}},{"type":"Feature","properties":{"nombre":"Calle 14 Poniente","jerarquia":5},"geometry":{"type":"LineString","coordinates":[[-71.69316,-35.44673],[-71.69265,-35.4458]]}},{"type":"Feature","properties":{"nombre":"Calle 14 Poniente","jerarquia":5},"geometry":{"type":"LineString","coordinates":[[-71.69265,-35.4458],[-71.69249,-35.44552]]}},{"type":"Feature","properties":{"nombre":"Calle 14 Poniente","jerarquia":5},"geometry":{"type":"LineString","coordinates":[[-71.69249,-35.44552],[-71.69197,-35.44453]]}},{"type":"Feature","properties":{"nombre":"Calle 14 Poniente","jerarquia":5},"geometry":{"type":"LineString","coordinates":[[-71.69197,-35.44453],[-71.69191,-35.44442]]}},{"type":"Feature","properties":{"nombre":"Calle Río Claro","jerarquia":5},"geometry":{"type":"LineString","coordinates":[[-71.69295,-35.45194],[-71.69338,-35.45181]]}},{"type":"Feature","properties":{"nombre":"Calle Río Claro","jerarquia":5},"geometry":{"type":"LineString","coordinates":[[-71.69338,-35.45181],[-71.69378,-35.45168]]}},{"type":"Feature","properties":{"nombre":"Calle Río Claro","jerarquia":5},"geometry":{"type":"LineString","coordinates":[[-71.69378,-35.45168],[-71.6951,-35.45124]]}},{"type":"Feature","properties":{"nombre":"Calle Río Claro","jerarquia":5},"geometry":{"type":"LineString","coordinates":[[-71.6951,-35.45124],[-71.69619,-35.45087]]}},{"type":"Feature","properties":{"nombre":"Avenida Colín","jerarquia":3},"geometry":{"type":"LineString","coordinates":[[-71.68908,-35.44726],[-71.68897,-35.44712]]}},{"type":"Feature","properties":{"nombre":"Avenida Colín","jerarquia":3},"geometry":{"type":"LineString","coordinates":[[-71.68864,-35.44672],[-71.68833,-35.44634]]}},{"type":"Feature","properties":{"nombre":"Avenida Colín","jerarquia":3},"geometry":{"type":"LineString","coordinates":[[-71.68833,-35.44634],[-71.68807,-35.44602]]}},{"type":"Feature","properties":{"nombre":"Avenida Colín","jerarquia":3},"geometry":{"type":"LineString","coordinates":[[-71.68807,-35.44602],[-71.68795,-35.44588]]}},{"type":"Feature","properties":{"nombre":"Avenida Colín","jerarquia":3},"geometry":{"type":"LineString","coordinates":[[-71.69024,-35.44873],[-71.68994,-35.4483]]}},{"type":"Feature","properties":{"nombre":"Avenida Colín","jerarquia":3},"geometry":{"type":"LineString","coordinates":[[-71.68704,-35.44477],[-71.68693,-35.44465]]}},{"type":"Feature","properties":{"nombre":"Avenida Colín","jerarquia":3},"geometry":{"type":"LineString","coordinates":[[-71.68693,-35.44465],[-71.68649,-35.4441]]}},{"type":"Feature","properties":{"nombre":"Avenida Colín","jerarquia":3},"geometry":{"type":"LineString","coordinates":[[-71.68649,-35.4441],[-71.68642,-35.44401]]}},{"type":"Feature","properties":{"nombre":"Avenida Colín","jerarquia":3},"geometry":{"type":"LineString","coordinates":[[-71.68635,-35.44374],[-71.68638,-35.44377]]}},{"type":"Feature","properties":{"nombre":"Avenida Colín","jerarquia":3},"geometry":{"type":"LineString","coordinates":[[-71.68638,-35.44377],[-71.68645,-35.44386]]}},{"type":"Feature","properties":{"nombre":"Avenida Colín","jerarquia":3},"geometry":{"type":"LineString","coordinates":[[-71.68539,-35.44257],[-71.68577,-35.44302]]}},{"type":"Feature","properties":{"nombre":"Avenida Ignacio Carrera Pinto","jerarquia":3},"geometry":{"type":"LineString","coordinates":[[-71.68245,-35.43912],[-71.68216,-35.43875]]}},{"type":"Feature","properties":{"nombre":"Avenida Ignacio Carrera Pinto","jerarquia":3},"geometry":{"type":"LineString","coordinates":[[-71.68216,-35.43875],[-71.68206,-35.43862]]}},{"type":"Feature","properties":{"nombre":"Avenida Ignacio Carrera Pinto","jerarquia":3},"geometry":{"type":"LineString","coordinates":[[-71.68206,-35.43862],[-71.682,-35.43853]]}},{"type":"Feature","properties":{"nombre":"Avenida Ignacio Carrera Pinto","jerarquia":3},"geometry":{"type":"LineString","coordinates":[[-71.68161,-35.43772],[-71.68205,-35.4384]]}},{"type":"Feature","properties":{"nombre":"Avenida Ignacio Carrera Pinto","jerarquia":3},"geometry":{"type":"LineString","coordinates":[[-71.68205,-35.4384],[-71.68211,-35.4385]]}},{"type":"Feature","properties":{"nombre":"Avenida Ignacio Carrera Pinto","jerarquia":3},"geometry":{"type":"LineString","coordinates":[[-71.68211,-35.4385],[-71.68214,-35.43853]]}},{"type":"Feature","properties":{"nombre":"Avenida Ignacio Carrera Pinto","jerarquia":3},"geometry":{"type":"LineString","coordinates":[[-71.67986,-35.43523],[-71.67973,-35.43502]]}},{"type":"Feature","properties":{"nombre":"Avenida 21 Norte","jerarquia":5},"geometry":{"type":"LineString","coordinates":[[-71.61943,-35.41348],[-71.62018,-35.41292]]}},{"type":"Feature","properties":{"nombre":"Avenida 21 Norte","jerarquia":5},"geometry":{"type":"LineString","coordinates":[[-71.62018,-35.41292],[-71.6206,-35.41261]]}},{"type":"Feature","properties":{"nombre":"Avenida 21 Norte","jerarquia":5},"geometry":{"type":"LineString","coordinates":[[-71.61921,-35.41363],[-71.61943,-35.41348]]}},{"type":"Feature","properties":{"nombre":"Calle 25 Oriente","jerarquia":5},"geometry":{"type":"LineString","coordinates":[[-71.62098,-35.41233],[-71.6212,-35.41254]]}},{"type":"Feature","properties":{"nombre":"Avenida Sandoval","jerarquia":5},"geometry":{"type":"LineString","coordinates":[[-71.61964,-35.41371],[-71.62019,-35.41395]]}},{"type":"Feature","properties":{"nombre":"Avenida Sandoval","jerarquia":5},"geometry":{"type":"LineString","coordinates":[[-71.62019,-35.41395],[-71.62062,-35.41413]]}},{"type":"Feature","properties":{"nombre":"Avenida Sandoval","jerarquia":5},"geometry":{"type":"LineString","coordinates":[[-71.62062,-35.41413],[-71.62106,-35.41431]]}},{"type":"Feature","properties":{"nombre":"Avenida Sandoval","jerarquia":5},"geometry":{"type":"LineString","coordinates":[[-71.62106,-35.41431],[-71.62149,-35.4145]]}},{"type":"Feature","properties":{"nombre":"Avenida Sandoval","jerarquia":5},"geometry":{"type":"LineString","coordinates":[[-71.62149,-35.4145],[-71.6219,-35.41467]]}},{"type":"Feature","properties":{"nombre":"Avenida Sandoval","jerarquia":5},"geometry":{"type":"LineString","coordinates":[[-71.6219,-35.41467],[-71.62299,-35.41514]]}},{"type":"Feature","properties":{"nombre":"Calle 25 Oriente","jerarquia":5},"geometry":{"type":"LineString","coordinates":[[-71.61956,-35.41064],[-71.6196,-35.41069]]}},{"type":"Feature","properties":{"nombre":"Calle 25 Oriente","jerarquia":5},"geometry":{"type":"LineString","coordinates":[[-71.6196,-35.41069],[-71.62005,-35.41123]]}},{"type":"Feature","properties":{"nombre":"Calle 25 Oriente","jerarquia":5},"geometry":{"type":"LineString","coordinates":[[-71.62005,-35.41123],[-71.62012,-35.41131]]}},{"type":"Feature","properties":{"nombre":"Calle 25 Oriente","jerarquia":5},"geometry":{"type":"LineString","coordinates":[[-71.62012,-35.41131],[-71.62021,-35.41142]]}},{"type":"Feature","properties":{"nombre":"Calle 25 Oriente","jerarquia":5},"geometry":{"type":"LineString","coordinates":[[-71.62021,-35.41142],[-71.62039,-35.41164]]}},{"type":"Feature","properties":{"nombre":"Calle 25 Oriente","jerarquia":5},"geometry":{"type":"LineString","coordinates":[[-71.62039,-35.41164],[-71.62065,-35.41194]]}},{"type":"Feature","properties":{"nombre":"Calle 25 Oriente","jerarquia":5},"geometry":{"type":"LineString","coordinates":[[-71.62065,-35.41194],[-71.62092,-35.41227]]}},{"type":"Feature","properties":{"nombre":"Calle 25 Oriente","jerarquia":5},"geometry":{"type":"LineString","coordinates":[[-71.62092,-35.41227],[-71.62098,-35.41233]]}},{"type":"Feature","properties":{"nombre":"Avenida 8 Sur","jerarquia":4},"geometry":{"type":"LineString","coordinates":[[-71.63552,-35.43943],[-71.63581,-35.43927]]}},{"type":"Feature","properties":{"nombre":"Calle 2 Sur","jerarquia":3},"geometry":{"type":"LineString","coordinates":[[-71.65419,-35.42924],[-71.65406,-35.42925]]}},{"type":"Feature","properties":{"nombre":"Calle 2 Sur","jerarquia":3},"geometry":{"type":"LineString","coordinates":[[-71.65406,-35.42925],[-71.65234,-35.42939]]}},{"type":"Feature","properties":{"nombre":"Calle 2 Sur","jerarquia":3},"geometry":{"type":"LineString","coordinates":[[-71.65234,-35.42939],[-71.6522,-35.4294]]}},{"type":"Feature","properties":{"nombre":"Calle 2 Sur","jerarquia":3},"geometry":{"type":"LineString","coordinates":[[-71.65539,-35.42927],[-71.6551,-35.42916]]}},{"type":"Feature","properties":{"nombre":"Calle 2 Norte","jerarquia":4},"geometry":{"type":"LineString","coordinates":[[-71.62779,-35.43147],[-71.62776,-35.43148]]}},{"type":"Feature","properties":{"nombre":"Calle 2 Norte","jerarquia":4},"geometry":{"type":"LineString","coordinates":[[-71.62776,-35.43148],[-71.62745,-35.43157]]}},{"type":"Feature","properties":{"nombre":"Avenida 8 Sur","jerarquia":3},"geometry":{"type":"LineString","coordinates":[[-71.64157,-35.43764],[-71.64057,-35.43792]]}},{"type":"Feature","properties":{"nombre":"Avenida 8 Sur","jerarquia":3},"geometry":{"type":"LineString","coordinates":[[-71.64085,-35.43777],[-71.64147,-35.43759]]}},{"type":"Feature","properties":{"nombre":"Avenida 8 Sur","jerarquia":3},"geometry":{"type":"LineString","coordinates":[[-71.64147,-35.43759],[-71.64153,-35.43757]]}},{"type":"Feature","properties":{"nombre":"Avenida San Miguel","jerarquia":2},"geometry":{"type":"LineString","coordinates":[[-71.63202,-35.43355],[-71.6327,-35.43333]]}},{"type":"Feature","properties":{"nombre":"Avenida San Miguel","jerarquia":2},"geometry":{"type":"LineString","coordinates":[[-71.6344,-35.43289],[-71.63379,-35.43308]]}},{"type":"Feature","properties":{"nombre":"Avenida San Miguel","jerarquia":2},"geometry":{"type":"LineString","coordinates":[[-71.63379,-35.43308],[-71.63365,-35.43312]]}},{"type":"Feature","properties":{"nombre":"Avenida San Miguel","jerarquia":2},"geometry":{"type":"LineString","coordinates":[[-71.63471,-35.43279],[-71.6344,-35.43289]]}},{"type":"Feature","properties":{"nombre":"Avenida San Miguel","jerarquia":2},"geometry":{"type":"LineString","coordinates":[[-71.63472,-35.43269],[-71.63679,-35.43204]]}},{"type":"Feature","properties":{"nombre":"Avenida San Miguel","jerarquia":2},"geometry":{"type":"LineString","coordinates":[[-71.63679,-35.43204],[-71.63682,-35.43203]]}},{"type":"Feature","properties":{"nombre":"Avenida Circunvalación","jerarquia":3},"geometry":{"type":"LineString","coordinates":[[-71.66324,-35.40406],[-71.66296,-35.40381]]}},{"type":"Feature","properties":{"nombre":"Avenida Circunvalación","jerarquia":3},"geometry":{"type":"LineString","coordinates":[[-71.6635,-35.40428],[-71.66324,-35.40406]]}},{"type":"Feature","properties":{"nombre":"Avenida Circunvalación","jerarquia":3},"geometry":{"type":"LineString","coordinates":[[-71.66296,-35.40381],[-71.66202,-35.40298],[-71.66119,-35.40234]]}},{"type":"Feature","properties":{"nombre":"14 Norte","jerarquia":5},"geometry":{"type":"LineString","coordinates":[[-71.66324,-35.40406],[-71.66303,-35.40423]]}},{"type":"Feature","properties":{"nombre":"Ruta K-380","jerarquia":5},"geometry":{"type":"LineString","coordinates":[[-71.74745,-35.48051],[-71.74741,-35.48008]]}},{"type":"Feature","properties":{"nombre":"Ruta K-380","jerarquia":5},"geometry":{"type":"LineString","coordinates":[[-71.74741,-35.48008],[-71.74732,-35.47919]]}},{"type":"Feature","properties":{"nombre":"Ruta K-380","jerarquia":5},"geometry":{"type":"LineString","coordinates":[[-71.74732,-35.47919],[-71.74692,-35.47661],[-71.74689,-35.47613]]}},{"type":"Feature","properties":{"nombre":"Ruta K-380","jerarquia":5},"geometry":{"type":"LineString","coordinates":[[-71.74689,-35.47613],[-71.74667,-35.47412]]}},{"type":"Feature","properties":{"nombre":"Ruta K-380","jerarquia":5},"geometry":{"type":"LineString","coordinates":[[-71.74667,-35.47412],[-71.74658,-35.47321]]}},{"type":"Feature","properties":{"nombre":"Ruta K-380","jerarquia":5},"geometry":{"type":"LineString","coordinates":[[-71.74658,-35.47321],[-71.74648,-35.47188],[-71.74647,-35.47098]]}},{"type":"Feature","properties":{"nombre":"Calle 14 Oriente","jerarquia":5},"geometry":{"type":"LineString","coordinates":[[-71.64528,-35.42342],[-71.6454,-35.42329]]}},{"type":"Feature","properties":{"nombre":"Calle 14 Oriente","jerarquia":5},"geometry":{"type":"LineString","coordinates":[[-71.6454,-35.42329],[-71.64551,-35.42313]]}},{"type":"Feature","properties":{"nombre":"Calle 14 Oriente","jerarquia":5},"geometry":{"type":"LineString","coordinates":[[-71.64551,-35.42313],[-71.64549,-35.42288]]}},{"type":"Feature","properties":{"nombre":"Calle 14 Oriente","jerarquia":5},"geometry":{"type":"LineString","coordinates":[[-71.64523,-35.42353],[-71.64528,-35.42342]]}},{"type":"Feature","properties":{"nombre":"18 Oriente","jerarquia":5},"geometry":{"type":"LineString","coordinates":[[-71.6382,-35.42522],[-71.6373,-35.42372]]}},{"type":"Feature","properties":{"nombre":"18 Oriente","jerarquia":5},"geometry":{"type":"LineString","coordinates":[[-71.63827,-35.42535],[-71.6382,-35.42522]]}},{"type":"Feature","properties":{"nombre":"","jerarquia":5},"geometry":{"type":"LineString","coordinates":[[-71.62863,-35.40973],[-71.62877,-35.40954]]}},{"type":"Feature","properties":{"nombre":"","jerarquia":5},"geometry":{"type":"LineString","coordinates":[[-71.62877,-35.40954],[-71.62877,-35.40946]]}},{"type":"Feature","properties":{"nombre":"17 Norte","jerarquia":5},"geometry":{"type":"LineString","coordinates":[[-71.63647,-35.41778],[-71.63621,-35.41803],[-71.63525,-35.41867]]}},{"type":"Feature","properties":{"nombre":"Calle 23 Oriente","jerarquia":5},"geometry":{"type":"LineString","coordinates":[[-71.63162,-35.42709],[-71.63157,-35.42699]]}},{"type":"Feature","properties":{"nombre":"Avenida Circunvalación 30 Oriente","jerarquia":5},"geometry":{"type":"LineString","coordinates":[[-71.62731,-35.42961],[-71.62763,-35.43019]]}},{"type":"Feature","properties":{"nombre":"Avenida Circunvalación 30 Oriente","jerarquia":5},"geometry":{"type":"LineString","coordinates":[[-71.62763,-35.43019],[-71.6279,-35.43072]]}},{"type":"Feature","properties":{"nombre":"Avenida Circunvalación 30 Oriente","jerarquia":5},"geometry":{"type":"LineString","coordinates":[[-71.6279,-35.43072],[-71.62793,-35.43077]]}},{"type":"Feature","properties":{"nombre":"Avenida Circunvalación 30 Oriente","jerarquia":5},"geometry":{"type":"LineString","coordinates":[[-71.62793,-35.43077],[-71.62813,-35.43121]]}},{"type":"Feature","properties":{"nombre":"Avenida Circunvalación 30 Oriente","jerarquia":5},"geometry":{"type":"LineString","coordinates":[[-71.62813,-35.43121],[-71.62817,-35.43129]]}},{"type":"Feature","properties":{"nombre":"Calle 2 Norte","jerarquia":4},"geometry":{"type":"LineString","coordinates":[[-71.63304,-35.42983],[-71.63454,-35.42938]]}},{"type":"Feature","properties":{"nombre":"Calle 2 Norte","jerarquia":4},"geometry":{"type":"LineString","coordinates":[[-71.63454,-35.42938],[-71.63505,-35.42923]]}},{"type":"Feature","properties":{"nombre":"Calle 23 Oriente","jerarquia":5},"geometry":{"type":"LineString","coordinates":[[-71.63157,-35.42699],[-71.63152,-35.42689]]}},{"type":"Feature","properties":{"nombre":"Calle 23 Oriente","jerarquia":5},"geometry":{"type":"LineString","coordinates":[[-71.63163,-35.42711],[-71.63162,-35.42709]]}},{"type":"Feature","properties":{"nombre":"Avenida Circunvalación 30 Oriente","jerarquia":4},"geometry":{"type":"LineString","coordinates":[[-71.63252,-35.4393],[-71.63327,-35.44039]]}},{"type":"Feature","properties":{"nombre":"Avenida Circunvalación 30 Oriente","jerarquia":4},"geometry":{"type":"LineString","coordinates":[[-71.63327,-35.44039],[-71.63336,-35.44051]]}},{"type":"Feature","properties":{"nombre":"Avenida Circunvalación 30 Oriente","jerarquia":5},"geometry":{"type":"LineString","coordinates":[[-71.62531,-35.4243],[-71.62524,-35.42467],[-71.62527,-35.42512]]}},{"type":"Feature","properties":{"nombre":"Avenida Circunvalación 30 Oriente","jerarquia":5},"geometry":{"type":"LineString","coordinates":[[-71.62527,-35.42512],[-71.62537,-35.42546]]}},{"type":"Feature","properties":{"nombre":"Avenida Circunvalación 30 Oriente","jerarquia":5},"geometry":{"type":"LineString","coordinates":[[-71.62537,-35.42546],[-71.6255,-35.42576]]}},{"type":"Feature","properties":{"nombre":"Avenida Circunvalación 30 Oriente","jerarquia":5},"geometry":{"type":"LineString","coordinates":[[-71.6255,-35.42576],[-71.62564,-35.42608]]}},{"type":"Feature","properties":{"nombre":"Avenida Circunvalación 30 Oriente","jerarquia":5},"geometry":{"type":"LineString","coordinates":[[-71.62564,-35.42608],[-71.62578,-35.4264]]}},{"type":"Feature","properties":{"nombre":"Avenida Circunvalación 30 Oriente","jerarquia":5},"geometry":{"type":"LineString","coordinates":[[-71.62578,-35.4264],[-71.62591,-35.42673]]}},{"type":"Feature","properties":{"nombre":"Avenida Circunvalación 30 Oriente","jerarquia":5},"geometry":{"type":"LineString","coordinates":[[-71.62591,-35.42673],[-71.62606,-35.42706]]}},{"type":"Feature","properties":{"nombre":"Calle 2 Norte","jerarquia":4},"geometry":{"type":"LineString","coordinates":[[-71.63234,-35.4301],[-71.63181,-35.43025]]}},{"type":"Feature","properties":{"nombre":"Calle 2 Norte","jerarquia":4},"geometry":{"type":"LineString","coordinates":[[-71.63181,-35.43025],[-71.63093,-35.4305]]}},{"type":"Feature","properties":{"nombre":"Calle 2 Sur","jerarquia":3},"geometry":{"type":"LineString","coordinates":[[-71.6551,-35.42916],[-71.65434,-35.42922]]}},{"type":"Feature","properties":{"nombre":"Calle 2 Sur","jerarquia":3},"geometry":{"type":"LineString","coordinates":[[-71.65434,-35.42922],[-71.65419,-35.42924]]}},{"type":"Feature","properties":{"nombre":"Calle 2 Sur","jerarquia":3},"geometry":{"type":"LineString","coordinates":[[-71.6522,-35.4294],[-71.65208,-35.42941]]}},{"type":"Feature","properties":{"nombre":"Calle 2 Sur","jerarquia":3},"geometry":{"type":"LineString","coordinates":[[-71.65208,-35.42941],[-71.65123,-35.42947]]}},{"type":"Feature","properties":{"nombre":"Calle 2 Sur","jerarquia":3},"geometry":{"type":"LineString","coordinates":[[-71.65096,-35.42936],[-71.65123,-35.42947]]}},{"type":"Feature","properties":{"nombre":"Calle 2 Sur","jerarquia":3},"geometry":{"type":"LineString","coordinates":[[-71.6551,-35.42916],[-71.65533,-35.42903]]}},{"type":"Feature","properties":{"nombre":"Calle 1 Oriente","jerarquia":4},"geometry":{"type":"LineString","coordinates":[[-71.66548,-35.42839],[-71.66557,-35.42941]]}},{"type":"Feature","properties":{"nombre":"Calle 2 Sur","jerarquia":3},"geometry":{"type":"LineString","coordinates":[[-71.66493,-35.42837],[-71.66423,-35.42842]]}},{"type":"Feature","properties":{"nombre":"Calle 2 Sur","jerarquia":3},"geometry":{"type":"LineString","coordinates":[[-71.66423,-35.42842],[-71.66411,-35.42843]]}},{"type":"Feature","properties":{"nombre":"Calle 2 Sur","jerarquia":3},"geometry":{"type":"LineString","coordinates":[[-71.65768,-35.42895],[-71.65752,-35.429],[-71.65731,-35.42916]]}},{"type":"Feature","properties":{"nombre":"Calle 1 Sur","jerarquia":5},"geometry":{"type":"LineString","coordinates":[[-71.66264,-35.4274],[-71.66387,-35.42729]]}},{"type":"Feature","properties":{"nombre":"Calle 1 Sur","jerarquia":5},"geometry":{"type":"LineString","coordinates":[[-71.66387,-35.42729],[-71.66399,-35.42728]]}},{"type":"Feature","properties":{"nombre":"Calle 1 Sur","jerarquia":5},"geometry":{"type":"LineString","coordinates":[[-71.66399,-35.42728],[-71.66525,-35.42718]]}},{"type":"Feature","properties":{"nombre":"Calle 1 Sur","jerarquia":5},"geometry":{"type":"LineString","coordinates":[[-71.66525,-35.42718],[-71.66536,-35.42716]]}},{"type":"Feature","properties":{"nombre":"Calle Paisaje Hermoso","jerarquia":5},"geometry":{"type":"LineString","coordinates":[[-71.6787,-35.46101],[-71.6785,-35.46062]]}},{"type":"Feature","properties":{"nombre":"Calle Paisaje Hermoso","jerarquia":5},"geometry":{"type":"LineString","coordinates":[[-71.6785,-35.46062],[-71.6783,-35.46029]]}},{"type":"Feature","properties":{"nombre":"Calle Paisaje Hermoso","jerarquia":5},"geometry":{"type":"LineString","coordinates":[[-71.6783,-35.46029],[-71.67809,-35.45994]]}},{"type":"Feature","properties":{"nombre":"32 Sur","jerarquia":5},"geometry":{"type":"LineString","coordinates":[[-71.67584,-35.45155],[-71.67654,-35.45142]]}},{"type":"Feature","properties":{"nombre":"32 Sur","jerarquia":5},"geometry":{"type":"LineString","coordinates":[[-71.67654,-35.45142],[-71.67701,-35.45133]]}},{"type":"Feature","properties":{"nombre":"32 Sur","jerarquia":5},"geometry":{"type":"LineString","coordinates":[[-71.67701,-35.45133],[-71.67749,-35.45124]]}},{"type":"Feature","properties":{"nombre":"32 Sur","jerarquia":5},"geometry":{"type":"LineString","coordinates":[[-71.67749,-35.45124],[-71.67799,-35.45116]]}},{"type":"Feature","properties":{"nombre":"32 Sur","jerarquia":5},"geometry":{"type":"LineString","coordinates":[[-71.67799,-35.45116],[-71.67827,-35.45107]]}},{"type":"Feature","properties":{"nombre":"32 Sur","jerarquia":5},"geometry":{"type":"LineString","coordinates":[[-71.67827,-35.45107],[-71.6787,-35.45099]]}},{"type":"Feature","properties":{"nombre":"Avenida San Miguel","jerarquia":2},"geometry":{"type":"LineString","coordinates":[[-71.62293,-35.43641],[-71.62738,-35.43501]]}},{"type":"Feature","properties":{"nombre":"Avenida San Miguel","jerarquia":2},"geometry":{"type":"LineString","coordinates":[[-71.61325,-35.43943],[-71.61596,-35.43862]]}},{"type":"Feature","properties":{"nombre":"","jerarquia":2},"geometry":{"type":"LineString","coordinates":[[-71.63428,-35.43283],[-71.63443,-35.43257]]}},{"type":"Feature","properties":{"nombre":"Avenida San Miguel","jerarquia":2},"geometry":{"type":"LineString","coordinates":[[-71.63428,-35.43283],[-71.63452,-35.43275]]}},{"type":"Feature","properties":{"nombre":"Avenida San Miguel","jerarquia":2},"geometry":{"type":"LineString","coordinates":[[-71.6333,-35.43314],[-71.63428,-35.43283]]}},{"type":"Feature","properties":{"nombre":"Avenida San Miguel","jerarquia":2},"geometry":{"type":"LineString","coordinates":[[-71.6327,-35.43333],[-71.6333,-35.43314]]}},{"type":"Feature","properties":{"nombre":"Avenida San Miguel","jerarquia":2},"geometry":{"type":"LineString","coordinates":[[-71.63534,-35.43259],[-71.63471,-35.43279]]}},{"type":"Feature","properties":{"nombre":"21 Oriente","jerarquia":2},"geometry":{"type":"LineString","coordinates":[[-71.63685,-35.43209],[-71.63682,-35.43203]]}},{"type":"Feature","properties":{"nombre":"21 Oriente","jerarquia":2},"geometry":{"type":"LineString","coordinates":[[-71.63695,-35.43233],[-71.63687,-35.43213]]}},{"type":"Feature","properties":{"nombre":"21 Oriente","jerarquia":2},"geometry":{"type":"LineString","coordinates":[[-71.63687,-35.43213],[-71.63685,-35.43209]]}},{"type":"Feature","properties":{"nombre":"21 Oriente","jerarquia":2},"geometry":{"type":"LineString","coordinates":[[-71.6372,-35.43301],[-71.63695,-35.43233]]}},{"type":"Feature","properties":{"nombre":"Avenida 8 Sur","jerarquia":3},"geometry":{"type":"LineString","coordinates":[[-71.64571,-35.43666],[-71.64597,-35.43663]]}},{"type":"Feature","properties":{"nombre":"Avenida 8 Sur","jerarquia":3},"geometry":{"type":"LineString","coordinates":[[-71.64597,-35.43663],[-71.64609,-35.43656]]}},{"type":"Feature","properties":{"nombre":"Calle 3 Sur","jerarquia":5},"geometry":{"type":"LineString","coordinates":[[-71.64809,-35.4307],[-71.64665,-35.4308]]}},{"type":"Feature","properties":{"nombre":"Calle 12 Oriente","jerarquia":5},"geometry":{"type":"LineString","coordinates":[[-71.64784,-35.42754],[-71.64789,-35.42849]]}},{"type":"Feature","properties":{"nombre":"Calle 12 Oriente","jerarquia":5},"geometry":{"type":"LineString","coordinates":[[-71.64789,-35.42849],[-71.6479,-35.42863]]}},{"type":"Feature","properties":{"nombre":"Calle 1 Sur","jerarquia":4},"geometry":{"type":"LineString","coordinates":[[-71.64609,-35.42876],[-71.6463,-35.42874]]}},{"type":"Feature","properties":{"nombre":"Calle 1 Sur","jerarquia":4},"geometry":{"type":"LineString","coordinates":[[-71.6463,-35.42874],[-71.64646,-35.42873]]}},{"type":"Feature","properties":{"nombre":"Calle 1 Sur","jerarquia":4},"geometry":{"type":"LineString","coordinates":[[-71.64646,-35.42873],[-71.64774,-35.42864]]}},{"type":"Feature","properties":{"nombre":"Calle 1 Sur","jerarquia":4},"geometry":{"type":"LineString","coordinates":[[-71.64774,-35.42864],[-71.6479,-35.42863]]}},{"type":"Feature","properties":{"nombre":"18 Oriente","jerarquia":4},"geometry":{"type":"LineString","coordinates":[[-71.64062,-35.4321],[-71.64068,-35.43218]]}},{"type":"Feature","properties":{"nombre":"18 Oriente","jerarquia":4},"geometry":{"type":"LineString","coordinates":[[-71.64068,-35.43218],[-71.64109,-35.43281]]}},{"type":"Feature","properties":{"nombre":"18 Oriente","jerarquia":4},"geometry":{"type":"LineString","coordinates":[[-71.64109,-35.43281],[-71.64132,-35.43314]]}},{"type":"Feature","properties":{"nombre":"Calle 11 Oriente","jerarquia":4},"geometry":{"type":"LineString","coordinates":[[-71.64894,-35.4143],[-71.64865,-35.41368],[-71.64816,-35.41293]]}},{"type":"Feature","properties":{"nombre":"Calle 11 Oriente","jerarquia":4},"geometry":{"type":"LineString","coordinates":[[-71.64816,-35.41293],[-71.64799,-35.41271]]}},{"type":"Feature","properties":{"nombre":"Avenida Duao","jerarquia":5},"geometry":{"type":"LineString","coordinates":[[-71.68232,-35.45428],[-71.68219,-35.45431]]}},{"type":"Feature","properties":{"nombre":"Avenida Duao","jerarquia":5},"geometry":{"type":"LineString","coordinates":[[-71.68219,-35.45431],[-71.68089,-35.45458]]}},{"type":"Feature","properties":{"nombre":"Avenida Duao","jerarquia":5},"geometry":{"type":"LineString","coordinates":[[-71.68089,-35.45458],[-71.6803,-35.4547]]}},{"type":"Feature","properties":{"nombre":"Avenida Duao","jerarquia":5},"geometry":{"type":"LineString","coordinates":[[-71.6803,-35.4547],[-71.68018,-35.45472]]}},{"type":"Feature","properties":{"nombre":"Avenida Duao","jerarquia":5},"geometry":{"type":"LineString","coordinates":[[-71.68018,-35.45472],[-71.67961,-35.45484]]}},{"type":"Feature","properties":{"nombre":"Avenida Duao","jerarquia":5},"geometry":{"type":"LineString","coordinates":[[-71.67961,-35.45484],[-71.67916,-35.45493]]}},{"type":"Feature","properties":{"nombre":"Avenida Duao","jerarquia":5},"geometry":{"type":"LineString","coordinates":[[-71.67916,-35.45493],[-71.67913,-35.45494]]}},{"type":"Feature","properties":{"nombre":"Avenida Duao","jerarquia":5},"geometry":{"type":"LineString","coordinates":[[-71.67913,-35.45494],[-71.67877,-35.45501]]}},{"type":"Feature","properties":{"nombre":"Avenida Duao","jerarquia":5},"geometry":{"type":"LineString","coordinates":[[-71.67877,-35.45501],[-71.67866,-35.45503]]}},{"type":"Feature","properties":{"nombre":"Avenida Duao","jerarquia":5},"geometry":{"type":"LineString","coordinates":[[-71.67866,-35.45503],[-71.67839,-35.45509]]}},{"type":"Feature","properties":{"nombre":"Avenida Duao","jerarquia":5},"geometry":{"type":"LineString","coordinates":[[-71.67839,-35.45509],[-71.67824,-35.45512]]}},{"type":"Feature","properties":{"nombre":"Avenida Duao","jerarquia":5},"geometry":{"type":"LineString","coordinates":[[-71.67824,-35.45512],[-71.67801,-35.45517]]}},{"type":"Feature","properties":{"nombre":"Avenida Duao","jerarquia":5},"geometry":{"type":"LineString","coordinates":[[-71.67801,-35.45517],[-71.67777,-35.45521]]}},{"type":"Feature","properties":{"nombre":"Avenida Duao","jerarquia":5},"geometry":{"type":"LineString","coordinates":[[-71.67777,-35.45521],[-71.6776,-35.45525]]}},{"type":"Feature","properties":{"nombre":"Avenida Duao","jerarquia":5},"geometry":{"type":"LineString","coordinates":[[-71.6776,-35.45525],[-71.6772,-35.45533]]}},{"type":"Feature","properties":{"nombre":"Avenida Duao","jerarquia":5},"geometry":{"type":"LineString","coordinates":[[-71.6772,-35.45533],[-71.67674,-35.45543]]}},{"type":"Feature","properties":{"nombre":"Calle 6 Sur","jerarquia":5},"geometry":{"type":"LineString","coordinates":[[-71.65891,-35.43369],[-71.65817,-35.43376]]}},{"type":"Feature","properties":{"nombre":"Calle 6 Sur","jerarquia":5},"geometry":{"type":"LineString","coordinates":[[-71.65817,-35.43376],[-71.65779,-35.43381]]}},{"type":"Feature","properties":{"nombre":"Calle 6 Sur","jerarquia":5},"geometry":{"type":"LineString","coordinates":[[-71.65779,-35.43381],[-71.65752,-35.43379]]}},{"type":"Feature","properties":{"nombre":"Calle 6 Sur","jerarquia":5},"geometry":{"type":"LineString","coordinates":[[-71.65752,-35.43379],[-71.65718,-35.43376],[-71.6559,-35.43394]]}},{"type":"Feature","properties":{"nombre":"Calle 14 Oriente","jerarquia":5},"geometry":{"type":"LineString","coordinates":[[-71.6461,-35.43671],[-71.64609,-35.43656]]}},{"type":"Feature","properties":{"nombre":"21 Oriente","jerarquia":3},"geometry":{"type":"LineString","coordinates":[[-71.6391,-35.43803],[-71.63888,-35.43749]]}},{"type":"Feature","properties":{"nombre":"Avenida 8 Sur","jerarquia":4},"geometry":{"type":"LineString","coordinates":[[-71.63893,-35.4383],[-71.63907,-35.43827]]}},{"type":"Feature","properties":{"nombre":"Avenida 8 Sur","jerarquia":4},"geometry":{"type":"LineString","coordinates":[[-71.63907,-35.43827],[-71.63919,-35.43824]]}},{"type":"Feature","properties":{"nombre":"34 Oriente","jerarquia":5},"geometry":{"type":"LineString","coordinates":[[-71.62293,-35.43641],[-71.62288,-35.4363]]}},{"type":"Feature","properties":{"nombre":"34 Oriente","jerarquia":5},"geometry":{"type":"LineString","coordinates":[[-71.62288,-35.4363],[-71.62236,-35.4352]]}},{"type":"Feature","properties":{"nombre":"34 Oriente","jerarquia":5},"geometry":{"type":"LineString","coordinates":[[-71.62236,-35.4352],[-71.62175,-35.4339]]}},{"type":"Feature","properties":{"nombre":"34 Oriente","jerarquia":5},"geometry":{"type":"LineString","coordinates":[[-71.62175,-35.4339],[-71.62147,-35.43335]]}},{"type":"Feature","properties":{"nombre":"32 Oriente","jerarquia":5},"geometry":{"type":"LineString","coordinates":[[-71.62557,-35.4377],[-71.62567,-35.43784]]}},{"type":"Feature","properties":{"nombre":"32 Oriente","jerarquia":5},"geometry":{"type":"LineString","coordinates":[[-71.62567,-35.43784],[-71.62588,-35.43816]]}},{"type":"Feature","properties":{"nombre":"32 Oriente","jerarquia":5},"geometry":{"type":"LineString","coordinates":[[-71.62588,-35.43816],[-71.62609,-35.43848]]}},{"type":"Feature","properties":{"nombre":"32 Oriente","jerarquia":5},"geometry":{"type":"LineString","coordinates":[[-71.62609,-35.43848],[-71.6262,-35.43864]]}},{"type":"Feature","properties":{"nombre":"32 Oriente","jerarquia":5},"geometry":{"type":"LineString","coordinates":[[-71.6262,-35.43864],[-71.62631,-35.4388]]}},{"type":"Feature","properties":{"nombre":"32 Oriente","jerarquia":5},"geometry":{"type":"LineString","coordinates":[[-71.62631,-35.4388],[-71.62652,-35.43912]]}},{"type":"Feature","properties":{"nombre":"32 Oriente","jerarquia":5},"geometry":{"type":"LineString","coordinates":[[-71.62652,-35.43912],[-71.62674,-35.43944]]}},{"type":"Feature","properties":{"nombre":"32 Oriente","jerarquia":5},"geometry":{"type":"LineString","coordinates":[[-71.62674,-35.43944],[-71.62696,-35.43976]]}},{"type":"Feature","properties":{"nombre":"32 Oriente","jerarquia":5},"geometry":{"type":"LineString","coordinates":[[-71.62696,-35.43976],[-71.62717,-35.44008]]}},{"type":"Feature","properties":{"nombre":"32 Oriente","jerarquia":5},"geometry":{"type":"LineString","coordinates":[[-71.62717,-35.44008],[-71.62738,-35.44039]]}},{"type":"Feature","properties":{"nombre":"32 Oriente","jerarquia":5},"geometry":{"type":"LineString","coordinates":[[-71.62904,-35.44279],[-71.62899,-35.44272]]}},{"type":"Feature","properties":{"nombre":"Calle 2 Norte","jerarquia":5},"geometry":{"type":"LineString","coordinates":[[-71.65549,-35.42543],[-71.65594,-35.42539]]}},{"type":"Feature","properties":{"nombre":"Calle 2 Norte","jerarquia":5},"geometry":{"type":"LineString","coordinates":[[-71.65594,-35.42539],[-71.65631,-35.42536]]}},{"type":"Feature","properties":{"nombre":"Calle 2 Norte","jerarquia":5},"geometry":{"type":"LineString","coordinates":[[-71.65631,-35.42536],[-71.65665,-35.42534]]}},{"type":"Feature","properties":{"nombre":"Calle 2 Norte","jerarquia":5},"geometry":{"type":"LineString","coordinates":[[-71.65665,-35.42534],[-71.65677,-35.42533]]}},{"type":"Feature","properties":{"nombre":"Calle 2 Norte","jerarquia":5},"geometry":{"type":"LineString","coordinates":[[-71.65677,-35.42533],[-71.65813,-35.42522]]}},{"type":"Feature","properties":{"nombre":"Calle 2 Norte","jerarquia":5},"geometry":{"type":"LineString","coordinates":[[-71.65813,-35.42522],[-71.65825,-35.42521]]}},{"type":"Feature","properties":{"nombre":"Calle de Servicio Ruta 5","jerarquia":5},"geometry":{"type":"LineString","coordinates":[[-71.62877,-35.40946],[-71.62843,-35.40918],[-71.62831,-35.40901]]}},{"type":"Feature","properties":{"nombre":"Calle de Servicio Ruta 5","jerarquia":5},"geometry":{"type":"LineString","coordinates":[[-71.62868,-35.41388],[-71.62732,-35.41141]]}},{"type":"Feature","properties":{"nombre":"Avenida 5 Oriente","jerarquia":5},"geometry":{"type":"LineString","coordinates":[[-71.65816,-35.41149],[-71.65819,-35.41159]]}},{"type":"Feature","properties":{"nombre":"Calle 14 Norte","jerarquia":5},"geometry":{"type":"LineString","coordinates":[[-71.65715,-35.40696],[-71.65701,-35.40719]]}},{"type":"Feature","properties":{"nombre":"Calle 14 Norte","jerarquia":5},"geometry":{"type":"LineString","coordinates":[[-71.65701,-35.40719],[-71.6568,-35.40752],[-71.65658,-35.40773]]}},{"type":"Feature","properties":{"nombre":"Calle 14 Norte","jerarquia":5},"geometry":{"type":"LineString","coordinates":[[-71.65658,-35.40773],[-71.6565,-35.40779]]}},{"type":"Feature","properties":{"nombre":"Calle 14 Norte","jerarquia":5},"geometry":{"type":"LineString","coordinates":[[-71.6565,-35.40779],[-71.65573,-35.40818]]}},{"type":"Feature","properties":{"nombre":"21 Poniente","jerarquia":5},"geometry":{"type":"LineString","coordinates":[[-71.69974,-35.44375],[-71.69964,-35.44364]]}},{"type":"Feature","properties":{"nombre":"Calle 5","jerarquia":5},"geometry":{"type":"LineString","coordinates":[[-71.69587,-35.45511],[-71.69564,-35.45529]]}},{"type":"Feature","properties":{"nombre":"","jerarquia":5},"geometry":{"type":"LineString","coordinates":[[-71.69587,-35.45511],[-71.69589,-35.45522],[-71.69598,-35.45533]]}},{"type":"Feature","properties":{"nombre":"Avenida Alameda Bernardo O'Higgins","jerarquia":3},"geometry":{"type":"LineString","coordinates":[[-71.6498,-35.42313],[-71.65028,-35.42307],[-71.65085,-35.42279],[-71.65116,-35.42271]]}},{"type":"Feature","properties":{"nombre":"Avenida Alameda Bernardo O'Higgins","jerarquia":3},"geometry":{"type":"LineString","coordinates":[[-71.65116,-35.42271],[-71.65124,-35.4227]]}},{"type":"Feature","properties":{"nombre":"Calle 2 Norte","jerarquia":4},"geometry":{"type":"LineString","coordinates":[[-71.66101,-35.42499],[-71.66224,-35.4249]]}},{"type":"Feature","properties":{"nombre":"Calle 2 Norte","jerarquia":4},"geometry":{"type":"LineString","coordinates":[[-71.66224,-35.4249],[-71.66239,-35.42489]]}},{"type":"Feature","properties":{"nombre":"Calle 2 Norte","jerarquia":4},"geometry":{"type":"LineString","coordinates":[[-71.66239,-35.42489],[-71.66362,-35.42481]]}},{"type":"Feature","properties":{"nombre":"Calle 2 Norte","jerarquia":4},"geometry":{"type":"LineString","coordinates":[[-71.66362,-35.42481],[-71.66374,-35.4248]]}},{"type":"Feature","properties":{"nombre":"Calle 2 Norte","jerarquia":4},"geometry":{"type":"LineString","coordinates":[[-71.65825,-35.42521],[-71.65955,-35.42509]]}},{"type":"Feature","properties":{"nombre":"Calle 2 Norte","jerarquia":4},"geometry":{"type":"LineString","coordinates":[[-71.65955,-35.42509],[-71.65968,-35.42508]]}},{"type":"Feature","properties":{"nombre":"Calle 1 Norte","jerarquia":4},"geometry":{"type":"LineString","coordinates":[[-71.66563,-35.42601],[-71.66542,-35.42603]]}},{"type":"Feature","properties":{"nombre":"Calle 1 Norte","jerarquia":4},"geometry":{"type":"LineString","coordinates":[[-71.66542,-35.42603],[-71.66525,-35.42605]]}},{"type":"Feature","properties":{"nombre":"Cardenal Raúl Silva Henríquez","jerarquia":4},"geometry":{"type":"LineString","coordinates":[[-71.66684,-35.42809],[-71.66674,-35.42715]]}},{"type":"Feature","properties":{"nombre":"Cardenal Raúl Silva Henríquez","jerarquia":4},"geometry":{"type":"LineString","coordinates":[[-71.66674,-35.42715],[-71.66674,-35.42705]]}},{"type":"Feature","properties":{"nombre":"17 Poniente","jerarquia":5},"geometry":{"type":"LineString","coordinates":[[-71.68848,-35.43577],[-71.68896,-35.43584],[-71.68935,-35.43607]]}},{"type":"Feature","properties":{"nombre":"17 Poniente","jerarquia":5},"geometry":{"type":"LineString","coordinates":[[-71.68935,-35.43607],[-71.68993,-35.43663]]}},{"type":"Feature","properties":{"nombre":"17 Poniente","jerarquia":5},"geometry":{"type":"LineString","coordinates":[[-71.68993,-35.43663],[-71.69021,-35.43691],[-71.69023,-35.43699]]}},{"type":"Feature","properties":{"nombre":"17 Poniente","jerarquia":5},"geometry":{"type":"LineString","coordinates":[[-71.69023,-35.43699],[-71.68986,-35.43668]]}},{"type":"Feature","properties":{"nombre":"17 Poniente","jerarquia":5},"geometry":{"type":"LineString","coordinates":[[-71.68986,-35.43668],[-71.68928,-35.43612]]}},{"type":"Feature","properties":{"nombre":"Calle 19 Norte","jerarquia":4},"geometry":{"type":"LineString","coordinates":[[-71.64473,-35.40721],[-71.64499,-35.40692]]}},{"type":"Feature","properties":{"nombre":"Calle 19 Norte","jerarquia":4},"geometry":{"type":"LineString","coordinates":[[-71.64499,-35.40692],[-71.64512,-35.40677]]}},{"type":"Feature","properties":{"nombre":"Calle 19 Norte","jerarquia":4},"geometry":{"type":"LineString","coordinates":[[-71.64512,-35.40677],[-71.64522,-35.40668]]}},{"type":"Feature","properties":{"nombre":"Calle 19 Norte","jerarquia":4},"geometry":{"type":"LineString","coordinates":[[-71.64347,-35.40849],[-71.64375,-35.4082]]}},{"type":"Feature","properties":{"nombre":"Calle 19 Norte","jerarquia":4},"geometry":{"type":"LineString","coordinates":[[-71.64375,-35.4082],[-71.64401,-35.40791]]}},{"type":"Feature","properties":{"nombre":"Calle 19 Norte","jerarquia":4},"geometry":{"type":"LineString","coordinates":[[-71.64401,-35.40791],[-71.64431,-35.40762]]}},{"type":"Feature","properties":{"nombre":"Calle 19 Norte","jerarquia":4},"geometry":{"type":"LineString","coordinates":[[-71.64522,-35.40668],[-71.64528,-35.40662]]}},{"type":"Feature","properties":{"nombre":"Calle 19 Norte","jerarquia":5},"geometry":{"type":"LineString","coordinates":[[-71.6412,-35.41085],[-71.64147,-35.41058]]}},{"type":"Feature","properties":{"nombre":"Calle 19 Norte","jerarquia":5},"geometry":{"type":"LineString","coordinates":[[-71.64147,-35.41058],[-71.64175,-35.4103]]}},{"type":"Feature","properties":{"nombre":"Calle 19 Norte","jerarquia":5},"geometry":{"type":"LineString","coordinates":[[-71.64069,-35.41141],[-71.64095,-35.41112]]}},{"type":"Feature","properties":{"nombre":"Calle 19 Norte","jerarquia":5},"geometry":{"type":"LineString","coordinates":[[-71.64095,-35.41112],[-71.6412,-35.41085]]}},{"type":"Feature","properties":{"nombre":"Avenida 5 Oriente","jerarquia":5},"geometry":{"type":"LineString","coordinates":[[-71.65301,-35.40314],[-71.65291,-35.4028]]}},{"type":"Feature","properties":{"nombre":"Avenida 5 Oriente","jerarquia":5},"geometry":{"type":"LineString","coordinates":[[-71.65291,-35.4028],[-71.65281,-35.40249]]}},{"type":"Feature","properties":{"nombre":"Avenida 5 Oriente","jerarquia":5},"geometry":{"type":"LineString","coordinates":[[-71.65281,-35.40249],[-71.65271,-35.40213]]}},{"type":"Feature","properties":{"nombre":"19 Norte","jerarquia":5},"geometry":{"type":"LineString","coordinates":[[-71.65244,-35.40219],[-71.65271,-35.40213]]}},{"type":"Feature","properties":{"nombre":"Avenida Lircay","jerarquia":3},"geometry":{"type":"LineString","coordinates":[[-71.65236,-35.41288],[-71.65264,-35.41313]]}},{"type":"Feature","properties":{"nombre":"Avenida Lircay","jerarquia":3},"geometry":{"type":"LineString","coordinates":[[-71.65264,-35.41313],[-71.65274,-35.41322]]}},{"type":"Feature","properties":{"nombre":"Ruta 5 Sur","jerarquia":1},"geometry":{"type":"LineString","coordinates":[[-71.69678,-35.54861],[-71.6968,-35.54947],[-71.69651,-35.55098]]}},{"type":"Feature","properties":{"nombre":"Ruta 5 Sur","jerarquia":1},"geometry":{"type":"LineString","coordinates":[[-71.69671,-35.54818],[-71.69678,-35.54861]]}},{"type":"Feature","properties":{"nombre":"Avenida 12 Norte","jerarquia":4},"geometry":{"type":"LineString","coordinates":[[-71.65314,-35.41299],[-71.65294,-35.41314]]}},{"type":"Feature","properties":{"nombre":"Avenida 12 Norte","jerarquia":4},"geometry":{"type":"LineString","coordinates":[[-71.65294,-35.41314],[-71.65274,-35.41322]]}},{"type":"Feature","properties":{"nombre":"Avenida 12 Norte","jerarquia":4},"geometry":{"type":"LineString","coordinates":[[-71.65274,-35.41322],[-71.65303,-35.41296]]}},{"type":"Feature","properties":{"nombre":"Avenida Lircay","jerarquia":3},"geometry":{"type":"LineString","coordinates":[[-71.65274,-35.41322],[-71.65288,-35.41335]]}},{"type":"Feature","properties":{"nombre":"Avenida Lircay","jerarquia":3},"geometry":{"type":"LineString","coordinates":[[-71.65288,-35.41335],[-71.65303,-35.41348]]}},{"type":"Feature","properties":{"nombre":"Calle 5 Oriente","jerarquia":5},"geometry":{"type":"LineString","coordinates":[[-71.65819,-35.41159],[-71.65849,-35.41198]]}},{"type":"Feature","properties":{"nombre":"Calle 6 Oriente","jerarquia":4},"geometry":{"type":"LineString","coordinates":[[-71.65835,-35.42663],[-71.6583,-35.42601]]}},{"type":"Feature","properties":{"nombre":"Calle 6 Oriente","jerarquia":4},"geometry":{"type":"LineString","coordinates":[[-71.6583,-35.42601],[-71.65825,-35.42526]]}},{"type":"Feature","properties":{"nombre":"Calle 6 Oriente","jerarquia":4},"geometry":{"type":"LineString","coordinates":[[-71.65825,-35.42526],[-71.65825,-35.42521]]}},{"type":"Feature","properties":{"nombre":"Calle 6 Oriente","jerarquia":4},"geometry":{"type":"LineString","coordinates":[[-71.65825,-35.42521],[-71.65817,-35.42413]]}},{"type":"Feature","properties":{"nombre":"Calle 6 Oriente","jerarquia":4},"geometry":{"type":"LineString","coordinates":[[-71.65817,-35.42413],[-71.6581,-35.42325]]}},{"type":"Feature","properties":{"nombre":"Calle 6 Oriente","jerarquia":4},"geometry":{"type":"LineString","coordinates":[[-71.6581,-35.42325],[-71.65808,-35.42292]]}},{"type":"Feature","properties":{"nombre":"Calle 2 Sur","jerarquia":3},"geometry":{"type":"LineString","coordinates":[[-71.65993,-35.42877],[-71.65981,-35.42878]]}},{"type":"Feature","properties":{"nombre":"Calle 2 Sur","jerarquia":3},"geometry":{"type":"LineString","coordinates":[[-71.65981,-35.42878],[-71.65962,-35.4288]]}},{"type":"Feature","properties":{"nombre":"Calle 5 Oriente","jerarquia":5},"geometry":{"type":"LineString","coordinates":[[-71.65993,-35.42877],[-71.66,-35.4298]]}},{"type":"Feature","properties":{"nombre":"Calle 2 Sur","jerarquia":3},"geometry":{"type":"LineString","coordinates":[[-71.66137,-35.42865],[-71.66125,-35.42866]]}},{"type":"Feature","properties":{"nombre":"Calle 2 Sur","jerarquia":3},"geometry":{"type":"LineString","coordinates":[[-71.66125,-35.42866],[-71.66104,-35.42868]]}},{"type":"Feature","properties":{"nombre":"Calle 2 Sur","jerarquia":3},"geometry":{"type":"LineString","coordinates":[[-71.66275,-35.42854],[-71.66242,-35.42857]]}},{"type":"Feature","properties":{"nombre":"Calle 2 Sur","jerarquia":3},"geometry":{"type":"LineString","coordinates":[[-71.66411,-35.42843],[-71.66397,-35.42844]]}},{"type":"Feature","properties":{"nombre":"Calle 2 Sur","jerarquia":3},"geometry":{"type":"LineString","coordinates":[[-71.66397,-35.42844],[-71.66311,-35.42852]]}},{"type":"Feature","properties":{"nombre":"Avenida Isidoro del Solar","jerarquia":4},"geometry":{"type":"LineString","coordinates":[[-71.66661,-35.42582],[-71.6667,-35.42574]]}},{"type":"Feature","properties":{"nombre":"Avenida Isidoro del Solar","jerarquia":4},"geometry":{"type":"LineString","coordinates":[[-71.66791,-35.42447],[-71.66908,-35.42319]]}},{"type":"Feature","properties":{"nombre":"Calle 2 Norte","jerarquia":4},"geometry":{"type":"LineString","coordinates":[[-71.65968,-35.42508],[-71.66089,-35.425]]}},{"type":"Feature","properties":{"nombre":"Calle 2 Norte","jerarquia":4},"geometry":{"type":"LineString","coordinates":[[-71.66089,-35.425],[-71.66101,-35.42499]]}},{"type":"Feature","properties":{"nombre":"Calle 5 Oriente","jerarquia":4},"geometry":{"type":"LineString","coordinates":[[-71.65968,-35.42508],[-71.65974,-35.42589]]}},{"type":"Feature","properties":{"nombre":"Avenida Circunvalación 30 Oriente","jerarquia":5},"geometry":{"type":"LineString","coordinates":[[-71.62786,-35.43145],[-71.62783,-35.43139]]}},{"type":"Feature","properties":{"nombre":"Avenida Circunvalación 30 Oriente","jerarquia":4},"geometry":{"type":"LineString","coordinates":[[-71.62817,-35.43129],[-71.6282,-35.43136]]}},{"type":"Feature","properties":{"nombre":"Calle 2 Norte","jerarquia":4},"geometry":{"type":"LineString","coordinates":[[-71.62786,-35.43145],[-71.62811,-35.43131]]}},{"type":"Feature","properties":{"nombre":"Calle 2 Norte","jerarquia":4},"geometry":{"type":"LineString","coordinates":[[-71.62811,-35.43131],[-71.62817,-35.43129]]}},{"type":"Feature","properties":{"nombre":"Avenida Circunvalación 30 Oriente","jerarquia":4},"geometry":{"type":"LineString","coordinates":[[-71.63,-35.43576],[-71.62973,-35.43515]]}},{"type":"Feature","properties":{"nombre":"Avenida 8 Sur","jerarquia":4},"geometry":{"type":"LineString","coordinates":[[-71.63341,-35.44059],[-71.63313,-35.44072]]}},{"type":"Feature","properties":{"nombre":"Avenida 8 Sur","jerarquia":4},"geometry":{"type":"LineString","coordinates":[[-71.63313,-35.44072],[-71.63303,-35.44077]]}},{"type":"Feature","properties":{"nombre":"Avenida Circunvalación 30 Oriente","jerarquia":4},"geometry":{"type":"LineString","coordinates":[[-71.63303,-35.44077],[-71.63298,-35.44071]]}},{"type":"Feature","properties":{"nombre":"Avenida Circunvalación 30 Oriente","jerarquia":4},"geometry":{"type":"LineString","coordinates":[[-71.63298,-35.44071],[-71.63275,-35.44025],[-71.63238,-35.43969]]}},{"type":"Feature","properties":{"nombre":"","jerarquia":3},"geometry":{"type":"LineString","coordinates":[[-71.65,-35.42277],[-71.65082,-35.42272]]}},{"type":"Feature","properties":{"nombre":"","jerarquia":3},"geometry":{"type":"LineString","coordinates":[[-71.65082,-35.42272],[-71.65089,-35.42271]]}},{"type":"Feature","properties":{"nombre":"","jerarquia":3},"geometry":{"type":"LineString","coordinates":[[-71.65089,-35.42271],[-71.65116,-35.42271]]}},{"type":"Feature","properties":{"nombre":"Avenida Circunvalación 30 Oriente","jerarquia":5},"geometry":{"type":"LineString","coordinates":[[-71.62625,-35.42749],[-71.6266,-35.42825]]}},{"type":"Feature","properties":{"nombre":"Avenida Ignacio Carrera Pinto","jerarquia":3},"geometry":{"type":"LineString","coordinates":[[-71.67786,-35.43207],[-71.67913,-35.43387]]}},{"type":"Feature","properties":{"nombre":"Ruta K-353","jerarquia":5},"geometry":{"type":"LineString","coordinates":[[-71.61597,-35.4443],[-71.61631,-35.4449]]}},{"type":"Feature","properties":{"nombre":"Ruta K-353","jerarquia":5},"geometry":{"type":"LineString","coordinates":[[-71.61631,-35.4449],[-71.61643,-35.44512]]}},{"type":"Feature","properties":{"nombre":"Ruta K-353","jerarquia":5},"geometry":{"type":"LineString","coordinates":[[-71.61643,-35.44512],[-71.61666,-35.44554]]}},{"type":"Feature","properties":{"nombre":"Ruta K-353","jerarquia":5},"geometry":{"type":"LineString","coordinates":[[-71.61666,-35.44554],[-71.61709,-35.44631]]}},{"type":"Feature","properties":{"nombre":"Ruta K-353","jerarquia":5},"geometry":{"type":"LineString","coordinates":[[-71.61331,-35.43951],[-71.61422,-35.44114]]}},{"type":"Feature","properties":{"nombre":"Avenida Ignacio Carrera Pinto","jerarquia":3},"geometry":{"type":"LineString","coordinates":[[-71.68019,-35.43551],[-71.6803,-35.43566]]}},{"type":"Feature","properties":{"nombre":"Avenida Ignacio Carrera Pinto","jerarquia":3},"geometry":{"type":"LineString","coordinates":[[-71.67996,-35.43518],[-71.68019,-35.43551]]}},{"type":"Feature","properties":{"nombre":"Avenida Lircay","jerarquia":3},"geometry":{"type":"LineString","coordinates":[[-71.62469,-35.39948],[-71.62366,-35.39945]]}},{"type":"Feature","properties":{"nombre":"Avenida Lircay","jerarquia":3},"geometry":{"type":"LineString","coordinates":[[-71.62366,-35.39945],[-71.62269,-35.39944]]}},{"type":"Feature","properties":{"nombre":"Avenida Lircay","jerarquia":3},"geometry":{"type":"LineString","coordinates":[[-71.6226,-35.39928],[-71.62469,-35.39934]]}},{"type":"Feature","properties":{"nombre":"Caletera Ruta 5","jerarquia":4},"geometry":{"type":"LineString","coordinates":[[-71.64443,-35.44969],[-71.64431,-35.44934]]}},{"type":"Feature","properties":{"nombre":"Caletera Ruta 5","jerarquia":4},"geometry":{"type":"LineString","coordinates":[[-71.64431,-35.44934],[-71.64355,-35.44746]]}},{"type":"Feature","properties":{"nombre":"Avenida Circunvalación","jerarquia":3},"geometry":{"type":"LineString","coordinates":[[-71.67563,-35.4216],[-71.67562,-35.42157]]}},{"type":"Feature","properties":{"nombre":"Avenida Circunvalación","jerarquia":3},"geometry":{"type":"LineString","coordinates":[[-71.67562,-35.42157],[-71.6756,-35.42146]]}},{"type":"Feature","properties":{"nombre":"Avenida Circunvalación","jerarquia":3},"geometry":{"type":"LineString","coordinates":[[-71.67455,-35.41848],[-71.67535,-35.4197],[-71.67548,-35.42011]]}},{"type":"Feature","properties":{"nombre":"Ruta 5 Sur","jerarquia":1},"geometry":{"type":"LineString","coordinates":[[-71.65168,-35.46892],[-71.65151,-35.4685]]}},{"type":"Feature","properties":{"nombre":"Ruta 5 Sur","jerarquia":1},"geometry":{"type":"LineString","coordinates":[[-71.65621,-35.4803],[-71.65611,-35.48005]]}},{"type":"Feature","properties":{"nombre":"Ruta 5 Sur","jerarquia":1},"geometry":{"type":"LineString","coordinates":[[-71.65182,-35.46887],[-71.65433,-35.47517]]}},{"type":"Feature","properties":{"nombre":"Ruta 5 Sur","jerarquia":1},"geometry":{"type":"LineString","coordinates":[[-71.64571,-35.45352],[-71.6467,-35.456]]}},{"type":"Feature","properties":{"nombre":"Ruta 5 Sur","jerarquia":1},"geometry":{"type":"LineString","coordinates":[[-71.65455,-35.47572],[-71.65626,-35.48003]]}},{"type":"Feature","properties":{"nombre":"Ruta 5 Sur","jerarquia":1},"geometry":{"type":"LineString","coordinates":[[-71.65433,-35.47517],[-71.65455,-35.47572]]}},{"type":"Feature","properties":{"nombre":"Calle de Servicio Ruta 5","jerarquia":5},"geometry":{"type":"LineString","coordinates":[[-71.65499,-35.47627],[-71.65503,-35.47636]]}},{"type":"Feature","properties":{"nombre":"Calle de Servicio Ruta 5","jerarquia":5},"geometry":{"type":"LineString","coordinates":[[-71.65503,-35.47636],[-71.65617,-35.47926]]}},{"type":"Feature","properties":{"nombre":"Calle de Servicio Ruta 5","jerarquia":5},"geometry":{"type":"LineString","coordinates":[[-71.65617,-35.47926],[-71.65688,-35.48099],[-71.6578,-35.48185]]}},{"type":"Feature","properties":{"nombre":"Calle de Servicio Ruta 5","jerarquia":5},"geometry":{"type":"LineString","coordinates":[[-71.6578,-35.48185],[-71.66009,-35.484]]}},{"type":"Feature","properties":{"nombre":"Calle de Servicio Ruta 5","jerarquia":5},"geometry":{"type":"LineString","coordinates":[[-71.66009,-35.484],[-71.66167,-35.48551]]}},{"type":"Feature","properties":{"nombre":"Calle de Servicio Ruta 5","jerarquia":5},"geometry":{"type":"LineString","coordinates":[[-71.65478,-35.47577],[-71.65499,-35.47627]]}},{"type":"Feature","properties":{"nombre":"Ruta 5 Sur","jerarquia":1},"geometry":{"type":"LineString","coordinates":[[-71.65626,-35.48003],[-71.65678,-35.48134]]}},{"type":"Feature","properties":{"nombre":"Ruta 5 Sur","jerarquia":1},"geometry":{"type":"LineString","coordinates":[[-71.65678,-35.48134],[-71.6571,-35.48212]]}},{"type":"Feature","properties":{"nombre":"Ruta 5 Sur","jerarquia":1},"geometry":{"type":"LineString","coordinates":[[-71.65677,-35.48169],[-71.65644,-35.48086]]}},{"type":"Feature","properties":{"nombre":"Ruta 5 Sur","jerarquia":1},"geometry":{"type":"LineString","coordinates":[[-71.65753,-35.48361],[-71.65703,-35.48235]]}},{"type":"Feature","properties":{"nombre":"Ruta 5 Sur","jerarquia":1},"geometry":{"type":"LineString","coordinates":[[-71.65703,-35.48235],[-71.65677,-35.48169]]}},{"type":"Feature","properties":{"nombre":"Ruta 5 Sur","jerarquia":1},"geometry":{"type":"LineString","coordinates":[[-71.6584,-35.48581],[-71.65753,-35.48361]]}},{"type":"Feature","properties":{"nombre":"Ruta 5 Sur","jerarquia":1},"geometry":{"type":"LineString","coordinates":[[-71.65734,-35.48273],[-71.65814,-35.48474]]}},{"type":"Feature","properties":{"nombre":"Ruta 5 Sur","jerarquia":1},"geometry":{"type":"LineString","coordinates":[[-71.6571,-35.48212],[-71.65734,-35.48273]]}},{"type":"Feature","properties":{"nombre":"Ruta 5 Sur","jerarquia":1},"geometry":{"type":"LineString","coordinates":[[-71.65814,-35.48474],[-71.65869,-35.48613]]}},{"type":"Feature","properties":{"nombre":"Ruta 5 Sur","jerarquia":1},"geometry":{"type":"LineString","coordinates":[[-71.66081,-35.49143],[-71.66834,-35.51037]]}},{"type":"Feature","properties":{"nombre":"Ruta K-505","jerarquia":3},"geometry":{"type":"LineString","coordinates":[[-71.65868,-35.4894],[-71.65871,-35.48956]]}},{"type":"Feature","properties":{"nombre":"","jerarquia":1},"geometry":{"type":"LineString","coordinates":[[-71.65868,-35.4894],[-71.65873,-35.4894]]}},{"type":"Feature","properties":{"nombre":"","jerarquia":1},"geometry":{"type":"LineString","coordinates":[[-71.65873,-35.4894],[-71.65888,-35.48938]]}},{"type":"Feature","properties":{"nombre":"Calle de Servicio Ruta 5","jerarquia":5},"geometry":{"type":"LineString","coordinates":[[-71.65868,-35.4894],[-71.65867,-35.48936]]}},{"type":"Feature","properties":{"nombre":"Calle de Servicio Ruta 5","jerarquia":5},"geometry":{"type":"LineString","coordinates":[[-71.65867,-35.48936],[-71.65866,-35.48926]]}},{"type":"Feature","properties":{"nombre":"Enlace Unihue","jerarquia":3},"geometry":{"type":"LineString","coordinates":[[-71.65881,-35.49011],[-71.65902,-35.49016]]}},{"type":"Feature","properties":{"nombre":"Ruta K-505","jerarquia":4},"geometry":{"type":"LineString","coordinates":[[-71.65881,-35.49011],[-71.6588,-35.49024]]}},{"type":"Feature","properties":{"nombre":"Ruta K-505","jerarquia":3},"geometry":{"type":"LineString","coordinates":[[-71.65878,-35.48994],[-71.65881,-35.49011]]}},{"type":"Feature","properties":{"nombre":"","jerarquia":3},"geometry":{"type":"LineString","coordinates":[[-71.65878,-35.48994],[-71.6589,-35.49007]]}},{"type":"Feature","properties":{"nombre":"","jerarquia":3},"geometry":{"type":"LineString","coordinates":[[-71.6589,-35.49007],[-71.65902,-35.49016]]}},{"type":"Feature","properties":{"nombre":"","jerarquia":3},"geometry":{"type":"LineString","coordinates":[[-71.65902,-35.49016],[-71.65887,-35.4902]]}},{"type":"Feature","properties":{"nombre":"","jerarquia":3},"geometry":{"type":"LineString","coordinates":[[-71.65887,-35.4902],[-71.6588,-35.49024]]}},{"type":"Feature","properties":{"nombre":"","jerarquia":1},"geometry":{"type":"LineString","coordinates":[[-71.65888,-35.48938],[-71.65875,-35.48949]]}},{"type":"Feature","properties":{"nombre":"","jerarquia":1},"geometry":{"type":"LineString","coordinates":[[-71.65875,-35.48949],[-71.65871,-35.48956]]}},{"type":"Feature","properties":{"nombre":"","jerarquia":1},"geometry":{"type":"LineString","coordinates":[[-71.65866,-35.48926],[-71.65878,-35.48934]]}},{"type":"Feature","properties":{"nombre":"","jerarquia":1},"geometry":{"type":"LineString","coordinates":[[-71.65878,-35.48934],[-71.65888,-35.48938]]}},{"type":"Feature","properties":{"nombre":"","jerarquia":1},"geometry":{"type":"LineString","coordinates":[[-71.65964,-35.48942],[-71.65936,-35.48937]]}},{"type":"Feature","properties":{"nombre":"Ruta 5 Sur","jerarquia":1},"geometry":{"type":"LineString","coordinates":[[-71.65941,-35.48833],[-71.6584,-35.48581]]}},{"type":"Feature","properties":{"nombre":"Ruta 5 Sur","jerarquia":1},"geometry":{"type":"LineString","coordinates":[[-71.6604,-35.4908],[-71.65997,-35.48974]]}},{"type":"Feature","properties":{"nombre":"Ruta 5 Sur","jerarquia":1},"geometry":{"type":"LineString","coordinates":[[-71.66094,-35.49216],[-71.6604,-35.4908]]}},{"type":"Feature","properties":{"nombre":"Ruta 5 Sur","jerarquia":1},"geometry":{"type":"LineString","coordinates":[[-71.66824,-35.5105],[-71.66187,-35.49452]]}},{"type":"Feature","properties":{"nombre":"Ruta 5 Sur","jerarquia":1},"geometry":{"type":"LineString","coordinates":[[-71.67232,-35.51582],[-71.67122,-35.51459]]}},{"type":"Feature","properties":{"nombre":"Ruta 5 Sur","jerarquia":1},"geometry":{"type":"LineString","coordinates":[[-71.67475,-35.51852],[-71.67232,-35.51582]]}},{"type":"Feature","properties":{"nombre":"Ruta 5 Sur","jerarquia":1},"geometry":{"type":"LineString","coordinates":[[-71.67648,-35.52045],[-71.67475,-35.51852]]}},{"type":"Feature","properties":{"nombre":"","jerarquia":1},"geometry":{"type":"LineString","coordinates":[[-71.67638,-35.52123],[-71.67616,-35.52118]]}},{"type":"Feature","properties":{"nombre":"","jerarquia":1},"geometry":{"type":"LineString","coordinates":[[-71.6775,-35.52158],[-71.67706,-35.52136]]}},{"type":"Feature","properties":{"nombre":"Ruta 5 Sur","jerarquia":1},"geometry":{"type":"LineString","coordinates":[[-71.67647,-35.52023],[-71.6774,-35.52126]]}},{"type":"Feature","properties":{"nombre":"Ruta 5 Sur","jerarquia":1},"geometry":{"type":"LineString","coordinates":[[-71.67846,-35.52265],[-71.6775,-35.52158]]}},{"type":"Feature","properties":{"nombre":"Ruta K-398","jerarquia":4},"geometry":{"type":"LineString","coordinates":[[-71.67759,-35.52008],[-71.67861,-35.52122]]}},{"type":"Feature","properties":{"nombre":"Ruta K-398","jerarquia":4},"geometry":{"type":"LineString","coordinates":[[-71.67861,-35.52122],[-71.67905,-35.52165]]}},{"type":"Feature","properties":{"nombre":"Ruta 5 Sur","jerarquia":1},"geometry":{"type":"LineString","coordinates":[[-71.68309,-35.52756],[-71.68436,-35.52898]]}},{"type":"Feature","properties":{"nombre":"Ruta 5 Sur","jerarquia":1},"geometry":{"type":"LineString","coordinates":[[-71.68436,-35.52898],[-71.68514,-35.52985]]}},{"type":"Feature","properties":{"nombre":"Ruta 5 Sur","jerarquia":1},"geometry":{"type":"LineString","coordinates":[[-71.6775,-35.52158],[-71.67727,-35.52132]]}},{"type":"Feature","properties":{"nombre":"Ruta 5 Sur","jerarquia":1},"geometry":{"type":"LineString","coordinates":[[-71.69006,-35.53553],[-71.67846,-35.52265]]}},{"type":"Feature","properties":{"nombre":"Ruta 5 Sur","jerarquia":1},"geometry":{"type":"LineString","coordinates":[[-71.67122,-35.51459],[-71.66925,-35.51233],[-71.6687,-35.51146],[-71.66824,-35.5105]]}},{"type":"Feature","properties":{"nombre":"Ruta 5 Sur","jerarquia":1},"geometry":{"type":"LineString","coordinates":[[-71.68514,-35.52985],[-71.6865,-35.53137]]}},{"type":"Feature","properties":{"nombre":"Ruta 5 Sur","jerarquia":1},"geometry":{"type":"LineString","coordinates":[[-71.69059,-35.53596],[-71.69107,-35.53663]]}},{"type":"Feature","properties":{"nombre":"Ruta 5 Sur","jerarquia":1},"geometry":{"type":"LineString","coordinates":[[-71.69022,-35.53551],[-71.69059,-35.53596]]}},{"type":"Feature","properties":{"nombre":"Ruta 5 Sur","jerarquia":1},"geometry":{"type":"LineString","coordinates":[[-71.68958,-35.53478],[-71.69022,-35.53551]]}},{"type":"Feature","properties":{"nombre":"Ruta 5 Sur","jerarquia":1},"geometry":{"type":"LineString","coordinates":[[-71.68777,-35.53277],[-71.68958,-35.53478]]}},{"type":"Feature","properties":{"nombre":"Ruta 5 Sur","jerarquia":1},"geometry":{"type":"LineString","coordinates":[[-71.69408,-35.54246],[-71.69463,-35.54363]]}},{"type":"Feature","properties":{"nombre":"Ruta 5 Sur","jerarquia":1},"geometry":{"type":"LineString","coordinates":[[-71.69643,-35.54729],[-71.69658,-35.5477]]}},{"type":"Feature","properties":{"nombre":"Ruta 5 Sur","jerarquia":1},"geometry":{"type":"LineString","coordinates":[[-71.69658,-35.5477],[-71.69661,-35.5478]]}},{"type":"Feature","properties":{"nombre":"Ruta 5 Sur","jerarquia":1},"geometry":{"type":"LineString","coordinates":[[-71.69661,-35.5478],[-71.69671,-35.54818]]}},{"type":"Feature","properties":{"nombre":"Ruta 5 Sur","jerarquia":1},"geometry":{"type":"LineString","coordinates":[[-71.69584,-35.54605],[-71.69643,-35.54729]]}},{"type":"Feature","properties":{"nombre":"Ruta 5 Sur","jerarquia":1},"geometry":{"type":"LineString","coordinates":[[-71.6967,-35.54953],[-71.69669,-35.54878],[-71.69658,-35.54817]]}},{"type":"Feature","properties":{"nombre":"Ruta 5 Sur","jerarquia":1},"geometry":{"type":"LineString","coordinates":[[-71.69643,-35.55097],[-71.6967,-35.54953]]}},{"type":"Feature","properties":{"nombre":"Ruta 5 Sur","jerarquia":1},"geometry":{"type":"LineString","coordinates":[[-71.64436,-35.45014],[-71.6445,-35.45048]]}},{"type":"Feature","properties":{"nombre":"Ruta 5 Sur","jerarquia":1},"geometry":{"type":"LineString","coordinates":[[-71.64407,-35.4494],[-71.64436,-35.45014]]}},{"type":"Feature","properties":{"nombre":"Ruta 5 Sur","jerarquia":1},"geometry":{"type":"LineString","coordinates":[[-71.6445,-35.45048],[-71.64515,-35.45212]]}},{"type":"Feature","properties":{"nombre":"Ruta 5 Sur","jerarquia":1},"geometry":{"type":"LineString","coordinates":[[-71.64427,-35.45031],[-71.64404,-35.44973]]}},{"type":"Feature","properties":{"nombre":"Ruta 5 Sur","jerarquia":1},"geometry":{"type":"LineString","coordinates":[[-71.64448,-35.45085],[-71.64427,-35.45031]]}},{"type":"Feature","properties":{"nombre":"Ruta 5 Sur","jerarquia":1},"geometry":{"type":"LineString","coordinates":[[-71.64404,-35.44973],[-71.64313,-35.44743]]}},{"type":"Feature","properties":{"nombre":"Ruta 5 Sur","jerarquia":1},"geometry":{"type":"LineString","coordinates":[[-71.64313,-35.44743],[-71.64283,-35.4467]]}},{"type":"Feature","properties":{"nombre":"Ruta 5 Sur","jerarquia":1},"geometry":{"type":"LineString","coordinates":[[-71.64515,-35.45212],[-71.64571,-35.45352]]}},{"type":"Feature","properties":{"nombre":"Ruta K-625","jerarquia":4},"geometry":{"type":"LineString","coordinates":[[-71.64403,-35.45302],[-71.64399,-35.4525]]}},{"type":"Feature","properties":{"nombre":"","jerarquia":1},"geometry":{"type":"LineString","coordinates":[[-71.64552,-35.45346],[-71.64535,-35.45321],[-71.64519,-35.45308]]}},{"type":"Feature","properties":{"nombre":"Ruta 5 Sur","jerarquia":1},"geometry":{"type":"LineString","coordinates":[[-71.6467,-35.456],[-71.65166,-35.46846]]}},{"type":"Feature","properties":{"nombre":"Ruta 5 Sur","jerarquia":1},"geometry":{"type":"LineString","coordinates":[[-71.65151,-35.4685],[-71.646,-35.45465]]}},{"type":"Feature","properties":{"nombre":"Ruta 5 Sur","jerarquia":1},"geometry":{"type":"LineString","coordinates":[[-71.62757,-35.40791],[-71.62778,-35.40845]]}},{"type":"Feature","properties":{"nombre":"Ruta 5 Sur","jerarquia":1},"geometry":{"type":"LineString","coordinates":[[-71.62689,-35.4066],[-71.62627,-35.40504]]}},{"type":"Feature","properties":{"nombre":"Ruta 5 Sur","jerarquia":1},"geometry":{"type":"LineString","coordinates":[[-71.6275,-35.40813],[-71.62689,-35.4066]]}},{"type":"Feature","properties":{"nombre":"Ruta 5 Sur","jerarquia":1},"geometry":{"type":"LineString","coordinates":[[-71.62725,-35.40709],[-71.62757,-35.40791]]}},{"type":"Feature","properties":{"nombre":"Ruta 5 Sur","jerarquia":1},"geometry":{"type":"LineString","coordinates":[[-71.63407,-35.42467],[-71.63263,-35.42105]]}},{"type":"Feature","properties":{"nombre":"Ruta 5 Sur","jerarquia":1},"geometry":{"type":"LineString","coordinates":[[-71.62772,-35.40868],[-71.6275,-35.40813]]}},{"type":"Feature","properties":{"nombre":"Ruta 5 Sur","jerarquia":1},"geometry":{"type":"LineString","coordinates":[[-71.62812,-35.40969],[-71.62772,-35.40868]]}},{"type":"Feature","properties":{"nombre":"Ruta 5 Sur","jerarquia":1},"geometry":{"type":"LineString","coordinates":[[-71.61624,-35.39569],[-71.6143,-35.39379]]}},{"type":"Feature","properties":{"nombre":"Ruta 5 Sur","jerarquia":1},"geometry":{"type":"LineString","coordinates":[[-71.61572,-35.395],[-71.61635,-35.39562]]}},{"type":"Feature","properties":{"nombre":"Ruta 5 Sur","jerarquia":1},"geometry":{"type":"LineString","coordinates":[[-71.59576,-35.37368],[-71.59316,-35.37135]]}},{"type":"Feature","properties":{"nombre":"Ruta 5 Sur","jerarquia":1},"geometry":{"type":"LineString","coordinates":[[-71.59316,-35.37135],[-71.59175,-35.3701]]}},{"type":"Feature","properties":{"nombre":"Ruta 5 Sur","jerarquia":1},"geometry":{"type":"LineString","coordinates":[[-71.60274,-35.381],[-71.60408,-35.38253]]}},{"type":"Feature","properties":{"nombre":"Ruta 5 Sur","jerarquia":1},"geometry":{"type":"LineString","coordinates":[[-71.60002,-35.37786],[-71.60111,-35.37911]]}},{"type":"Feature","properties":{"nombre":"Ruta 5 Sur","jerarquia":1},"geometry":{"type":"LineString","coordinates":[[-71.60188,-35.38],[-71.60274,-35.381]]}},{"type":"Feature","properties":{"nombre":"Ruta 5 Sur","jerarquia":1},"geometry":{"type":"LineString","coordinates":[[-71.60111,-35.37911],[-71.60188,-35.38]]}},{"type":"Feature","properties":{"nombre":"Ruta 5 Sur","jerarquia":1},"geometry":{"type":"LineString","coordinates":[[-71.60578,-35.3847],[-71.60515,-35.38398]]}},{"type":"Feature","properties":{"nombre":"Ruta 5 Sur","jerarquia":1},"geometry":{"type":"LineString","coordinates":[[-71.60518,-35.3838],[-71.60543,-35.38408]]}},{"type":"Feature","properties":{"nombre":"Ruta 5 Sur","jerarquia":1},"geometry":{"type":"LineString","coordinates":[[-71.60408,-35.38253],[-71.60499,-35.38359]]}},{"type":"Feature","properties":{"nombre":"Ruta 5 Sur","jerarquia":1},"geometry":{"type":"LineString","coordinates":[[-71.57828,-35.35613],[-71.57745,-35.35509]]}},{"type":"Feature","properties":{"nombre":"Ruta 5 Sur","jerarquia":1},"geometry":{"type":"LineString","coordinates":[[-71.57984,-35.35779],[-71.57889,-35.35678]]}},{"type":"Feature","properties":{"nombre":"Ruta 5 Sur","jerarquia":1},"geometry":{"type":"LineString","coordinates":[[-71.59012,-35.3686],[-71.58927,-35.36779]]}},{"type":"Feature","properties":{"nombre":"Ruta 5 Sur","jerarquia":1},"geometry":{"type":"LineString","coordinates":[[-71.58927,-35.36763],[-71.59005,-35.36836]]}},{"type":"Feature","properties":{"nombre":"Ruta 5 Sur","jerarquia":1},"geometry":{"type":"LineString","coordinates":[[-71.59175,-35.3701],[-71.59092,-35.36937]]}},{"type":"Feature","properties":{"nombre":"Ruta 5 Sur","jerarquia":1},"geometry":{"type":"LineString","coordinates":[[-71.59104,-35.36928],[-71.59204,-35.37019]]}},{"type":"Feature","properties":{"nombre":"Ruta 5 Sur","jerarquia":1},"geometry":{"type":"LineString","coordinates":[[-71.69318,-35.54088],[-71.69262,-35.53972]]}},{"type":"Feature","properties":{"nombre":"Ruta 5 Sur","jerarquia":1},"geometry":{"type":"LineString","coordinates":[[-71.69368,-35.54193],[-71.69318,-35.54088]]}},{"type":"Feature","properties":{"nombre":"Ruta 5 Sur","jerarquia":1},"geometry":{"type":"LineString","coordinates":[[-71.69542,-35.54553],[-71.69368,-35.54193]]}},{"type":"Feature","properties":{"nombre":"Ruta 5 Sur","jerarquia":1},"geometry":{"type":"LineString","coordinates":[[-71.69379,-35.54185],[-71.69408,-35.54246]]}},{"type":"Feature","properties":{"nombre":"Ruta 5 Sur","jerarquia":1},"geometry":{"type":"LineString","coordinates":[[-71.69322,-35.54067],[-71.69379,-35.54185]]}},{"type":"Feature","properties":{"nombre":"Ruta 5 Sur","jerarquia":1},"geometry":{"type":"LineString","coordinates":[[-71.69463,-35.54363],[-71.69559,-35.54554]]}},{"type":"Feature","properties":{"nombre":"Ruta 5 Sur","jerarquia":1},"geometry":{"type":"LineString","coordinates":[[-71.69202,-35.53819],[-71.69322,-35.54067]]}},{"type":"Feature","properties":{"nombre":"Ruta 5 Sur","jerarquia":1},"geometry":{"type":"LineString","coordinates":[[-71.69658,-35.54817],[-71.69634,-35.54742],[-71.69542,-35.54553]]}},{"type":"Feature","properties":{"nombre":"Calle de Servicio Ruta 5","jerarquia":5},"geometry":{"type":"LineString","coordinates":[[-71.65689,-35.48242],[-71.6561,-35.48045]]}},{"type":"Feature","properties":{"nombre":"Calle de Servicio Ruta 5","jerarquia":5},"geometry":{"type":"LineString","coordinates":[[-71.6561,-35.48045],[-71.65152,-35.46891],[-71.65142,-35.46882]]}},{"type":"Feature","properties":{"nombre":"Calle de Servicio Ruta 5","jerarquia":5},"geometry":{"type":"LineString","coordinates":[[-71.65735,-35.48365],[-71.65689,-35.48242]]}},{"type":"Feature","properties":{"nombre":"Ruta 5 Sur","jerarquia":1},"geometry":{"type":"LineString","coordinates":[[-71.67678,-35.52078],[-71.67648,-35.52045]]}},{"type":"Feature","properties":{"nombre":"Ruta 5 Sur","jerarquia":1},"geometry":{"type":"LineString","coordinates":[[-71.67727,-35.52132],[-71.67678,-35.52078]]}},{"type":"Feature","properties":{"nombre":"Camino Los Patos","jerarquia":5},"geometry":{"type":"LineString","coordinates":[[-71.68656,-35.45797],[-71.68664,-35.45802]]}},{"type":"Feature","properties":{"nombre":"Rodrigo Mendoza","jerarquia":3},"geometry":{"type":"LineString","coordinates":[[-71.68664,-35.45802],[-71.68624,-35.4587]]}},{"type":"Feature","properties":{"nombre":"Camino Los Patos","jerarquia":5},"geometry":{"type":"LineString","coordinates":[[-71.68647,-35.45812],[-71.68601,-35.45831]]}},{"type":"Feature","properties":{"nombre":"Camino Los Patos","jerarquia":5},"geometry":{"type":"LineString","coordinates":[[-71.68664,-35.45802],[-71.68647,-35.45812]]}},{"type":"Feature","properties":{"nombre":"Rodrigo Mendoza","jerarquia":3},"geometry":{"type":"LineString","coordinates":[[-71.68704,-35.45734],[-71.68664,-35.45802]]}},{"type":"Feature","properties":{"nombre":"Rodrigo Mendoza","jerarquia":3},"geometry":{"type":"LineString","coordinates":[[-71.68624,-35.4587],[-71.68586,-35.45927]]}},{"type":"Feature","properties":{"nombre":"Rodrigo Mendoza","jerarquia":3},"geometry":{"type":"LineString","coordinates":[[-71.68647,-35.45812],[-71.68656,-35.45797]]}},{"type":"Feature","properties":{"nombre":"Rodrigo Mendoza","jerarquia":3},"geometry":{"type":"LineString","coordinates":[[-71.68626,-35.45849],[-71.68647,-35.45812]]}},{"type":"Feature","properties":{"nombre":"Rodrigo Mendoza","jerarquia":3},"geometry":{"type":"LineString","coordinates":[[-71.68616,-35.45867],[-71.68626,-35.45849]]}},{"type":"Feature","properties":{"nombre":"Rodrigo Mendoza","jerarquia":3},"geometry":{"type":"LineString","coordinates":[[-71.6873,-35.45682],[-71.68704,-35.45734]]}},{"type":"Feature","properties":{"nombre":"Rodrigo Mendoza","jerarquia":3},"geometry":{"type":"LineString","coordinates":[[-71.68698,-35.45728],[-71.6873,-35.45682]]}},{"type":"Feature","properties":{"nombre":"Rodrigo Mendoza","jerarquia":3},"geometry":{"type":"LineString","coordinates":[[-71.68586,-35.45927],[-71.68616,-35.45867]]}},{"type":"Feature","properties":{"nombre":"Rodrigo Mendoza","jerarquia":3},"geometry":{"type":"LineString","coordinates":[[-71.6809,-35.46771],[-71.68426,-35.462]]}},{"type":"Feature","properties":{"nombre":"Rodrigo Mendoza","jerarquia":3},"geometry":{"type":"LineString","coordinates":[[-71.6873,-35.45682],[-71.688,-35.45563]]}},{"type":"Feature","properties":{"nombre":"Ruta 5 Sur","jerarquia":1},"geometry":{"type":"LineString","coordinates":[[-71.58927,-35.36779],[-71.58836,-35.36684]]}},{"type":"Feature","properties":{"nombre":"Ruta 5 Sur","jerarquia":1},"geometry":{"type":"LineString","coordinates":[[-71.61352,-35.39299],[-71.61299,-35.39243]]}},{"type":"Feature","properties":{"nombre":"Ruta 5 Sur","jerarquia":1},"geometry":{"type":"LineString","coordinates":[[-71.6143,-35.39379],[-71.61352,-35.39299]]}},{"type":"Feature","properties":{"nombre":"Ruta 5 Sur","jerarquia":1},"geometry":{"type":"LineString","coordinates":[[-71.59883,-35.37648],[-71.60002,-35.37786]]}},{"type":"Feature","properties":{"nombre":"Ruta 5 Sur","jerarquia":1},"geometry":{"type":"LineString","coordinates":[[-71.59852,-35.37614],[-71.59883,-35.37648]]}},{"type":"Feature","properties":{"nombre":"Ruta 5 Sur","jerarquia":1},"geometry":{"type":"LineString","coordinates":[[-71.59404,-35.37197],[-71.59473,-35.37258]]}},{"type":"Feature","properties":{"nombre":"Ruta 5 Sur","jerarquia":1},"geometry":{"type":"LineString","coordinates":[[-71.59204,-35.37019],[-71.59404,-35.37197]]}},{"type":"Feature","properties":{"nombre":"Ruta 5 Sur","jerarquia":1},"geometry":{"type":"LineString","coordinates":[[-71.57814,-35.35576],[-71.58927,-35.36763]]}},{"type":"Feature","properties":{"nombre":"Ruta 5 Sur","jerarquia":1},"geometry":{"type":"LineString","coordinates":[[-71.64296,-35.44665],[-71.64407,-35.4494]]}},{"type":"Feature","properties":{"nombre":"Ruta 5 Sur","jerarquia":1},"geometry":{"type":"LineString","coordinates":[[-71.67815,-35.52209],[-71.68018,-35.52435]]}},{"type":"Feature","properties":{"nombre":"","jerarquia":1},"geometry":{"type":"LineString","coordinates":[[-71.6602,-35.48776],[-71.66022,-35.48773]]}},{"type":"Feature","properties":{"nombre":"Caletera Ruta 5 Sur","jerarquia":5},"geometry":{"type":"LineString","coordinates":[[-71.66057,-35.48717],[-71.6607,-35.48732],[-71.66069,-35.48753]]}},{"type":"Feature","properties":{"nombre":"Ruta 5 Sur","jerarquia":1},"geometry":{"type":"LineString","coordinates":[[-71.69559,-35.54554],[-71.69584,-35.54605]]}},{"type":"Feature","properties":{"nombre":"Avenida Circunvalación 30 Oriente","jerarquia":5},"geometry":{"type":"LineString","coordinates":[[-71.62606,-35.42706],[-71.62619,-35.42737]]}},{"type":"Feature","properties":{"nombre":"","jerarquia":5},"geometry":{"type":"LineString","coordinates":[[-71.63049,-35.42551],[-71.63061,-35.4254]]}},{"type":"Feature","properties":{"nombre":"Calle 23 Oriente","jerarquia":5},"geometry":{"type":"LineString","coordinates":[[-71.63452,-35.43275],[-71.63443,-35.43257]]}},{"type":"Feature","properties":{"nombre":"Avenida Andrés Vaccaro","jerarquia":3},"geometry":{"type":"LineString","coordinates":[[-71.6401,-35.43073],[-71.63991,-35.43097]]}},{"type":"Feature","properties":{"nombre":"Avenida Andrés Vaccaro","jerarquia":3},"geometry":{"type":"LineString","coordinates":[[-71.64038,-35.43012],[-71.6401,-35.43073]]}},{"type":"Feature","properties":{"nombre":"Avenida Andrés Vaccaro","jerarquia":3},"geometry":{"type":"LineString","coordinates":[[-71.63959,-35.43104],[-71.6398,-35.43086]]}},{"type":"Feature","properties":{"nombre":"Avenida Andrés Vaccaro","jerarquia":3},"geometry":{"type":"LineString","coordinates":[[-71.6398,-35.43086],[-71.64,-35.43061]]}},{"type":"Feature","properties":{"nombre":"","jerarquia":1},"geometry":{"type":"LineString","coordinates":[[-71.63744,-35.43372],[-71.63734,-35.43344]]}},{"type":"Feature","properties":{"nombre":"","jerarquia":1},"geometry":{"type":"LineString","coordinates":[[-71.63734,-35.43344],[-71.6372,-35.43301]]}},{"type":"Feature","properties":{"nombre":"","jerarquia":1},"geometry":{"type":"LineString","coordinates":[[-71.63757,-35.43405],[-71.63744,-35.43372]]}},{"type":"Feature","properties":{"nombre":"20 Oriente","jerarquia":2},"geometry":{"type":"LineString","coordinates":[[-71.63613,-35.42915],[-71.63713,-35.43166]]}},{"type":"Feature","properties":{"nombre":"Avenida San Miguel","jerarquia":3},"geometry":{"type":"LineString","coordinates":[[-71.63758,-35.43187],[-71.63735,-35.43194]]}},{"type":"Feature","properties":{"nombre":"Avenida San Miguel","jerarquia":3},"geometry":{"type":"LineString","coordinates":[[-71.63735,-35.43194],[-71.63725,-35.43197]]}},{"type":"Feature","properties":{"nombre":"18 Oriente","jerarquia":3},"geometry":{"type":"LineString","coordinates":[[-71.6402,-35.42846],[-71.64005,-35.42821]]}},{"type":"Feature","properties":{"nombre":"18 Oriente","jerarquia":3},"geometry":{"type":"LineString","coordinates":[[-71.63984,-35.42787],[-71.63976,-35.42777]]}},{"type":"Feature","properties":{"nombre":"18 Oriente","jerarquia":3},"geometry":{"type":"LineString","coordinates":[[-71.64005,-35.42821],[-71.6399,-35.42796]]}},{"type":"Feature","properties":{"nombre":"18 Oriente","jerarquia":3},"geometry":{"type":"LineString","coordinates":[[-71.6399,-35.42796],[-71.63989,-35.42794]]}},{"type":"Feature","properties":{"nombre":"Calle 2 Norte","jerarquia":3},"geometry":{"type":"LineString","coordinates":[[-71.63877,-35.42812],[-71.63899,-35.42804]]}},{"type":"Feature","properties":{"nombre":"Calle 2 Norte","jerarquia":3},"geometry":{"type":"LineString","coordinates":[[-71.63899,-35.42804],[-71.63942,-35.42789]]}},{"type":"Feature","properties":{"nombre":"Calle 2 Norte","jerarquia":3},"geometry":{"type":"LineString","coordinates":[[-71.63942,-35.42789],[-71.6396,-35.42782]]}},{"type":"Feature","properties":{"nombre":"Calle 2 Norte","jerarquia":3},"geometry":{"type":"LineString","coordinates":[[-71.6396,-35.42782],[-71.63963,-35.42781]]}},{"type":"Feature","properties":{"nombre":"20 Oriente","jerarquia":2},"geometry":{"type":"LineString","coordinates":[[-71.63584,-35.42841],[-71.63594,-35.42864]]}},{"type":"Feature","properties":{"nombre":"20 Oriente","jerarquia":2},"geometry":{"type":"LineString","coordinates":[[-71.63594,-35.42864],[-71.63597,-35.42871]]}},{"type":"Feature","properties":{"nombre":"21 Oriente","jerarquia":2},"geometry":{"type":"LineString","coordinates":[[-71.63578,-35.4294],[-71.63576,-35.42933]]}},{"type":"Feature","properties":{"nombre":"21 Oriente","jerarquia":2},"geometry":{"type":"LineString","coordinates":[[-71.63585,-35.42955],[-71.63578,-35.4294]]}},{"type":"Feature","properties":{"nombre":"21 Oriente","jerarquia":2},"geometry":{"type":"LineString","coordinates":[[-71.63576,-35.42933],[-71.63571,-35.42921]]}},{"type":"Feature","properties":{"nombre":"21 Oriente","jerarquia":2},"geometry":{"type":"LineString","coordinates":[[-71.63571,-35.42921],[-71.63568,-35.42914]]}},{"type":"Feature","properties":{"nombre":"","jerarquia":1},"geometry":{"type":"LineString","coordinates":[[-71.63553,-35.42875],[-71.63485,-35.427]]}},{"type":"Feature","properties":{"nombre":"","jerarquia":1},"geometry":{"type":"LineString","coordinates":[[-71.63565,-35.42906],[-71.63555,-35.42882]]}},{"type":"Feature","properties":{"nombre":"","jerarquia":1},"geometry":{"type":"LineString","coordinates":[[-71.63555,-35.42882],[-71.63553,-35.42875]]}},{"type":"Feature","properties":{"nombre":"Calle 2 Norte","jerarquia":4},"geometry":{"type":"LineString","coordinates":[[-71.63505,-35.42923],[-71.63539,-35.42914]]}},{"type":"Feature","properties":{"nombre":"Calle 2 Norte","jerarquia":4},"geometry":{"type":"LineString","coordinates":[[-71.63539,-35.42914],[-71.63555,-35.42909]]}},{"type":"Feature","properties":{"nombre":"Calle 2 Norte","jerarquia":4},"geometry":{"type":"LineString","coordinates":[[-71.63555,-35.42909],[-71.63565,-35.42906]]}},{"type":"Feature","properties":{"nombre":"Calle 2 Norte","jerarquia":3},"geometry":{"type":"LineString","coordinates":[[-71.63661,-35.42888],[-71.6362,-35.429]]}},{"type":"Feature","properties":{"nombre":"Calle 2 Norte","jerarquia":3},"geometry":{"type":"LineString","coordinates":[[-71.6362,-35.429],[-71.63609,-35.42903]]}},{"type":"Feature","properties":{"nombre":"Calle 2 Norte","jerarquia":3},"geometry":{"type":"LineString","coordinates":[[-71.63609,-35.42903],[-71.636,-35.42905]]}},{"type":"Feature","properties":{"nombre":"20 Oriente","jerarquia":2},"geometry":{"type":"LineString","coordinates":[[-71.63609,-35.42903],[-71.63613,-35.42915]]}},{"type":"Feature","properties":{"nombre":"20 Oriente","jerarquia":2},"geometry":{"type":"LineString","coordinates":[[-71.63606,-35.42895],[-71.63609,-35.42903]]}},{"type":"Feature","properties":{"nombre":"20 Oriente","jerarquia":2},"geometry":{"type":"LineString","coordinates":[[-71.63513,-35.42681],[-71.63536,-35.42721],[-71.63584,-35.42841]]}},{"type":"Feature","properties":{"nombre":"20 Oriente","jerarquia":2},"geometry":{"type":"LineString","coordinates":[[-71.63713,-35.43166],[-71.63719,-35.43182]]}},{"type":"Feature","properties":{"nombre":"20 Oriente","jerarquia":2},"geometry":{"type":"LineString","coordinates":[[-71.63719,-35.43182],[-71.63723,-35.4319]]}},{"type":"Feature","properties":{"nombre":"Calle 2 Norte","jerarquia":3},"geometry":{"type":"LineString","coordinates":[[-71.63597,-35.42897],[-71.63606,-35.42895]]}},{"type":"Feature","properties":{"nombre":"Ruta 120","jerarquia":3},"geometry":{"type":"LineString","coordinates":[[-71.66032,-35.48757],[-71.66036,-35.4875]]}},{"type":"Feature","properties":{"nombre":"Ruta 120","jerarquia":3},"geometry":{"type":"LineString","coordinates":[[-71.66036,-35.4875],[-71.66057,-35.48717]]}},{"type":"Feature","properties":{"nombre":"Avenida San Miguel","jerarquia":2},"geometry":{"type":"LineString","coordinates":[[-71.62132,-35.43689],[-71.6217,-35.43677]]}},{"type":"Feature","properties":{"nombre":"Avenida San Miguel","jerarquia":2},"geometry":{"type":"LineString","coordinates":[[-71.62182,-35.43689],[-71.6214,-35.43703]]}},{"type":"Feature","properties":{"nombre":"Avenida San Miguel","jerarquia":2},"geometry":{"type":"LineString","coordinates":[[-71.62826,-35.43481],[-71.62444,-35.43603]]}},{"type":"Feature","properties":{"nombre":"Avenida San Miguel","jerarquia":2},"geometry":{"type":"LineString","coordinates":[[-71.62444,-35.43603],[-71.62309,-35.43646]]}},{"type":"Feature","properties":{"nombre":"Avenida San Miguel","jerarquia":2},"geometry":{"type":"LineString","coordinates":[[-71.62309,-35.43646],[-71.62297,-35.4365]]}},{"type":"Feature","properties":{"nombre":"Avenida San Miguel","jerarquia":2},"geometry":{"type":"LineString","coordinates":[[-71.6217,-35.43677],[-71.62264,-35.4365]]}},{"type":"Feature","properties":{"nombre":"Avenida San Miguel","jerarquia":2},"geometry":{"type":"LineString","coordinates":[[-71.62264,-35.4365],[-71.62278,-35.43646]]}},{"type":"Feature","properties":{"nombre":"","jerarquia":3},"geometry":{"type":"LineString","coordinates":[[-71.63788,-35.40318],[-71.63789,-35.40312]]}},{"type":"Feature","properties":{"nombre":"","jerarquia":3},"geometry":{"type":"LineString","coordinates":[[-71.63789,-35.40312],[-71.6379,-35.40309]]}},{"type":"Feature","properties":{"nombre":"Avenida Lircay","jerarquia":3},"geometry":{"type":"LineString","coordinates":[[-71.63788,-35.40318],[-71.6363,-35.40241]]}},{"type":"Feature","properties":{"nombre":"Avenida Lircay","jerarquia":3},"geometry":{"type":"LineString","coordinates":[[-71.63491,-35.40176],[-71.63424,-35.40148],[-71.63321,-35.40115]]}},{"type":"Feature","properties":{"nombre":"Ruta K-35","jerarquia":5},"geometry":{"type":"LineString","coordinates":[[-71.60298,-35.4243],[-71.60293,-35.42428]]}},{"type":"Feature","properties":{"nombre":"Ruta K-35","jerarquia":5},"geometry":{"type":"LineString","coordinates":[[-71.60293,-35.42428],[-71.60263,-35.42417],[-71.59975,-35.42346]]}},{"type":"Feature","properties":{"nombre":"Ruta K-35","jerarquia":5},"geometry":{"type":"LineString","coordinates":[[-71.59975,-35.42346],[-71.59938,-35.42336]]}},{"type":"Feature","properties":{"nombre":"Ruta K-35","jerarquia":5},"geometry":{"type":"LineString","coordinates":[[-71.59938,-35.42336],[-71.59811,-35.42303],[-71.59649,-35.42276]]}},{"type":"Feature","properties":{"nombre":"Ruta K-35","jerarquia":5},"geometry":{"type":"LineString","coordinates":[[-71.58896,-35.42174],[-71.58827,-35.42174]]}},{"type":"Feature","properties":{"nombre":"Ruta K-35","jerarquia":5},"geometry":{"type":"LineString","coordinates":[[-71.58744,-35.42169],[-71.58826,-35.42168]]}},{"type":"Feature","properties":{"nombre":"Avenida Las Rastras","jerarquia":5},"geometry":{"type":"LineString","coordinates":[[-71.60339,-35.42474],[-71.6031,-35.42439]]}},{"type":"Feature","properties":{"nombre":"Avenida Las Rastras","jerarquia":5},"geometry":{"type":"LineString","coordinates":[[-71.6031,-35.42439],[-71.60298,-35.4243]]}},{"type":"Feature","properties":{"nombre":"21 Oriente","jerarquia":3},"geometry":{"type":"LineString","coordinates":[[-71.63929,-35.43851],[-71.63924,-35.43839]]}},{"type":"Feature","properties":{"nombre":"21 Oriente","jerarquia":3},"geometry":{"type":"LineString","coordinates":[[-71.63924,-35.43839],[-71.63922,-35.43831]]}},{"type":"Feature","properties":{"nombre":"","jerarquia":3},"geometry":{"type":"LineString","coordinates":[[-71.63929,-35.43851],[-71.63906,-35.43839]]}},{"type":"Feature","properties":{"nombre":"","jerarquia":3},"geometry":{"type":"LineString","coordinates":[[-71.63906,-35.43839],[-71.63896,-35.43838]]}},{"type":"Feature","properties":{"nombre":"Avenida 8 Sur","jerarquia":4},"geometry":{"type":"LineString","coordinates":[[-71.63856,-35.43839],[-71.63893,-35.4383]]}},{"type":"Feature","properties":{"nombre":"Avenida 8 Sur","jerarquia":4},"geometry":{"type":"LineString","coordinates":[[-71.63804,-35.43852],[-71.63856,-35.43839]]}},{"type":"Feature","properties":{"nombre":"20 Oriente","jerarquia":3},"geometry":{"type":"LineString","coordinates":[[-71.63963,-35.43746],[-71.63977,-35.43781]]}},{"type":"Feature","properties":{"nombre":"20 Oriente","jerarquia":3},"geometry":{"type":"LineString","coordinates":[[-71.63949,-35.43711],[-71.63963,-35.43746]]}},{"type":"Feature","properties":{"nombre":"19 Oriente","jerarquia":5},"geometry":{"type":"LineString","coordinates":[[-71.6414,-35.43727],[-71.64147,-35.43745]]}},{"type":"Feature","properties":{"nombre":"19 Oriente","jerarquia":5},"geometry":{"type":"LineString","coordinates":[[-71.64147,-35.43745],[-71.64153,-35.43757]]}},{"type":"Feature","properties":{"nombre":"21 Oriente","jerarquia":5},"geometry":{"type":"LineString","coordinates":[[-71.64082,-35.44237],[-71.64076,-35.4422]]}},{"type":"Feature","properties":{"nombre":"21 Oriente","jerarquia":5},"geometry":{"type":"LineString","coordinates":[[-71.64076,-35.4422],[-71.6407,-35.44206]]}},{"type":"Feature","properties":{"nombre":"Ruta 5 Sur","jerarquia":1},"geometry":{"type":"LineString","coordinates":[[-71.64124,-35.4427],[-71.63874,-35.4364]]}},{"type":"Feature","properties":{"nombre":"","jerarquia":1},"geometry":{"type":"LineString","coordinates":[[-71.64124,-35.4427],[-71.6407,-35.44206]]}},{"type":"Feature","properties":{"nombre":"Avenida 21 Norte","jerarquia":5},"geometry":{"type":"LineString","coordinates":[[-71.62624,-35.41051],[-71.62595,-35.41056]]}},{"type":"Feature","properties":{"nombre":"Avenida 21 Norte","jerarquia":5},"geometry":{"type":"LineString","coordinates":[[-71.6267,-35.41041],[-71.62653,-35.41047]]}},{"type":"Feature","properties":{"nombre":"Avenida 21 Norte","jerarquia":5},"geometry":{"type":"LineString","coordinates":[[-71.6219,-35.41164],[-71.6226,-35.41123]]}},{"type":"Feature","properties":{"nombre":"Avenida 21 Norte","jerarquia":5},"geometry":{"type":"LineString","coordinates":[[-71.6226,-35.41123],[-71.62372,-35.41081]]}},{"type":"Feature","properties":{"nombre":"Avenida 21 Norte","jerarquia":5},"geometry":{"type":"LineString","coordinates":[[-71.6264,-35.41037],[-71.62661,-35.41035]]}},{"type":"Feature","properties":{"nombre":"Avenida 21 Norte","jerarquia":5},"geometry":{"type":"LineString","coordinates":[[-71.62661,-35.41035],[-71.62667,-35.41036]]}},{"type":"Feature","properties":{"nombre":"Avenida 21 Norte","jerarquia":5},"geometry":{"type":"LineString","coordinates":[[-71.62579,-35.41043],[-71.62606,-35.4104]]}},{"type":"Feature","properties":{"nombre":"Avenida 21 Norte","jerarquia":5},"geometry":{"type":"LineString","coordinates":[[-71.62181,-35.41208],[-71.6212,-35.41254]]}},{"type":"Feature","properties":{"nombre":"Avenida 21 Norte","jerarquia":5},"geometry":{"type":"LineString","coordinates":[[-71.62198,-35.41195],[-71.62181,-35.41208]]}},{"type":"Feature","properties":{"nombre":"Ruta 5 Sur","jerarquia":1},"geometry":{"type":"LineString","coordinates":[[-71.61973,-35.39878],[-71.6202,-35.39922]]}},{"type":"Feature","properties":{"nombre":"Calle de Servicio Ruta 5","jerarquia":5},"geometry":{"type":"LineString","coordinates":[[-71.62891,-35.40966],[-71.62877,-35.40946]]}},{"type":"Feature","properties":{"nombre":"Calle de Servicio Ruta 5","jerarquia":5},"geometry":{"type":"LineString","coordinates":[[-71.62894,-35.40993],[-71.62891,-35.40966]]}},{"type":"Feature","properties":{"nombre":"Enlace Las Industrias","jerarquia":5},"geometry":{"type":"LineString","coordinates":[[-71.6285,-35.40976],[-71.62863,-35.40973]]}},{"type":"Feature","properties":{"nombre":"","jerarquia":5},"geometry":{"type":"LineString","coordinates":[[-71.62894,-35.40993],[-71.62886,-35.40983],[-71.62871,-35.40975]]}},{"type":"Feature","properties":{"nombre":"","jerarquia":5},"geometry":{"type":"LineString","coordinates":[[-71.62871,-35.40975],[-71.62863,-35.40973]]}},{"type":"Feature","properties":{"nombre":"Calle de Servicio Ruta 5","jerarquia":5},"geometry":{"type":"LineString","coordinates":[[-71.62831,-35.40901],[-71.62817,-35.40864]]}},{"type":"Feature","properties":{"nombre":"Calle de Servicio Ruta 5","jerarquia":5},"geometry":{"type":"LineString","coordinates":[[-71.62817,-35.40864],[-71.62814,-35.40855]]}},{"type":"Feature","properties":{"nombre":"Calle de Servicio Ruta 5","jerarquia":5},"geometry":{"type":"LineString","coordinates":[[-71.62811,-35.40846],[-71.62814,-35.40855]]}},{"type":"Feature","properties":{"nombre":"Calle de Servicio Ruta 5","jerarquia":5},"geometry":{"type":"LineString","coordinates":[[-71.62732,-35.41141],[-71.62712,-35.41104]]}},{"type":"Feature","properties":{"nombre":"Avenida Circunvalación 30 Oriente","jerarquia":4},"geometry":{"type":"LineString","coordinates":[[-71.62897,-35.43375],[-71.62862,-35.43308]]}},{"type":"Feature","properties":{"nombre":"Avenida Circunvalación 30 Oriente","jerarquia":4},"geometry":{"type":"LineString","coordinates":[[-71.62907,-35.43393],[-71.62897,-35.43375]]}},{"type":"Feature","properties":{"nombre":"Avenida Circunvalación 30 Oriente","jerarquia":4},"geometry":{"type":"LineString","coordinates":[[-71.62826,-35.43147],[-71.62839,-35.43176]]}},{"type":"Feature","properties":{"nombre":"Avenida Circunvalación 30 Oriente","jerarquia":4},"geometry":{"type":"LineString","coordinates":[[-71.62839,-35.43176],[-71.62877,-35.43255]]}},{"type":"Feature","properties":{"nombre":"Avenida Circunvalación 30 Oriente","jerarquia":4},"geometry":{"type":"LineString","coordinates":[[-71.62877,-35.43255],[-71.629,-35.43306]]}},{"type":"Feature","properties":{"nombre":"Avenida Circunvalación 30 Oriente","jerarquia":4},"geometry":{"type":"LineString","coordinates":[[-71.62932,-35.43435],[-71.62923,-35.43422]]}},{"type":"Feature","properties":{"nombre":"Avenida 8 Sur","jerarquia":4},"geometry":{"type":"LineString","coordinates":[[-71.63418,-35.4402],[-71.63353,-35.44053]]}},{"type":"Feature","properties":{"nombre":"Avenida 8 Sur","jerarquia":4},"geometry":{"type":"LineString","coordinates":[[-71.63353,-35.44053],[-71.63341,-35.44059]]}},{"type":"Feature","properties":{"nombre":"Avenida Circunvalación 30 Oriente","jerarquia":5},"geometry":{"type":"LineString","coordinates":[[-71.6342,-35.44251],[-71.63382,-35.44194]]}},{"type":"Feature","properties":{"nombre":"Avenida Circunvalación 30 Oriente","jerarquia":5},"geometry":{"type":"LineString","coordinates":[[-71.63382,-35.44194],[-71.63343,-35.44137]]}},{"type":"Feature","properties":{"nombre":"Avenida Circunvalación 30 Oriente","jerarquia":5},"geometry":{"type":"LineString","coordinates":[[-71.63343,-35.44137],[-71.63309,-35.44086]]}},{"type":"Feature","properties":{"nombre":"Avenida Circunvalación 30 Oriente","jerarquia":5},"geometry":{"type":"LineString","coordinates":[[-71.63309,-35.44086],[-71.63303,-35.44077]]}},{"type":"Feature","properties":{"nombre":"Avenida Circunvalación 30 Oriente","jerarquia":5},"geometry":{"type":"LineString","coordinates":[[-71.63459,-35.44232],[-71.63521,-35.44323]]}},{"type":"Feature","properties":{"nombre":"Avenida Circunvalación 30 Oriente","jerarquia":5},"geometry":{"type":"LineString","coordinates":[[-71.63521,-35.44323],[-71.63548,-35.44364]]}},{"type":"Feature","properties":{"nombre":"21 Oriente","jerarquia":3},"geometry":{"type":"LineString","coordinates":[[-71.63978,-35.43977],[-71.63929,-35.43851]]}},{"type":"Feature","properties":{"nombre":"Ruta K-625","jerarquia":4},"geometry":{"type":"LineString","coordinates":[[-71.64404,-35.45312],[-71.64403,-35.45302]]}},{"type":"Feature","properties":{"nombre":"Ruta K-625","jerarquia":5},"geometry":{"type":"LineString","coordinates":[[-71.64405,-35.45334],[-71.64404,-35.45312]]}},{"type":"Feature","properties":{"nombre":"","jerarquia":1},"geometry":{"type":"LineString","coordinates":[[-71.64432,-35.45318],[-71.64411,-35.45328]]}},{"type":"Feature","properties":{"nombre":"","jerarquia":1},"geometry":{"type":"LineString","coordinates":[[-71.64411,-35.45328],[-71.64405,-35.45334]]}},{"type":"Feature","properties":{"nombre":"","jerarquia":1},"geometry":{"type":"LineString","coordinates":[[-71.64432,-35.45318],[-71.64411,-35.45315]]}},{"type":"Feature","properties":{"nombre":"","jerarquia":1},"geometry":{"type":"LineString","coordinates":[[-71.64411,-35.45315],[-71.64404,-35.45312]]}},{"type":"Feature","properties":{"nombre":"Avenida San Miguel","jerarquia":2},"geometry":{"type":"LineString","coordinates":[[-71.59632,-35.45024],[-71.59555,-35.45055]]}},{"type":"Feature","properties":{"nombre":"Avenida San Miguel","jerarquia":2},"geometry":{"type":"LineString","coordinates":[[-71.58459,-35.4542],[-71.58416,-35.45433]]}},{"type":"Feature","properties":{"nombre":"Avenida San Miguel","jerarquia":2},"geometry":{"type":"LineString","coordinates":[[-71.58571,-35.45388],[-71.58459,-35.4542]]}},{"type":"Feature","properties":{"nombre":"Avenida San Miguel","jerarquia":2},"geometry":{"type":"LineString","coordinates":[[-71.58632,-35.45372],[-71.58571,-35.45388]]}},{"type":"Feature","properties":{"nombre":"Avenida San Miguel","jerarquia":2},"geometry":{"type":"LineString","coordinates":[[-71.59064,-35.45232],[-71.59116,-35.4521],[-71.59187,-35.45169]]}},{"type":"Feature","properties":{"nombre":"Avenida San Miguel","jerarquia":2},"geometry":{"type":"LineString","coordinates":[[-71.58439,-35.45414],[-71.58607,-35.45367]]}},{"type":"Feature","properties":{"nombre":"Avenida San Miguel","jerarquia":2},"geometry":{"type":"LineString","coordinates":[[-71.58607,-35.45367],[-71.58628,-35.45361]]}},{"type":"Feature","properties":{"nombre":"Avenida San Miguel","jerarquia":2},"geometry":{"type":"LineString","coordinates":[[-71.58741,-35.4534],[-71.5864,-35.4537]]}},{"type":"Feature","properties":{"nombre":"Avenida San Miguel","jerarquia":2},"geometry":{"type":"LineString","coordinates":[[-71.5864,-35.4537],[-71.58632,-35.45372]]}},{"type":"Feature","properties":{"nombre":"Avenida San Miguel","jerarquia":2},"geometry":{"type":"LineString","coordinates":[[-71.59112,-35.45229],[-71.59066,-35.45243]]}},{"type":"Feature","properties":{"nombre":"Avenida San Miguel","jerarquia":2},"geometry":{"type":"LineString","coordinates":[[-71.59066,-35.45243],[-71.58835,-35.45312]]}},{"type":"Feature","properties":{"nombre":"Avenida San Miguel","jerarquia":2},"geometry":{"type":"LineString","coordinates":[[-71.58835,-35.45312],[-71.58741,-35.4534]]}},{"type":"Feature","properties":{"nombre":"Avenida San Miguel","jerarquia":2},"geometry":{"type":"LineString","coordinates":[[-71.59555,-35.45055],[-71.59377,-35.45123]]}},{"type":"Feature","properties":{"nombre":"Avenida San Miguel","jerarquia":2},"geometry":{"type":"LineString","coordinates":[[-71.59659,-35.45013],[-71.59641,-35.45021]]}},{"type":"Feature","properties":{"nombre":"Avenida San Miguel","jerarquia":2},"geometry":{"type":"LineString","coordinates":[[-71.59641,-35.45021],[-71.59632,-35.45024]]}},{"type":"Feature","properties":{"nombre":"Avenida San Miguel","jerarquia":2},"geometry":{"type":"LineString","coordinates":[[-71.59989,-35.44881],[-71.59871,-35.44928]]}},{"type":"Feature","properties":{"nombre":"Avenida San Miguel","jerarquia":2},"geometry":{"type":"LineString","coordinates":[[-71.5978,-35.44964],[-71.59659,-35.45013]]}},{"type":"Feature","properties":{"nombre":"Avenida San Miguel","jerarquia":2},"geometry":{"type":"LineString","coordinates":[[-71.60203,-35.4475],[-71.60113,-35.44816]]}},{"type":"Feature","properties":{"nombre":"Esmeralda","jerarquia":5},"geometry":{"type":"LineString","coordinates":[[-71.60238,-35.44725],[-71.60247,-35.44738]]}},{"type":"Feature","properties":{"nombre":"Esmeralda","jerarquia":5},"geometry":{"type":"LineString","coordinates":[[-71.60247,-35.44738],[-71.60301,-35.44817]]}},{"type":"Feature","properties":{"nombre":"Esmeralda","jerarquia":5},"geometry":{"type":"LineString","coordinates":[[-71.60301,-35.44817],[-71.60319,-35.44848]]}},{"type":"Feature","properties":{"nombre":"Avenida San Miguel","jerarquia":2},"geometry":{"type":"LineString","coordinates":[[-71.60238,-35.44725],[-71.60203,-35.4475]]}},{"type":"Feature","properties":{"nombre":"Avenida San Miguel","jerarquia":2},"geometry":{"type":"LineString","coordinates":[[-71.60304,-35.44677],[-71.60249,-35.44718]]}},{"type":"Feature","properties":{"nombre":"Avenida San Miguel","jerarquia":2},"geometry":{"type":"LineString","coordinates":[[-71.60249,-35.44718],[-71.60238,-35.44725]]}},{"type":"Feature","properties":{"nombre":"Avenida San Miguel","jerarquia":2},"geometry":{"type":"LineString","coordinates":[[-71.60534,-35.44508],[-71.60325,-35.44661]]}},{"type":"Feature","properties":{"nombre":"Avenida San Miguel","jerarquia":2},"geometry":{"type":"LineString","coordinates":[[-71.60325,-35.44661],[-71.60304,-35.44677]]}},{"type":"Feature","properties":{"nombre":"Avenida San Miguel","jerarquia":2},"geometry":{"type":"LineString","coordinates":[[-71.60307,-35.44656],[-71.60514,-35.44507]]}},{"type":"Feature","properties":{"nombre":"Avenida San Miguel","jerarquia":2},"geometry":{"type":"LineString","coordinates":[[-71.60514,-35.44507],[-71.60525,-35.445]]}},{"type":"Feature","properties":{"nombre":"Avenida San Miguel","jerarquia":2},"geometry":{"type":"LineString","coordinates":[[-71.60213,-35.44725],[-71.60229,-35.44714]]}},{"type":"Feature","properties":{"nombre":"Avenida San Miguel","jerarquia":2},"geometry":{"type":"LineString","coordinates":[[-71.60624,-35.44442],[-71.60541,-35.44503]]}},{"type":"Feature","properties":{"nombre":"Avenida San Miguel","jerarquia":2},"geometry":{"type":"LineString","coordinates":[[-71.60541,-35.44503],[-71.60534,-35.44508]]}},{"type":"Feature","properties":{"nombre":"Ruta K-353","jerarquia":5},"geometry":{"type":"LineString","coordinates":[[-71.61422,-35.44114],[-71.61457,-35.44177]]}},{"type":"Feature","properties":{"nombre":"Ruta K-353","jerarquia":5},"geometry":{"type":"LineString","coordinates":[[-71.61457,-35.44177],[-71.61597,-35.4443]]}},{"type":"Feature","properties":{"nombre":"Avenida San Miguel","jerarquia":2},"geometry":{"type":"LineString","coordinates":[[-71.61596,-35.43862],[-71.62042,-35.43722],[-71.62132,-35.43689]]}},{"type":"Feature","properties":{"nombre":"Avenida Las Rastras","jerarquia":4},"geometry":{"type":"LineString","coordinates":[[-71.61325,-35.43943],[-71.6132,-35.43937]]}},{"type":"Feature","properties":{"nombre":"Avenida Las Rastras","jerarquia":4},"geometry":{"type":"LineString","coordinates":[[-71.6132,-35.43937],[-71.61304,-35.43919]]}},{"type":"Feature","properties":{"nombre":"Avenida San Miguel","jerarquia":2},"geometry":{"type":"LineString","coordinates":[[-71.61331,-35.43951],[-71.61283,-35.43975],[-71.61082,-35.44117]]}},{"type":"Feature","properties":{"nombre":"Avenida San Miguel","jerarquia":2},"geometry":{"type":"LineString","coordinates":[[-71.6125,-35.43985],[-71.61325,-35.43943]]}},{"type":"Feature","properties":{"nombre":"Avenida San Miguel","jerarquia":2},"geometry":{"type":"LineString","coordinates":[[-71.54123,-35.48885],[-71.53362,-35.4957]]}},{"type":"Feature","properties":{"nombre":"Avenida San Miguel","jerarquia":2},"geometry":{"type":"LineString","coordinates":[[-71.54176,-35.48839],[-71.54123,-35.48885]]}},{"type":"Feature","properties":{"nombre":"Avenida San Miguel","jerarquia":2},"geometry":{"type":"LineString","coordinates":[[-71.54447,-35.48594],[-71.54176,-35.48839]]}},{"type":"Feature","properties":{"nombre":"Avenida San Miguel","jerarquia":2},"geometry":{"type":"LineString","coordinates":[[-71.54547,-35.48509],[-71.54447,-35.48594]]}},{"type":"Feature","properties":{"nombre":"Avenida San Miguel","jerarquia":2},"geometry":{"type":"LineString","coordinates":[[-71.54744,-35.48321],[-71.54644,-35.48413]]}},{"type":"Feature","properties":{"nombre":"Avenida San Miguel","jerarquia":2},"geometry":{"type":"LineString","coordinates":[[-71.55254,-35.47859],[-71.55218,-35.47891]]}},{"type":"Feature","properties":{"nombre":"Avenida San Miguel","jerarquia":2},"geometry":{"type":"LineString","coordinates":[[-71.54973,-35.48112],[-71.54903,-35.48176]]}},{"type":"Feature","properties":{"nombre":"Ruta K-361","jerarquia":4},"geometry":{"type":"LineString","coordinates":[[-71.55254,-35.47859],[-71.55326,-35.47945]]}},{"type":"Feature","properties":{"nombre":"Avenida San Miguel","jerarquia":2},"geometry":{"type":"LineString","coordinates":[[-71.5548,-35.47657],[-71.55347,-35.47776]]}},{"type":"Feature","properties":{"nombre":"Avenida San Miguel","jerarquia":2},"geometry":{"type":"LineString","coordinates":[[-71.55313,-35.47805],[-71.55254,-35.47859]]}},{"type":"Feature","properties":{"nombre":"Avenida San Miguel","jerarquia":2},"geometry":{"type":"LineString","coordinates":[[-71.55332,-35.47774],[-71.55641,-35.47497]]}},{"type":"Feature","properties":{"nombre":"Avenida San Miguel","jerarquia":2},"geometry":{"type":"LineString","coordinates":[[-71.5574,-35.4743],[-71.55655,-35.475]]}},{"type":"Feature","properties":{"nombre":"Avenida San Miguel","jerarquia":2},"geometry":{"type":"LineString","coordinates":[[-71.55655,-35.475],[-71.5548,-35.47657]]}},{"type":"Feature","properties":{"nombre":"Avenida San Miguel","jerarquia":2},"geometry":{"type":"LineString","coordinates":[[-71.55856,-35.47356],[-71.55797,-35.47392]]}},{"type":"Feature","properties":{"nombre":"Avenida San Miguel","jerarquia":2},"geometry":{"type":"LineString","coordinates":[[-71.56035,-35.47249],[-71.55975,-35.47284]]}},{"type":"Feature","properties":{"nombre":"Avenida San Miguel","jerarquia":2},"geometry":{"type":"LineString","coordinates":[[-71.55641,-35.47497],[-71.55733,-35.4742],[-71.55831,-35.47357]]}},{"type":"Feature","properties":{"nombre":"Avenida San Miguel","jerarquia":2},"geometry":{"type":"LineString","coordinates":[[-71.55831,-35.47357],[-71.55847,-35.47347]]}},{"type":"Feature","properties":{"nombre":"Avenida San Miguel","jerarquia":2},"geometry":{"type":"LineString","coordinates":[[-71.56239,-35.47111],[-71.56348,-35.47043],[-71.56448,-35.46971]]}},{"type":"Feature","properties":{"nombre":"Avenida San Miguel","jerarquia":2},"geometry":{"type":"LineString","coordinates":[[-71.56448,-35.46971],[-71.56521,-35.46923]]}},{"type":"Feature","properties":{"nombre":"Avenida San Miguel","jerarquia":2},"geometry":{"type":"LineString","coordinates":[[-71.56521,-35.46923],[-71.5656,-35.46896]]}},{"type":"Feature","properties":{"nombre":"Avenida San Miguel","jerarquia":2},"geometry":{"type":"LineString","coordinates":[[-71.5656,-35.46896],[-71.56731,-35.46789]]}},{"type":"Feature","properties":{"nombre":"Avenida San Miguel","jerarquia":2},"geometry":{"type":"LineString","coordinates":[[-71.56731,-35.46789],[-71.56916,-35.46679]]}},{"type":"Feature","properties":{"nombre":"Ruta K-555","jerarquia":5},"geometry":{"type":"LineString","coordinates":[[-71.55847,-35.47347],[-71.55794,-35.47252],[-71.55744,-35.47185],[-71.55737,-35.4716],[-71.55741,-35.47141]]}},{"type":"Feature","properties":{"nombre":"Ruta K-555","jerarquia":5},"geometry":{"type":"LineString","coordinates":[[-71.55856,-35.47356],[-71.55847,-35.47347]]}},{"type":"Feature","properties":{"nombre":"Avenida San Miguel","jerarquia":2},"geometry":{"type":"LineString","coordinates":[[-71.55975,-35.47284],[-71.55869,-35.47348]]}},{"type":"Feature","properties":{"nombre":"Avenida San Miguel","jerarquia":2},"geometry":{"type":"LineString","coordinates":[[-71.55869,-35.47348],[-71.55856,-35.47356]]}},{"type":"Feature","properties":{"nombre":"Avenida San Miguel","jerarquia":2},"geometry":{"type":"LineString","coordinates":[[-71.56125,-35.47215],[-71.56035,-35.47249]]}},{"type":"Feature","properties":{"nombre":"Avenida San Miguel","jerarquia":2},"geometry":{"type":"LineString","coordinates":[[-71.57709,-35.46099],[-71.57546,-35.46291],[-71.57454,-35.46372]]}},{"type":"Feature","properties":{"nombre":"Avenida San Miguel","jerarquia":2},"geometry":{"type":"LineString","coordinates":[[-71.57806,-35.4598],[-71.578,-35.45987]]}},{"type":"Feature","properties":{"nombre":"Avenida San Miguel","jerarquia":2},"geometry":{"type":"LineString","coordinates":[[-71.578,-35.45987],[-71.57709,-35.46099]]}},{"type":"Feature","properties":{"nombre":"Avenida San Miguel","jerarquia":2},"geometry":{"type":"LineString","coordinates":[[-71.58416,-35.45433],[-71.58304,-35.45477],[-71.58209,-35.45536],[-71.5814,-35.456],[-71.58024,-35.45732]]}},{"type":"Feature","properties":{"nombre":"Ruta 5 Sur","jerarquia":1},"geometry":{"type":"LineString","coordinates":[[-71.62931,-35.41268],[-71.62902,-35.41195]]}},{"type":"Feature","properties":{"nombre":"Ruta 5 Sur","jerarquia":1},"geometry":{"type":"LineString","coordinates":[[-71.62902,-35.41195],[-71.62812,-35.40969]]}},{"type":"Feature","properties":{"nombre":"Ruta 5 Sur","jerarquia":1},"geometry":{"type":"LineString","coordinates":[[-71.62986,-35.41407],[-71.62961,-35.41344]]}},{"type":"Feature","properties":{"nombre":"Ruta 5 Sur","jerarquia":1},"geometry":{"type":"LineString","coordinates":[[-71.63263,-35.42105],[-71.62986,-35.41407]]}},{"type":"Feature","properties":{"nombre":"Calle de Servicio Ruta 5","jerarquia":5},"geometry":{"type":"LineString","coordinates":[[-71.62878,-35.41406],[-71.62868,-35.41388]]}},{"type":"Feature","properties":{"nombre":"Avenida 21 Norte","jerarquia":5},"geometry":{"type":"LineString","coordinates":[[-71.62676,-35.41038],[-71.6267,-35.41041]]}},{"type":"Feature","properties":{"nombre":"Calle de Servicio Ruta 5","jerarquia":5},"geometry":{"type":"LineString","coordinates":[[-71.6267,-35.41041],[-71.62667,-35.41036]]}},{"type":"Feature","properties":{"nombre":"Avenida 21 Norte","jerarquia":5},"geometry":{"type":"LineString","coordinates":[[-71.62653,-35.41047],[-71.62624,-35.41051]]}},{"type":"Feature","properties":{"nombre":"Calle de Servicio Ruta 5","jerarquia":5},"geometry":{"type":"LineString","coordinates":[[-71.62679,-35.41057],[-71.6267,-35.41041]]}},{"type":"Feature","properties":{"nombre":"","jerarquia":5},"geometry":{"type":"LineString","coordinates":[[-71.62679,-35.41057],[-71.62667,-35.41049],[-71.62653,-35.41047]]}},{"type":"Feature","properties":{"nombre":"Avenida 21 Norte","jerarquia":5},"geometry":{"type":"LineString","coordinates":[[-71.62667,-35.41036],[-71.62676,-35.41038]]}},{"type":"Feature","properties":{"nombre":"Avenida 21 Norte","jerarquia":5},"geometry":{"type":"LineString","coordinates":[[-71.62606,-35.4104],[-71.6264,-35.41037]]}},{"type":"Feature","properties":{"nombre":"Calle de Servicio Ruta 5","jerarquia":5},"geometry":{"type":"LineString","coordinates":[[-71.6265,-35.41005],[-71.62629,-35.40964]]}},{"type":"Feature","properties":{"nombre":"Calle de Servicio Ruta 5","jerarquia":5},"geometry":{"type":"LineString","coordinates":[[-71.62667,-35.41036],[-71.6265,-35.41005]]}},{"type":"Feature","properties":{"nombre":"Enlace Las Industrias","jerarquia":5},"geometry":{"type":"LineString","coordinates":[[-71.62676,-35.41038],[-71.6268,-35.41036]]}},{"type":"Feature","properties":{"nombre":"Enlace Las Industrias","jerarquia":5},"geometry":{"type":"LineString","coordinates":[[-71.6268,-35.41036],[-71.62698,-35.41029]]}},{"type":"Feature","properties":{"nombre":"Calle de Servicio Ruta 5","jerarquia":5},"geometry":{"type":"LineString","coordinates":[[-71.62686,-35.41056],[-71.627,-35.41081]]}},{"type":"Feature","properties":{"nombre":"","jerarquia":5},"geometry":{"type":"LineString","coordinates":[[-71.62698,-35.41029],[-71.62687,-35.41048]]}},{"type":"Feature","properties":{"nombre":"","jerarquia":5},"geometry":{"type":"LineString","coordinates":[[-71.62687,-35.41048],[-71.62686,-35.41056]]}},{"type":"Feature","properties":{"nombre":"Calle de Servicio Ruta 5","jerarquia":5},"geometry":{"type":"LineString","coordinates":[[-71.62629,-35.40964],[-71.62638,-35.40976]]}},{"type":"Feature","properties":{"nombre":"Calle de Servicio Ruta 5","jerarquia":5},"geometry":{"type":"LineString","coordinates":[[-71.62676,-35.41038],[-71.62686,-35.41056]]}},{"type":"Feature","properties":{"nombre":"Calle de Servicio Ruta 5","jerarquia":5},"geometry":{"type":"LineString","coordinates":[[-71.627,-35.41081],[-71.62712,-35.41104]]}},{"type":"Feature","properties":{"nombre":"Calle de Servicio Ruta 5","jerarquia":5},"geometry":{"type":"LineString","coordinates":[[-71.62638,-35.40976],[-71.62676,-35.41038]]}},{"type":"Feature","properties":{"nombre":"Calle de Servicio Ruta 5","jerarquia":5},"geometry":{"type":"LineString","coordinates":[[-71.62712,-35.41104],[-71.62679,-35.41057]]}},{"type":"Feature","properties":{"nombre":"","jerarquia":5},"geometry":{"type":"LineString","coordinates":[[-71.6264,-35.41037],[-71.6265,-35.41027],[-71.62651,-35.41015]]}},{"type":"Feature","properties":{"nombre":"","jerarquia":5},"geometry":{"type":"LineString","coordinates":[[-71.62651,-35.41015],[-71.6265,-35.41005]]}},{"type":"Feature","properties":{"nombre":"Avenida Las Rastras","jerarquia":5},"geometry":{"type":"LineString","coordinates":[[-71.60544,-35.42825],[-71.60413,-35.42604]]}},{"type":"Feature","properties":{"nombre":"Avenida Las Rastras","jerarquia":5},"geometry":{"type":"LineString","coordinates":[[-71.60634,-35.42975],[-71.60628,-35.42965]]}},{"type":"Feature","properties":{"nombre":"Avenida Las Rastras","jerarquia":5},"geometry":{"type":"LineString","coordinates":[[-71.60628,-35.42965],[-71.60608,-35.42932]]}},{"type":"Feature","properties":{"nombre":"Avenida Las Rastras","jerarquia":5},"geometry":{"type":"LineString","coordinates":[[-71.60608,-35.42932],[-71.60559,-35.42851]]}},{"type":"Feature","properties":{"nombre":"Avenida Las Rastras","jerarquia":5},"geometry":{"type":"LineString","coordinates":[[-71.60559,-35.42851],[-71.60544,-35.42825]]}},{"type":"Feature","properties":{"nombre":"Avenida San Miguel","jerarquia":2},"geometry":{"type":"LineString","coordinates":[[-71.62284,-35.43655],[-71.62182,-35.43689]]}},{"type":"Feature","properties":{"nombre":"Avenida Las Rastras","jerarquia":5},"geometry":{"type":"LineString","coordinates":[[-71.60848,-35.43311],[-71.60892,-35.43391]]}},{"type":"Feature","properties":{"nombre":"Avenida Las Rastras","jerarquia":5},"geometry":{"type":"LineString","coordinates":[[-71.60892,-35.43391],[-71.60841,-35.43315]]}},{"type":"Feature","properties":{"nombre":"Avenida Circunvalación 30 Oriente","jerarquia":5},"geometry":{"type":"LineString","coordinates":[[-71.62757,-35.43088],[-71.62748,-35.4307]]}},{"type":"Feature","properties":{"nombre":"Avenida Circunvalación 30 Oriente","jerarquia":5},"geometry":{"type":"LineString","coordinates":[[-71.62748,-35.4307],[-71.62696,-35.4297]]}},{"type":"Feature","properties":{"nombre":"Avenida San Miguel","jerarquia":2},"geometry":{"type":"LineString","coordinates":[[-71.60229,-35.44714],[-71.60307,-35.44656]]}},{"type":"Feature","properties":{"nombre":"Avenida San Miguel","jerarquia":2},"geometry":{"type":"LineString","coordinates":[[-71.60619,-35.44429],[-71.60788,-35.44307]]}},{"type":"Feature","properties":{"nombre":"Avenida San Miguel","jerarquia":2},"geometry":{"type":"LineString","coordinates":[[-71.60094,-35.44812],[-71.602,-35.44734]]}},{"type":"Feature","properties":{"nombre":"Avenida San Miguel","jerarquia":2},"geometry":{"type":"LineString","coordinates":[[-71.602,-35.44734],[-71.60213,-35.44725]]}},{"type":"Feature","properties":{"nombre":"Avenida San Miguel","jerarquia":2},"geometry":{"type":"LineString","coordinates":[[-71.60525,-35.445],[-71.60619,-35.44429]]}},{"type":"Feature","properties":{"nombre":"Avenida San Miguel","jerarquia":2},"geometry":{"type":"LineString","coordinates":[[-71.60897,-35.44234],[-71.6108,-35.44104]]}},{"type":"Feature","properties":{"nombre":"Avenida San Miguel","jerarquia":2},"geometry":{"type":"LineString","coordinates":[[-71.60788,-35.44307],[-71.60867,-35.44253]]}},{"type":"Feature","properties":{"nombre":"Avenida San Miguel","jerarquia":2},"geometry":{"type":"LineString","coordinates":[[-71.60867,-35.44253],[-71.60897,-35.44234]]}},{"type":"Feature","properties":{"nombre":"Avenida San Miguel","jerarquia":2},"geometry":{"type":"LineString","coordinates":[[-71.62278,-35.43646],[-71.62293,-35.43641]]}},{"type":"Feature","properties":{"nombre":"Avenida San Miguel","jerarquia":2},"geometry":{"type":"LineString","coordinates":[[-71.62297,-35.4365],[-71.62284,-35.43655]]}},{"type":"Feature","properties":{"nombre":"34 Oriente","jerarquia":5},"geometry":{"type":"LineString","coordinates":[[-71.62297,-35.4365],[-71.62293,-35.43641]]}},{"type":"Feature","properties":{"nombre":"Avenida San Miguel","jerarquia":2},"geometry":{"type":"LineString","coordinates":[[-71.57332,-35.46433],[-71.57441,-35.46365]]}},{"type":"Feature","properties":{"nombre":"Avenida San Miguel","jerarquia":2},"geometry":{"type":"LineString","coordinates":[[-71.57441,-35.46365],[-71.57514,-35.46303],[-71.57632,-35.46168]]}},{"type":"Feature","properties":{"nombre":"Avenida San Miguel","jerarquia":2},"geometry":{"type":"LineString","coordinates":[[-71.57632,-35.46168],[-71.57779,-35.45993]]}},{"type":"Feature","properties":{"nombre":"Avenida San Miguel","jerarquia":2},"geometry":{"type":"LineString","coordinates":[[-71.57779,-35.45993],[-71.57821,-35.45946]]}},{"type":"Feature","properties":{"nombre":"Avenida San Miguel","jerarquia":2},"geometry":{"type":"LineString","coordinates":[[-71.57454,-35.46372],[-71.57331,-35.46448]]}},{"type":"Feature","properties":{"nombre":"Avenida San Miguel","jerarquia":2},"geometry":{"type":"LineString","coordinates":[[-71.57331,-35.46448],[-71.5731,-35.46459]]}},{"type":"Feature","properties":{"nombre":"Avenida San Miguel","jerarquia":2},"geometry":{"type":"LineString","coordinates":[[-71.5731,-35.46459],[-71.57271,-35.4648]]}},{"type":"Feature","properties":{"nombre":"Avenida San Miguel","jerarquia":2},"geometry":{"type":"LineString","coordinates":[[-71.57271,-35.4648],[-71.57172,-35.4654]]}},{"type":"Feature","properties":{"nombre":"Avenida San Miguel","jerarquia":2},"geometry":{"type":"LineString","coordinates":[[-71.57821,-35.45946],[-71.57898,-35.45847]]}},{"type":"Feature","properties":{"nombre":"Avenida San Miguel","jerarquia":2},"geometry":{"type":"LineString","coordinates":[[-71.57898,-35.45847],[-71.57917,-35.45824]]}},{"type":"Feature","properties":{"nombre":"Avenida San Miguel","jerarquia":2},"geometry":{"type":"LineString","coordinates":[[-71.57835,-35.45948],[-71.57806,-35.4598]]}},{"type":"Feature","properties":{"nombre":"Avenida San Miguel","jerarquia":2},"geometry":{"type":"LineString","coordinates":[[-71.57939,-35.45835],[-71.57933,-35.45841]]}},{"type":"Feature","properties":{"nombre":"Avenida San Miguel","jerarquia":2},"geometry":{"type":"LineString","coordinates":[[-71.57933,-35.45841],[-71.5792,-35.45856]]}},{"type":"Feature","properties":{"nombre":"Avenida San Miguel","jerarquia":2},"geometry":{"type":"LineString","coordinates":[[-71.57917,-35.45824],[-71.58007,-35.45733]]}},{"type":"Feature","properties":{"nombre":"Avenida San Miguel","jerarquia":2},"geometry":{"type":"LineString","coordinates":[[-71.58007,-35.45733],[-71.58147,-35.45577],[-71.58201,-35.45529],[-71.58255,-35.45492],[-71.58314,-35.4546],[-71.58439,-35.45414]]}},{"type":"Feature","properties":{"nombre":"Avenida San Miguel","jerarquia":2},"geometry":{"type":"LineString","coordinates":[[-71.58024,-35.45732],[-71.57994,-35.45768]]}},{"type":"Feature","properties":{"nombre":"Avenida San Miguel","jerarquia":2},"geometry":{"type":"LineString","coordinates":[[-71.57994,-35.45768],[-71.57939,-35.45835]]}},{"type":"Feature","properties":{"nombre":"Avenida San Miguel","jerarquia":2},"geometry":{"type":"LineString","coordinates":[[-71.5792,-35.45856],[-71.57835,-35.45948]]}},{"type":"Feature","properties":{"nombre":"Avenida San Miguel","jerarquia":2},"geometry":{"type":"LineString","coordinates":[[-71.58628,-35.45361],[-71.59064,-35.45232]]}},{"type":"Feature","properties":{"nombre":"Avenida San Miguel","jerarquia":2},"geometry":{"type":"LineString","coordinates":[[-71.59204,-35.45193],[-71.59112,-35.45229]]}},{"type":"Feature","properties":{"nombre":"Avenida San Miguel","jerarquia":2},"geometry":{"type":"LineString","coordinates":[[-71.59377,-35.45123],[-71.59319,-35.45147]]}},{"type":"Feature","properties":{"nombre":"Avenida San Miguel","jerarquia":2},"geometry":{"type":"LineString","coordinates":[[-71.5925,-35.45174],[-71.59204,-35.45193]]}},{"type":"Feature","properties":{"nombre":"Avenida San Miguel","jerarquia":2},"geometry":{"type":"LineString","coordinates":[[-71.59187,-35.45169],[-71.59245,-35.45146]]}},{"type":"Feature","properties":{"nombre":"Avenida San Miguel","jerarquia":2},"geometry":{"type":"LineString","coordinates":[[-71.59245,-35.45146],[-71.59337,-35.45126]]}},{"type":"Feature","properties":{"nombre":"Avenida San Miguel","jerarquia":2},"geometry":{"type":"LineString","coordinates":[[-71.59319,-35.45147],[-71.5925,-35.45174]]}},{"type":"Feature","properties":{"nombre":"Avenida San Miguel","jerarquia":2},"geometry":{"type":"LineString","coordinates":[[-71.59513,-35.45059],[-71.59611,-35.4502]]}},{"type":"Feature","properties":{"nombre":"Avenida San Miguel","jerarquia":2},"geometry":{"type":"LineString","coordinates":[[-71.59611,-35.4502],[-71.59626,-35.45014]]}},{"type":"Feature","properties":{"nombre":"Avenida San Miguel","jerarquia":2},"geometry":{"type":"LineString","coordinates":[[-71.59337,-35.45126],[-71.59513,-35.45059]]}},{"type":"Feature","properties":{"nombre":"Avenida San Miguel","jerarquia":2},"geometry":{"type":"LineString","coordinates":[[-71.59871,-35.44928],[-71.5986,-35.44932]]}},{"type":"Feature","properties":{"nombre":"Avenida San Miguel","jerarquia":2},"geometry":{"type":"LineString","coordinates":[[-71.5986,-35.44932],[-71.5978,-35.44964]]}},{"type":"Feature","properties":{"nombre":"Avenida San Miguel","jerarquia":2},"geometry":{"type":"LineString","coordinates":[[-71.60817,-35.44306],[-71.60624,-35.44442]]}},{"type":"Feature","properties":{"nombre":"Camino Publico a San Miguel","jerarquia":5},"geometry":{"type":"LineString","coordinates":[[-71.62228,-35.44609],[-71.62233,-35.44616]]}},{"type":"Feature","properties":{"nombre":"Avenida 8 Sur","jerarquia":5},"geometry":{"type":"LineString","coordinates":[[-71.62705,-35.44379],[-71.62594,-35.44433]]}},{"type":"Feature","properties":{"nombre":"Avenida 8 Sur","jerarquia":5},"geometry":{"type":"LineString","coordinates":[[-71.62594,-35.44433],[-71.62585,-35.44438]]}},{"type":"Feature","properties":{"nombre":"Avenida 8 Sur","jerarquia":5},"geometry":{"type":"LineString","coordinates":[[-71.62585,-35.44438],[-71.62448,-35.44507]]}},{"type":"Feature","properties":{"nombre":"Avenida 8 Sur","jerarquia":5},"geometry":{"type":"LineString","coordinates":[[-71.62448,-35.44507],[-71.62399,-35.44532]]}},{"type":"Feature","properties":{"nombre":"Avenida 8 Sur","jerarquia":5},"geometry":{"type":"LineString","coordinates":[[-71.62399,-35.44532],[-71.6237,-35.44547]]}},{"type":"Feature","properties":{"nombre":"Avenida 8 Sur","jerarquia":5},"geometry":{"type":"LineString","coordinates":[[-71.6237,-35.44547],[-71.62233,-35.44616]]}},{"type":"Feature","properties":{"nombre":"Avenida San Miguel","jerarquia":2},"geometry":{"type":"LineString","coordinates":[[-71.57039,-35.46622],[-71.56913,-35.46695]]}},{"type":"Feature","properties":{"nombre":"Avenida San Miguel","jerarquia":2},"geometry":{"type":"LineString","coordinates":[[-71.57064,-35.46607],[-71.57039,-35.46622]]}},{"type":"Feature","properties":{"nombre":"Avenida San Miguel","jerarquia":2},"geometry":{"type":"LineString","coordinates":[[-71.56916,-35.46679],[-71.57023,-35.46607]]}},{"type":"Feature","properties":{"nombre":"Calle 5 Norte","jerarquia":5},"geometry":{"type":"LineString","coordinates":[[-71.62588,-35.42753],[-71.62622,-35.42743]]}},{"type":"Feature","properties":{"nombre":"Calle 2 Norte","jerarquia":4},"geometry":{"type":"LineString","coordinates":[[-71.62463,-35.43242],[-71.62435,-35.4325]]}},{"type":"Feature","properties":{"nombre":"Calle 2 Norte","jerarquia":4},"geometry":{"type":"LineString","coordinates":[[-71.62435,-35.4325],[-71.62316,-35.43285]]}},{"type":"Feature","properties":{"nombre":"Calle 2 Norte","jerarquia":4},"geometry":{"type":"LineString","coordinates":[[-71.62316,-35.43285],[-71.62204,-35.43318]]}},{"type":"Feature","properties":{"nombre":"Calle 2 Norte","jerarquia":4},"geometry":{"type":"LineString","coordinates":[[-71.62204,-35.43318],[-71.62157,-35.43332]]}},{"type":"Feature","properties":{"nombre":"Calle 2 Norte","jerarquia":4},"geometry":{"type":"LineString","coordinates":[[-71.62745,-35.43157],[-71.62661,-35.43183]]}},{"type":"Feature","properties":{"nombre":"Calle 2 Norte","jerarquia":4},"geometry":{"type":"LineString","coordinates":[[-71.62661,-35.43183],[-71.6258,-35.43208]]}},{"type":"Feature","properties":{"nombre":"Calle 2 Norte","jerarquia":4},"geometry":{"type":"LineString","coordinates":[[-71.6258,-35.43208],[-71.62557,-35.43214]]}},{"type":"Feature","properties":{"nombre":"Calle 2 Norte","jerarquia":4},"geometry":{"type":"LineString","coordinates":[[-71.62557,-35.43214],[-71.62548,-35.43217]]}},{"type":"Feature","properties":{"nombre":"Calle 2 Norte","jerarquia":4},"geometry":{"type":"LineString","coordinates":[[-71.62548,-35.43217],[-71.62463,-35.43242]]}},{"type":"Feature","properties":{"nombre":"Calle 5 Norte","jerarquia":5},"geometry":{"type":"LineString","coordinates":[[-71.6203,-35.42944],[-71.62092,-35.42924]]}},{"type":"Feature","properties":{"nombre":"Calle 5 Norte","jerarquia":5},"geometry":{"type":"LineString","coordinates":[[-71.62092,-35.42924],[-71.62201,-35.42889]]}},{"type":"Feature","properties":{"nombre":"Calle 5 Norte","jerarquia":5},"geometry":{"type":"LineString","coordinates":[[-71.62201,-35.42889],[-71.62234,-35.42878]]}},{"type":"Feature","properties":{"nombre":"Calle 5 Norte","jerarquia":5},"geometry":{"type":"LineString","coordinates":[[-71.62234,-35.42878],[-71.62255,-35.42871]]}},{"type":"Feature","properties":{"nombre":"Calle 5 Norte","jerarquia":5},"geometry":{"type":"LineString","coordinates":[[-71.62255,-35.42871],[-71.62402,-35.42822]]}},{"type":"Feature","properties":{"nombre":"Calle 5 Norte","jerarquia":5},"geometry":{"type":"LineString","coordinates":[[-71.61226,-35.43194],[-71.61464,-35.43122]]}},{"type":"Feature","properties":{"nombre":"Calle 5 Norte","jerarquia":5},"geometry":{"type":"LineString","coordinates":[[-71.61464,-35.43122],[-71.616,-35.4308]]}},{"type":"Feature","properties":{"nombre":"Calle 5 Norte","jerarquia":5},"geometry":{"type":"LineString","coordinates":[[-71.616,-35.4308],[-71.61616,-35.43075]]}},{"type":"Feature","properties":{"nombre":"Calle 5 Norte","jerarquia":5},"geometry":{"type":"LineString","coordinates":[[-71.61616,-35.43075],[-71.61739,-35.43038]]}},{"type":"Feature","properties":{"nombre":"Calle 5 Norte","jerarquia":5},"geometry":{"type":"LineString","coordinates":[[-71.61739,-35.43038],[-71.61876,-35.42996]]}},{"type":"Feature","properties":{"nombre":"Calle 5 Norte","jerarquia":5},"geometry":{"type":"LineString","coordinates":[[-71.61876,-35.42996],[-71.6203,-35.42944]]}},{"type":"Feature","properties":{"nombre":"Calle 5 Norte","jerarquia":5},"geometry":{"type":"LineString","coordinates":[[-71.60848,-35.43311],[-71.61114,-35.43228]]}},{"type":"Feature","properties":{"nombre":"Calle 5 Norte","jerarquia":5},"geometry":{"type":"LineString","coordinates":[[-71.61114,-35.43228],[-71.61129,-35.43224]]}},{"type":"Feature","properties":{"nombre":"Calle 5 Norte","jerarquia":5},"geometry":{"type":"LineString","coordinates":[[-71.61129,-35.43224],[-71.61226,-35.43194]]}},{"type":"Feature","properties":{"nombre":"Avenida San Miguel","jerarquia":2},"geometry":{"type":"LineString","coordinates":[[-71.57172,-35.4654],[-71.5712,-35.46573]]}},{"type":"Feature","properties":{"nombre":"Avenida San Miguel","jerarquia":2},"geometry":{"type":"LineString","coordinates":[[-71.5712,-35.46573],[-71.57064,-35.46607]]}},{"type":"Feature","properties":{"nombre":"Avenida San Miguel","jerarquia":2},"geometry":{"type":"LineString","coordinates":[[-71.57158,-35.46534],[-71.57286,-35.46458]]}},{"type":"Feature","properties":{"nombre":"Avenida San Miguel","jerarquia":2},"geometry":{"type":"LineString","coordinates":[[-71.57286,-35.46458],[-71.57332,-35.46433]]}},{"type":"Feature","properties":{"nombre":"Avenida San Miguel","jerarquia":2},"geometry":{"type":"LineString","coordinates":[[-71.57023,-35.46607],[-71.57049,-35.46591]]}},{"type":"Feature","properties":{"nombre":"Avenida San Miguel","jerarquia":2},"geometry":{"type":"LineString","coordinates":[[-71.57049,-35.46591],[-71.57158,-35.46534]]}},{"type":"Feature","properties":{"nombre":"Calle 25 Oriente","jerarquia":5},"geometry":{"type":"LineString","coordinates":[[-71.61648,-35.40619],[-71.6166,-35.40637]]}},{"type":"Feature","properties":{"nombre":"Calle 25 Oriente","jerarquia":5},"geometry":{"type":"LineString","coordinates":[[-71.6166,-35.40637],[-71.61666,-35.40644]]}},{"type":"Feature","properties":{"nombre":"Calle 25 Oriente","jerarquia":5},"geometry":{"type":"LineString","coordinates":[[-71.61666,-35.40644],[-71.61693,-35.40676]]}},{"type":"Feature","properties":{"nombre":"Avenida San Miguel","jerarquia":2},"geometry":{"type":"LineString","coordinates":[[-71.55991,-35.47261],[-71.5611,-35.47189]]}},{"type":"Feature","properties":{"nombre":"Avenida San Miguel","jerarquia":2},"geometry":{"type":"LineString","coordinates":[[-71.5611,-35.47189],[-71.56151,-35.47164]]}},{"type":"Feature","properties":{"nombre":"Avenida San Miguel","jerarquia":2},"geometry":{"type":"LineString","coordinates":[[-71.56151,-35.47164],[-71.56239,-35.47111]]}},{"type":"Feature","properties":{"nombre":"Avenida San Miguel","jerarquia":2},"geometry":{"type":"LineString","coordinates":[[-71.55847,-35.47347],[-71.55991,-35.47261]]}},{"type":"Feature","properties":{"nombre":"Avenida San Miguel","jerarquia":2},"geometry":{"type":"LineString","coordinates":[[-71.56177,-35.47182],[-71.56125,-35.47215]]}},{"type":"Feature","properties":{"nombre":"Avenida San Miguel","jerarquia":2},"geometry":{"type":"LineString","coordinates":[[-71.56273,-35.47106],[-71.56222,-35.47142],[-71.56177,-35.47182]]}},{"type":"Feature","properties":{"nombre":"Avenida San Miguel","jerarquia":2},"geometry":{"type":"LineString","coordinates":[[-71.56913,-35.46695],[-71.5666,-35.46846]]}},{"type":"Feature","properties":{"nombre":"Avenida San Miguel","jerarquia":2},"geometry":{"type":"LineString","coordinates":[[-71.5666,-35.46846],[-71.56522,-35.46936]]}},{"type":"Feature","properties":{"nombre":"Ruta K-505","jerarquia":4},"geometry":{"type":"LineString","coordinates":[[-71.58713,-35.55801],[-71.58688,-35.55794]]}},{"type":"Feature","properties":{"nombre":"Avenida Las Rastras","jerarquia":5},"geometry":{"type":"LineString","coordinates":[[-71.6036,-35.42511],[-71.60339,-35.42474]]}},{"type":"Feature","properties":{"nombre":"Avenida Las Rastras","jerarquia":5},"geometry":{"type":"LineString","coordinates":[[-71.60413,-35.42604],[-71.60367,-35.42522]]}},{"type":"Feature","properties":{"nombre":"Avenida Las Rastras","jerarquia":5},"geometry":{"type":"LineString","coordinates":[[-71.60367,-35.42522],[-71.6036,-35.42511]]}},{"type":"Feature","properties":{"nombre":"Avenida 21 Norte","jerarquia":5},"geometry":{"type":"LineString","coordinates":[[-71.6206,-35.41261],[-71.62079,-35.41247]]}},{"type":"Feature","properties":{"nombre":"Avenida 21 Norte","jerarquia":5},"geometry":{"type":"LineString","coordinates":[[-71.62079,-35.41247],[-71.62098,-35.41233]]}},{"type":"Feature","properties":{"nombre":"Avenida 21 Norte","jerarquia":5},"geometry":{"type":"LineString","coordinates":[[-71.62098,-35.41233],[-71.6219,-35.41164]]}},{"type":"Feature","properties":{"nombre":"Avenida San Valentín","jerarquia":5},"geometry":{"type":"LineString","coordinates":[[-71.59619,-35.4169],[-71.59669,-35.41789]]}},{"type":"Feature","properties":{"nombre":"Avenida San Valentín","jerarquia":5},"geometry":{"type":"LineString","coordinates":[[-71.59669,-35.41789],[-71.59727,-35.41901]]}},{"type":"Feature","properties":{"nombre":"Avenida San Valentín","jerarquia":5},"geometry":{"type":"LineString","coordinates":[[-71.59727,-35.41901],[-71.59775,-35.41995]]}},{"type":"Feature","properties":{"nombre":"Avenida San Valentín","jerarquia":5},"geometry":{"type":"LineString","coordinates":[[-71.59775,-35.41995],[-71.5978,-35.42004]]}},{"type":"Feature","properties":{"nombre":"Avenida San Valentín","jerarquia":5},"geometry":{"type":"LineString","coordinates":[[-71.5978,-35.42004],[-71.59796,-35.4204],[-71.598,-35.42058]]}},{"type":"Feature","properties":{"nombre":"Avenida San Valentín","jerarquia":5},"geometry":{"type":"LineString","coordinates":[[-71.59772,-35.42006],[-71.59719,-35.41904]]}},{"type":"Feature","properties":{"nombre":"Avenida San Valentín","jerarquia":5},"geometry":{"type":"LineString","coordinates":[[-71.59719,-35.41904],[-71.59707,-35.4188]]}},{"type":"Feature","properties":{"nombre":"Avenida San Valentín","jerarquia":5},"geometry":{"type":"LineString","coordinates":[[-71.59789,-35.4204],[-71.59772,-35.42006]]}},{"type":"Feature","properties":{"nombre":"Avenida San Valentín","jerarquia":5},"geometry":{"type":"LineString","coordinates":[[-71.59707,-35.4188],[-71.59663,-35.41792]]}},{"type":"Feature","properties":{"nombre":"Avenida San Valentín","jerarquia":5},"geometry":{"type":"LineString","coordinates":[[-71.59663,-35.41792],[-71.59612,-35.41692]]}},{"type":"Feature","properties":{"nombre":"Avenida San Valentín","jerarquia":5},"geometry":{"type":"LineString","coordinates":[[-71.59612,-35.41692],[-71.59542,-35.41552]]}},{"type":"Feature","properties":{"nombre":"Avenida San Valentín","jerarquia":5},"geometry":{"type":"LineString","coordinates":[[-71.598,-35.42058],[-71.59789,-35.4204]]}},{"type":"Feature","properties":{"nombre":"Avenida San Valentín","jerarquia":5},"geometry":{"type":"LineString","coordinates":[[-71.59542,-35.41552],[-71.59561,-35.41577],[-71.59619,-35.4169]]}},{"type":"Feature","properties":{"nombre":"Avenida San Valentín","jerarquia":5},"geometry":{"type":"LineString","coordinates":[[-71.598,-35.42058],[-71.59928,-35.42302],[-71.59938,-35.42336]]}},{"type":"Feature","properties":{"nombre":"Esmeralda","jerarquia":5},"geometry":{"type":"LineString","coordinates":[[-71.60227,-35.45881],[-71.60227,-35.45883]]}},{"type":"Feature","properties":{"nombre":"Esmeralda","jerarquia":5},"geometry":{"type":"LineString","coordinates":[[-71.60227,-35.45883],[-71.6023,-35.45939],[-71.60189,-35.45977],[-71.60146,-35.46011],[-71.60127,-35.4602],[-71.59998,-35.46062]]}},{"type":"Feature","properties":{"nombre":"Esmeralda","jerarquia":5},"geometry":{"type":"LineString","coordinates":[[-71.59998,-35.46062],[-71.59965,-35.4607]]}},{"type":"Feature","properties":{"nombre":"Ruta K-353","jerarquia":5},"geometry":{"type":"LineString","coordinates":[[-71.61709,-35.44631],[-71.61753,-35.44711]]}},{"type":"Feature","properties":{"nombre":"Ruta K-353","jerarquia":5},"geometry":{"type":"LineString","coordinates":[[-71.61753,-35.44711],[-71.61812,-35.44815]]}},{"type":"Feature","properties":{"nombre":"Ruta K-353","jerarquia":5},"geometry":{"type":"LineString","coordinates":[[-71.61812,-35.44815],[-71.61817,-35.44823]]}},{"type":"Feature","properties":{"nombre":"Ruta K-353","jerarquia":5},"geometry":{"type":"LineString","coordinates":[[-71.61817,-35.44823],[-71.61821,-35.44829]]}},{"type":"Feature","properties":{"nombre":"Ruta K-353","jerarquia":5},"geometry":{"type":"LineString","coordinates":[[-71.61821,-35.44829],[-71.61888,-35.44939]]}},{"type":"Feature","properties":{"nombre":"Ruta K-353","jerarquia":5},"geometry":{"type":"LineString","coordinates":[[-71.61888,-35.44939],[-71.62003,-35.45147]]}},{"type":"Feature","properties":{"nombre":"Ruta K-353","jerarquia":5},"geometry":{"type":"LineString","coordinates":[[-71.62003,-35.45147],[-71.62039,-35.45216]]}},{"type":"Feature","properties":{"nombre":"Ruta K-353","jerarquia":5},"geometry":{"type":"LineString","coordinates":[[-71.62039,-35.45216],[-71.62127,-35.45381]]}},{"type":"Feature","properties":{"nombre":"Ruta K-353","jerarquia":5},"geometry":{"type":"LineString","coordinates":[[-71.62127,-35.45381],[-71.62164,-35.4545],[-71.62268,-35.45597],[-71.62387,-35.45855],[-71.624,-35.45895]]}},{"type":"Feature","properties":{"nombre":"Ruta K-353","jerarquia":5},"geometry":{"type":"LineString","coordinates":[[-71.624,-35.45895],[-71.62405,-35.45905]]}},{"type":"Feature","properties":{"nombre":"Avenida Las Rastras","jerarquia":5},"geometry":{"type":"LineString","coordinates":[[-71.60731,-35.43132],[-71.60727,-35.43125]]}},{"type":"Feature","properties":{"nombre":"Avenida Las Rastras","jerarquia":5},"geometry":{"type":"LineString","coordinates":[[-71.60727,-35.43125],[-71.60724,-35.43119]]}},{"type":"Feature","properties":{"nombre":"Ruta K-35","jerarquia":5},"geometry":{"type":"LineString","coordinates":[[-71.59422,-35.42239],[-71.59477,-35.42248]]}},{"type":"Feature","properties":{"nombre":"Ruta K-35","jerarquia":5},"geometry":{"type":"LineString","coordinates":[[-71.59477,-35.42248],[-71.59488,-35.4225]]}},{"type":"Feature","properties":{"nombre":"Avenida Las Rastras","jerarquia":5},"geometry":{"type":"LineString","coordinates":[[-71.61058,-35.43626],[-71.6103,-35.43593]]}},{"type":"Feature","properties":{"nombre":"Ruta K-509","jerarquia":4},"geometry":{"type":"LineString","coordinates":[[-71.65731,-35.50689],[-71.65717,-35.50683],[-71.65677,-35.50683]]}},{"type":"Feature","properties":{"nombre":"Calle 2 Sur","jerarquia":3},"geometry":{"type":"LineString","coordinates":[[-71.65891,-35.42885],[-71.65864,-35.42887]]}},{"type":"Feature","properties":{"nombre":"Calle 2 Sur","jerarquia":3},"geometry":{"type":"LineString","coordinates":[[-71.65864,-35.42887],[-71.65851,-35.42888]]}},{"type":"Feature","properties":{"nombre":"Calle 2 Sur","jerarquia":3},"geometry":{"type":"LineString","coordinates":[[-71.65962,-35.4288],[-71.65891,-35.42885]]}},{"type":"Feature","properties":{"nombre":"Calle 2 Sur","jerarquia":3},"geometry":{"type":"LineString","coordinates":[[-71.6603,-35.42874],[-71.66006,-35.42876]]}},{"type":"Feature","properties":{"nombre":"Calle 2 Sur","jerarquia":3},"geometry":{"type":"LineString","coordinates":[[-71.66006,-35.42876],[-71.65993,-35.42877]]}},{"type":"Feature","properties":{"nombre":"Calle 2 Sur","jerarquia":3},"geometry":{"type":"LineString","coordinates":[[-71.66104,-35.42868],[-71.6603,-35.42874]]}},{"type":"Feature","properties":{"nombre":"Calle 2 Sur","jerarquia":3},"geometry":{"type":"LineString","coordinates":[[-71.6618,-35.42862],[-71.66148,-35.42864]]}},{"type":"Feature","properties":{"nombre":"Calle 2 Sur","jerarquia":3},"geometry":{"type":"LineString","coordinates":[[-71.66148,-35.42864],[-71.66137,-35.42865]]}},{"type":"Feature","properties":{"nombre":"Calle 2 Sur","jerarquia":3},"geometry":{"type":"LineString","coordinates":[[-71.66242,-35.42857],[-71.6618,-35.42862]]}},{"type":"Feature","properties":{"nombre":"Calle 2 Sur","jerarquia":3},"geometry":{"type":"LineString","coordinates":[[-71.66311,-35.42852],[-71.66275,-35.42854]]}},{"type":"Feature","properties":{"nombre":"Avenida Circunvalación 30 Oriente","jerarquia":4},"geometry":{"type":"LineString","coordinates":[[-71.63238,-35.43969],[-71.63213,-35.43932]]}},{"type":"Feature","properties":{"nombre":"Avenida Circunvalación 30 Oriente","jerarquia":4},"geometry":{"type":"LineString","coordinates":[[-71.63213,-35.43932],[-71.63186,-35.43892]]}},{"type":"Feature","properties":{"nombre":"Avenida Circunvalación 30 Oriente","jerarquia":4},"geometry":{"type":"LineString","coordinates":[[-71.63186,-35.43892],[-71.63158,-35.43852]]}},{"type":"Feature","properties":{"nombre":"Avenida Circunvalación 30 Oriente","jerarquia":4},"geometry":{"type":"LineString","coordinates":[[-71.63158,-35.43852],[-71.63153,-35.43844]]}},{"type":"Feature","properties":{"nombre":"Avenida Circunvalación 30 Oriente","jerarquia":4},"geometry":{"type":"LineString","coordinates":[[-71.63153,-35.43844],[-71.63132,-35.43813]]}},{"type":"Feature","properties":{"nombre":"Avenida Circunvalación 30 Oriente","jerarquia":4},"geometry":{"type":"LineString","coordinates":[[-71.63132,-35.43813],[-71.63105,-35.43773]]}},{"type":"Feature","properties":{"nombre":"Avenida Circunvalación 30 Oriente","jerarquia":4},"geometry":{"type":"LineString","coordinates":[[-71.63105,-35.43773],[-71.63078,-35.43733]]}},{"type":"Feature","properties":{"nombre":"Avenida Circunvalación 30 Oriente","jerarquia":4},"geometry":{"type":"LineString","coordinates":[[-71.63078,-35.43733],[-71.63047,-35.43686]]}},{"type":"Feature","properties":{"nombre":"Avenida Circunvalación 30 Oriente","jerarquia":4},"geometry":{"type":"LineString","coordinates":[[-71.63047,-35.43686],[-71.63028,-35.43659]]}},{"type":"Feature","properties":{"nombre":"Avenida 8 Sur","jerarquia":4},"geometry":{"type":"LineString","coordinates":[[-71.6364,-35.43906],[-71.63586,-35.43935]]}},{"type":"Feature","properties":{"nombre":"Avenida 8 Sur","jerarquia":4},"geometry":{"type":"LineString","coordinates":[[-71.63922,-35.43831],[-71.63896,-35.43838]]}},{"type":"Feature","properties":{"nombre":"Caletera Ruta 5","jerarquia":4},"geometry":{"type":"LineString","coordinates":[[-71.64458,-35.4501],[-71.64454,-35.45]]}},{"type":"Feature","properties":{"nombre":"Caletera Ruta 5","jerarquia":4},"geometry":{"type":"LineString","coordinates":[[-71.64454,-35.45],[-71.64443,-35.44969]]}},{"type":"Feature","properties":{"nombre":"Ruta K-625","jerarquia":4},"geometry":{"type":"LineString","coordinates":[[-71.64392,-35.45003],[-71.64388,-35.44992]]}},{"type":"Feature","properties":{"nombre":"Ruta K-625","jerarquia":4},"geometry":{"type":"LineString","coordinates":[[-71.64388,-35.44992],[-71.64295,-35.4476]]}},{"type":"Feature","properties":{"nombre":"Caletera Ruta 5","jerarquia":4},"geometry":{"type":"LineString","coordinates":[[-71.64537,-35.45017],[-71.64485,-35.45034],[-71.64466,-35.45028],[-71.64458,-35.4501]]}},{"type":"Feature","properties":{"nombre":"Ruta 120","jerarquia":3},"geometry":{"type":"LineString","coordinates":[[-71.66732,-35.48026],[-71.66829,-35.47933]]}},{"type":"Feature","properties":{"nombre":"Ruta 120","jerarquia":3},"geometry":{"type":"LineString","coordinates":[[-71.66535,-35.48215],[-71.66732,-35.48026]]}},{"type":"Feature","properties":{"nombre":"Ruta 120","jerarquia":3},"geometry":{"type":"LineString","coordinates":[[-71.66057,-35.48717],[-71.66115,-35.48626]]}},{"type":"Feature","properties":{"nombre":"Ruta 120","jerarquia":3},"geometry":{"type":"LineString","coordinates":[[-71.66167,-35.48551],[-71.66332,-35.48405]]}},{"type":"Feature","properties":{"nombre":"Ruta 120","jerarquia":3},"geometry":{"type":"LineString","coordinates":[[-71.66332,-35.48405],[-71.66511,-35.48237]]}},{"type":"Feature","properties":{"nombre":"Enlace Unihue","jerarquia":3},"geometry":{"type":"LineString","coordinates":[[-71.66052,-35.48775],[-71.66032,-35.48757]]}},{"type":"Feature","properties":{"nombre":"","jerarquia":1},"geometry":{"type":"LineString","coordinates":[[-71.66022,-35.48773],[-71.66032,-35.48757]]}},{"type":"Feature","properties":{"nombre":"","jerarquia":1},"geometry":{"type":"LineString","coordinates":[[-71.66052,-35.48775],[-71.66032,-35.48771]]}},{"type":"Feature","properties":{"nombre":"","jerarquia":1},"geometry":{"type":"LineString","coordinates":[[-71.66032,-35.48771],[-71.66022,-35.48773]]}},{"type":"Feature","properties":{"nombre":"Ruta 5 Sur","jerarquia":1},"geometry":{"type":"LineString","coordinates":[[-71.65611,-35.48005],[-71.65168,-35.46892]]}},{"type":"Feature","properties":{"nombre":"Ruta 5 Sur","jerarquia":1},"geometry":{"type":"LineString","coordinates":[[-71.65644,-35.48086],[-71.65621,-35.4803]]}},{"type":"Feature","properties":{"nombre":"Ruta K-625","jerarquia":5},"geometry":{"type":"LineString","coordinates":[[-71.64409,-35.45398],[-71.64405,-35.45334]]}},{"type":"Feature","properties":{"nombre":"Ruta 5 Sur","jerarquia":1},"geometry":{"type":"LineString","coordinates":[[-71.60499,-35.38359],[-71.60518,-35.3838]]}},{"type":"Feature","properties":{"nombre":"Caletera Ruta 5","jerarquia":5},"geometry":{"type":"LineString","coordinates":[[-71.6345,-35.42516],[-71.63462,-35.42545]]}},{"type":"Feature","properties":{"nombre":"15 Sur","jerarquia":4},"geometry":{"type":"LineString","coordinates":[[-71.64658,-35.44978],[-71.64659,-35.44972]]}},{"type":"Feature","properties":{"nombre":"15 Sur","jerarquia":4},"geometry":{"type":"LineString","coordinates":[[-71.64569,-35.45008],[-71.64639,-35.44996],[-71.64652,-35.44989],[-71.64658,-35.44978]]}},{"type":"Feature","properties":{"nombre":"14 Sur","jerarquia":4},"geometry":{"type":"LineString","coordinates":[[-71.65105,-35.44692],[-71.65173,-35.44669]]}},{"type":"Feature","properties":{"nombre":"Calle de Servicio Ruta 5","jerarquia":5},"geometry":{"type":"LineString","coordinates":[[-71.6325,-35.41966],[-71.63245,-35.41959]]}},{"type":"Feature","properties":{"nombre":"Calle de Servicio Ruta 5","jerarquia":5},"geometry":{"type":"LineString","coordinates":[[-71.63245,-35.41959],[-71.63228,-35.41919]]}},{"type":"Feature","properties":{"nombre":"17 Norte","jerarquia":5},"geometry":{"type":"LineString","coordinates":[[-71.63497,-35.41881],[-71.63472,-35.41893]]}},{"type":"Feature","properties":{"nombre":"18 Oriente","jerarquia":5},"geometry":{"type":"LineString","coordinates":[[-71.63557,-35.41946],[-71.63536,-35.41892]]}},{"type":"Feature","properties":{"nombre":"18 Oriente","jerarquia":5},"geometry":{"type":"LineString","coordinates":[[-71.63536,-35.41892],[-71.63525,-35.41867]]}},{"type":"Feature","properties":{"nombre":"17 Norte","jerarquia":5},"geometry":{"type":"LineString","coordinates":[[-71.63525,-35.41867],[-71.63497,-35.41881]]}},{"type":"Feature","properties":{"nombre":"Avenida Salvador Allende","jerarquia":3},"geometry":{"type":"LineString","coordinates":[[-71.64981,-35.42322],[-71.64983,-35.42345]]}},{"type":"Feature","properties":{"nombre":"Avenida Lircay","jerarquia":3},"geometry":{"type":"LineString","coordinates":[[-71.65164,-35.41224],[-71.65236,-35.41288]]}},{"type":"Feature","properties":{"nombre":"Calle 5 Oriente","jerarquia":4},"geometry":{"type":"LineString","coordinates":[[-71.65943,-35.42211],[-71.65948,-35.42257]]}},{"type":"Feature","properties":{"nombre":"Calle 5 Oriente","jerarquia":4},"geometry":{"type":"LineString","coordinates":[[-71.65948,-35.42257],[-71.65949,-35.42266]]}},{"type":"Feature","properties":{"nombre":"Calle 2 Norte","jerarquia":5},"geometry":{"type":"LineString","coordinates":[[-71.65168,-35.42577],[-71.65241,-35.42571]]}},{"type":"Feature","properties":{"nombre":"Calle 2 Norte","jerarquia":5},"geometry":{"type":"LineString","coordinates":[[-71.65241,-35.42571],[-71.65291,-35.42567]]}},{"type":"Feature","properties":{"nombre":"Calle 2 Norte","jerarquia":5},"geometry":{"type":"LineString","coordinates":[[-71.65291,-35.42567],[-71.65365,-35.42561]]}},{"type":"Feature","properties":{"nombre":"Calle 2 Norte","jerarquia":5},"geometry":{"type":"LineString","coordinates":[[-71.65365,-35.42561],[-71.65409,-35.42557]]}},{"type":"Feature","properties":{"nombre":"Calle 2 Norte","jerarquia":5},"geometry":{"type":"LineString","coordinates":[[-71.65409,-35.42557],[-71.65418,-35.42556]]}},{"type":"Feature","properties":{"nombre":"Calle 2 Norte","jerarquia":5},"geometry":{"type":"LineString","coordinates":[[-71.65418,-35.42556],[-71.65539,-35.42544]]}},{"type":"Feature","properties":{"nombre":"Calle 2 Norte","jerarquia":5},"geometry":{"type":"LineString","coordinates":[[-71.65539,-35.42544],[-71.65549,-35.42543]]}},{"type":"Feature","properties":{"nombre":"Avenida Ignacio Carrera Pinto","jerarquia":3},"geometry":{"type":"LineString","coordinates":[[-71.67917,-35.43418],[-71.67901,-35.43395]]}},{"type":"Feature","properties":{"nombre":"Avenida Ignacio Carrera Pinto","jerarquia":3},"geometry":{"type":"LineString","coordinates":[[-71.67973,-35.43502],[-71.67951,-35.43468]]}},{"type":"Feature","properties":{"nombre":"26 Sur","jerarquia":5},"geometry":{"type":"LineString","coordinates":[[-71.68877,-35.44234],[-71.68931,-35.44219]]}},{"type":"Feature","properties":{"nombre":"26 Sur","jerarquia":5},"geometry":{"type":"LineString","coordinates":[[-71.68931,-35.44219],[-71.69045,-35.44184]]}},{"type":"Feature","properties":{"nombre":"26 Sur","jerarquia":5},"geometry":{"type":"LineString","coordinates":[[-71.69045,-35.44184],[-71.69052,-35.44182]]}},{"type":"Feature","properties":{"nombre":"Avenida Colín","jerarquia":3},"geometry":{"type":"LineString","coordinates":[[-71.68602,-35.44334],[-71.68635,-35.44374]]}},{"type":"Feature","properties":{"nombre":"Avenida Colín","jerarquia":3},"geometry":{"type":"LineString","coordinates":[[-71.68584,-35.44311],[-71.68602,-35.44334]]}},{"type":"Feature","properties":{"nombre":"Avenida Colín","jerarquia":3},"geometry":{"type":"LineString","coordinates":[[-71.68592,-35.4434],[-71.6856,-35.44301]]}},{"type":"Feature","properties":{"nombre":"Avenida Colín","jerarquia":3},"geometry":{"type":"LineString","coordinates":[[-71.6856,-35.44301],[-71.68523,-35.44256]]}},{"type":"Feature","properties":{"nombre":"Avenida Colín","jerarquia":3},"geometry":{"type":"LineString","coordinates":[[-71.68523,-35.44256],[-71.68515,-35.44245]]}},{"type":"Feature","properties":{"nombre":"Avenida Colín","jerarquia":3},"geometry":{"type":"LineString","coordinates":[[-71.68363,-35.44059],[-71.68349,-35.44042]]}},{"type":"Feature","properties":{"nombre":"Avenida Colín","jerarquia":3},"geometry":{"type":"LineString","coordinates":[[-71.69026,-35.45216],[-71.69014,-35.45259]]}},{"type":"Feature","properties":{"nombre":"Avenida Colín","jerarquia":3},"geometry":{"type":"LineString","coordinates":[[-71.69014,-35.45259],[-71.69013,-35.45265]]}},{"type":"Feature","properties":{"nombre":"Avenida Colín","jerarquia":3},"geometry":{"type":"LineString","coordinates":[[-71.69036,-35.45126],[-71.69034,-35.45149]]}},{"type":"Feature","properties":{"nombre":"Avenida Colín","jerarquia":3},"geometry":{"type":"LineString","coordinates":[[-71.69034,-35.45149],[-71.69032,-35.45179]]}},{"type":"Feature","properties":{"nombre":"Avenida Colín","jerarquia":3},"geometry":{"type":"LineString","coordinates":[[-71.69013,-35.45265],[-71.69006,-35.45283]]}},{"type":"Feature","properties":{"nombre":"Avenida Colín","jerarquia":3},"geometry":{"type":"LineString","coordinates":[[-71.69006,-35.45283],[-71.68998,-35.45303]]}},{"type":"Feature","properties":{"nombre":"Avenida Colín","jerarquia":3},"geometry":{"type":"LineString","coordinates":[[-71.68998,-35.45303],[-71.68997,-35.45306]]}},{"type":"Feature","properties":{"nombre":"Avenida Colín","jerarquia":3},"geometry":{"type":"LineString","coordinates":[[-71.69013,-35.45217],[-71.69017,-35.45193]]}},{"type":"Feature","properties":{"nombre":"Avenida Colín","jerarquia":3},"geometry":{"type":"LineString","coordinates":[[-71.69019,-35.45175],[-71.69022,-35.45126]]}},{"type":"Feature","properties":{"nombre":"Avenida Colín","jerarquia":3},"geometry":{"type":"LineString","coordinates":[[-71.69027,-35.44998],[-71.69028,-35.44953]]}},{"type":"Feature","properties":{"nombre":"Avenida Colín","jerarquia":3},"geometry":{"type":"LineString","coordinates":[[-71.69024,-35.45099],[-71.69026,-35.45036]]}},{"type":"Feature","properties":{"nombre":"Avenida Colín","jerarquia":3},"geometry":{"type":"LineString","coordinates":[[-71.69026,-35.45036],[-71.69026,-35.45022]]}},{"type":"Feature","properties":{"nombre":"Avenida Colín","jerarquia":3},"geometry":{"type":"LineString","coordinates":[[-71.69043,-35.44935],[-71.69043,-35.4496]]}},{"type":"Feature","properties":{"nombre":"Avenida Colín","jerarquia":3},"geometry":{"type":"LineString","coordinates":[[-71.69041,-35.45023],[-71.69038,-35.45099]]}},{"type":"Feature","properties":{"nombre":"Avenida Colín","jerarquia":3},"geometry":{"type":"LineString","coordinates":[[-71.69043,-35.44914],[-71.69043,-35.44935]]}},{"type":"Feature","properties":{"nombre":"Avenida Colín","jerarquia":3},"geometry":{"type":"LineString","coordinates":[[-71.69042,-35.44983],[-71.69041,-35.45015]]}},{"type":"Feature","properties":{"nombre":"Avenida Colín","jerarquia":3},"geometry":{"type":"LineString","coordinates":[[-71.69041,-35.45015],[-71.69041,-35.45023]]}},{"type":"Feature","properties":{"nombre":"Avenida Colín","jerarquia":3},"geometry":{"type":"LineString","coordinates":[[-71.68934,-35.44738],[-71.68966,-35.44777]]}},{"type":"Feature","properties":{"nombre":"Avenida Colín","jerarquia":3},"geometry":{"type":"LineString","coordinates":[[-71.68966,-35.44777],[-71.68976,-35.44789]]}},{"type":"Feature","properties":{"nombre":"Avenida Colín","jerarquia":3},"geometry":{"type":"LineString","coordinates":[[-71.68976,-35.44789],[-71.68986,-35.448]]}},{"type":"Feature","properties":{"nombre":"Avenida Colín","jerarquia":3},"geometry":{"type":"LineString","coordinates":[[-71.68871,-35.44681],[-71.68864,-35.44672]]}},{"type":"Feature","properties":{"nombre":"Avenida Colín","jerarquia":3},"geometry":{"type":"LineString","coordinates":[[-71.6835,-35.44023],[-71.68383,-35.44064]]}},{"type":"Feature","properties":{"nombre":"Avenida Colín","jerarquia":3},"geometry":{"type":"LineString","coordinates":[[-71.68335,-35.44004],[-71.6835,-35.44023]]}},{"type":"Feature","properties":{"nombre":"Avenida Colín","jerarquia":3},"geometry":{"type":"LineString","coordinates":[[-71.68474,-35.44175],[-71.68509,-35.44219]]}},{"type":"Feature","properties":{"nombre":"Avenida Colín","jerarquia":3},"geometry":{"type":"LineString","coordinates":[[-71.68509,-35.44219],[-71.68514,-35.44225]]}},{"type":"Feature","properties":{"nombre":"Avenida Colín","jerarquia":3},"geometry":{"type":"LineString","coordinates":[[-71.68514,-35.44225],[-71.6852,-35.44233]]}},{"type":"Feature","properties":{"nombre":"Avenida Ignacio Carrera Pinto","jerarquia":3},"geometry":{"type":"LineString","coordinates":[[-71.68286,-35.43944],[-71.68324,-35.43991]]}},{"type":"Feature","properties":{"nombre":"Avenida Ignacio Carrera Pinto","jerarquia":3},"geometry":{"type":"LineString","coordinates":[[-71.68324,-35.43991],[-71.68335,-35.44004]]}},{"type":"Feature","properties":{"nombre":"Avenida Colín","jerarquia":3},"geometry":{"type":"LineString","coordinates":[[-71.68403,-35.44109],[-71.68363,-35.44059]]}},{"type":"Feature","properties":{"nombre":"Avenida Colín","jerarquia":3},"geometry":{"type":"LineString","coordinates":[[-71.68459,-35.44177],[-71.6844,-35.44153]]}},{"type":"Feature","properties":{"nombre":"Avenida Colín","jerarquia":3},"geometry":{"type":"LineString","coordinates":[[-71.6844,-35.44153],[-71.68403,-35.44109]]}},{"type":"Feature","properties":{"nombre":"Avenida Colín","jerarquia":3},"geometry":{"type":"LineString","coordinates":[[-71.68349,-35.44042],[-71.68336,-35.44026]]}},{"type":"Feature","properties":{"nombre":"Avenida Colín","jerarquia":3},"geometry":{"type":"LineString","coordinates":[[-71.68336,-35.44026],[-71.68327,-35.44015]]}},{"type":"Feature","properties":{"nombre":"Ruta K-505","jerarquia":4},"geometry":{"type":"LineString","coordinates":[[-71.6199,-35.54222],[-71.61842,-35.54277]]}},{"type":"Feature","properties":{"nombre":"Ruta K-513","jerarquia":5},"geometry":{"type":"LineString","coordinates":[[-71.62033,-35.5421],[-71.62193,-35.54144]]}},{"type":"Feature","properties":{"nombre":"Ruta K-505","jerarquia":4},"geometry":{"type":"LineString","coordinates":[[-71.6196,-35.54129],[-71.62004,-35.54183]]}},{"type":"Feature","properties":{"nombre":"Ruta K-513","jerarquia":5},"geometry":{"type":"LineString","coordinates":[[-71.6199,-35.54222],[-71.62033,-35.5421]]}},{"type":"Feature","properties":{"nombre":"Ruta K-505","jerarquia":4},"geometry":{"type":"LineString","coordinates":[[-71.62004,-35.54183],[-71.62003,-35.54206],[-71.6199,-35.54222]]}},{"type":"Feature","properties":{"nombre":"Ruta K-505","jerarquia":4},"geometry":{"type":"LineString","coordinates":[[-71.61842,-35.54277],[-71.61659,-35.54343]]}},{"type":"Feature","properties":{"nombre":"Ruta K-505","jerarquia":4},"geometry":{"type":"LineString","coordinates":[[-71.61659,-35.54343],[-71.61096,-35.5454],[-71.61049,-35.54552]]}},{"type":"Feature","properties":{"nombre":"Ruta K-505","jerarquia":4},"geometry":{"type":"LineString","coordinates":[[-71.61049,-35.54552],[-71.61004,-35.54572],[-71.60817,-35.54679],[-71.60617,-35.548],[-71.60588,-35.54825],[-71.60579,-35.54849],[-71.60584,-35.54874],[-71.60697,-35.55051]]}},{"type":"Feature","properties":{"nombre":"Ruta K-505","jerarquia":4},"geometry":{"type":"LineString","coordinates":[[-71.60697,-35.55051],[-71.60706,-35.55074]]}},{"type":"Feature","properties":{"nombre":"Ruta K-505","jerarquia":4},"geometry":{"type":"LineString","coordinates":[[-71.60706,-35.55074],[-71.60702,-35.55111],[-71.60678,-35.55139],[-71.60508,-35.55218]]}},{"type":"Feature","properties":{"nombre":"Ruta K-505","jerarquia":4},"geometry":{"type":"LineString","coordinates":[[-71.60508,-35.55218],[-71.60244,-35.55341]]}},{"type":"Feature","properties":{"nombre":"Ruta K-505","jerarquia":4},"geometry":{"type":"LineString","coordinates":[[-71.60244,-35.55341],[-71.60111,-35.55383],[-71.60009,-35.55423],[-71.59781,-35.5545],[-71.59649,-35.55471]]}},{"type":"Feature","properties":{"nombre":"Ruta K-505","jerarquia":4},"geometry":{"type":"LineString","coordinates":[[-71.59649,-35.55471],[-71.59488,-35.55496]]}},{"type":"Feature","properties":{"nombre":"Ruta K-505","jerarquia":4},"geometry":{"type":"LineString","coordinates":[[-71.59488,-35.55496],[-71.59453,-35.55508],[-71.59405,-35.55547],[-71.59065,-35.55689]]}},{"type":"Feature","properties":{"nombre":"Ruta K-505","jerarquia":4},"geometry":{"type":"LineString","coordinates":[[-71.59065,-35.55689],[-71.58855,-35.55768]]}},{"type":"Feature","properties":{"nombre":"Ruta K-505","jerarquia":4},"geometry":{"type":"LineString","coordinates":[[-71.58855,-35.55768],[-71.58783,-35.55793]]}},{"type":"Feature","properties":{"nombre":"Ruta K-505","jerarquia":4},"geometry":{"type":"LineString","coordinates":[[-71.58783,-35.55793],[-71.58739,-35.55803],[-71.58713,-35.55801]]}},{"type":"Feature","properties":{"nombre":"","jerarquia":1},"geometry":{"type":"LineString","coordinates":[[-71.65917,-35.48937],[-71.65888,-35.48938]]}},{"type":"Feature","properties":{"nombre":"","jerarquia":1},"geometry":{"type":"LineString","coordinates":[[-71.65936,-35.48937],[-71.65917,-35.48937]]}},{"type":"Feature","properties":{"nombre":"Ruta K-505","jerarquia":4},"geometry":{"type":"LineString","coordinates":[[-71.6588,-35.49024],[-71.65878,-35.49035]]}},{"type":"Feature","properties":{"nombre":"Ruta K-35","jerarquia":5},"geometry":{"type":"LineString","coordinates":[[-71.58826,-35.42168],[-71.58895,-35.42167]]}},{"type":"Feature","properties":{"nombre":"Ruta K-35","jerarquia":5},"geometry":{"type":"LineString","coordinates":[[-71.58895,-35.42167],[-71.5896,-35.42173]]}},{"type":"Feature","properties":{"nombre":"Ruta K-35","jerarquia":5},"geometry":{"type":"LineString","coordinates":[[-71.58755,-35.42175],[-71.58688,-35.42176]]}},{"type":"Feature","properties":{"nombre":"Ruta K-35","jerarquia":5},"geometry":{"type":"LineString","coordinates":[[-71.58813,-35.42174],[-71.58755,-35.42175]]}},{"type":"Feature","properties":{"nombre":"Ruta K-35","jerarquia":5},"geometry":{"type":"LineString","coordinates":[[-71.58688,-35.42176],[-71.58744,-35.42169]]}},{"type":"Feature","properties":{"nombre":"Ruta K-35","jerarquia":5},"geometry":{"type":"LineString","coordinates":[[-71.58827,-35.42174],[-71.58813,-35.42174]]}},{"type":"Feature","properties":{"nombre":"Ruta K-35","jerarquia":5},"geometry":{"type":"LineString","coordinates":[[-71.5896,-35.42173],[-71.58896,-35.42174]]}},{"type":"Feature","properties":{"nombre":"14 Oriente","jerarquia":5},"geometry":{"type":"LineString","coordinates":[[-71.64605,-35.46382],[-71.64536,-35.46304],[-71.64518,-35.46266],[-71.64448,-35.4571]]}},{"type":"Feature","properties":{"nombre":"14 Oriente","jerarquia":5},"geometry":{"type":"LineString","coordinates":[[-71.64609,-35.46386],[-71.64605,-35.46382]]}},{"type":"Feature","properties":{"nombre":"5 Oriente","jerarquia":5},"geometry":{"type":"LineString","coordinates":[[-71.6667,-35.45001],[-71.66671,-35.45003]]}},{"type":"Feature","properties":{"nombre":"5 Oriente","jerarquia":5},"geometry":{"type":"LineString","coordinates":[[-71.66671,-35.45003],[-71.66707,-35.45113]]}},{"type":"Feature","properties":{"nombre":"5 Oriente","jerarquia":5},"geometry":{"type":"LineString","coordinates":[[-71.66668,-35.44997],[-71.6667,-35.45001]]}},{"type":"Feature","properties":{"nombre":"Calle 1 Oriente","jerarquia":5},"geometry":{"type":"LineString","coordinates":[[-71.67198,-35.45142],[-71.67196,-35.45138]]}},{"type":"Feature","properties":{"nombre":"Calle 1 Oriente","jerarquia":5},"geometry":{"type":"LineString","coordinates":[[-71.67196,-35.45138],[-71.67126,-35.45024]]}},{"type":"Feature","properties":{"nombre":"Calle 1 Oriente","jerarquia":5},"geometry":{"type":"LineString","coordinates":[[-71.67126,-35.45024],[-71.67075,-35.44939]]}},{"type":"Feature","properties":{"nombre":"Calle 1 Oriente","jerarquia":5},"geometry":{"type":"LineString","coordinates":[[-71.67075,-35.44939],[-71.67073,-35.44934]]}},{"type":"Feature","properties":{"nombre":"Calle 1 Oriente","jerarquia":5},"geometry":{"type":"LineString","coordinates":[[-71.67073,-35.44934],[-71.6707,-35.44929]]}},{"type":"Feature","properties":{"nombre":"Calle 1 Oriente","jerarquia":5},"geometry":{"type":"LineString","coordinates":[[-71.67083,-35.4493],[-71.67086,-35.44934]]}},{"type":"Feature","properties":{"nombre":"Calle 1 Oriente","jerarquia":5},"geometry":{"type":"LineString","coordinates":[[-71.67086,-35.44934],[-71.67138,-35.45019]]}},{"type":"Feature","properties":{"nombre":"Calle 1 Oriente","jerarquia":5},"geometry":{"type":"LineString","coordinates":[[-71.67138,-35.45019],[-71.67209,-35.45137]]}},{"type":"Feature","properties":{"nombre":"Calle 1 Oriente","jerarquia":5},"geometry":{"type":"LineString","coordinates":[[-71.6708,-35.44925],[-71.67083,-35.4493]]}},{"type":"Feature","properties":{"nombre":"Calle 1½ Poniente","jerarquia":5},"geometry":{"type":"LineString","coordinates":[[-71.67403,-35.44853],[-71.67378,-35.44812]]}},{"type":"Feature","properties":{"nombre":"Calle 1½ Poniente","jerarquia":5},"geometry":{"type":"LineString","coordinates":[[-71.67378,-35.44812],[-71.6735,-35.44766]]}},{"type":"Feature","properties":{"nombre":"Calle 1½ Poniente","jerarquia":5},"geometry":{"type":"LineString","coordinates":[[-71.6735,-35.44766],[-71.67342,-35.44755]]}},{"type":"Feature","properties":{"nombre":"Calle 1½ Poniente","jerarquia":5},"geometry":{"type":"LineString","coordinates":[[-71.67342,-35.44755],[-71.67339,-35.44752]]}},{"type":"Feature","properties":{"nombre":"Calle 1½ Poniente","jerarquia":5},"geometry":{"type":"LineString","coordinates":[[-71.67339,-35.44752],[-71.6733,-35.44743]]}},{"type":"Feature","properties":{"nombre":"Avenida Lircay","jerarquia":3},"geometry":{"type":"LineString","coordinates":[[-71.63665,-35.40251],[-71.6379,-35.40309]]}},{"type":"Feature","properties":{"nombre":"Avenida Lircay","jerarquia":3},"geometry":{"type":"LineString","coordinates":[[-71.63851,-35.40345],[-71.63788,-35.40318]]}},{"type":"Feature","properties":{"nombre":"Avenida Lircay","jerarquia":3},"geometry":{"type":"LineString","coordinates":[[-71.63579,-35.40217],[-71.63491,-35.40176]]}},{"type":"Feature","properties":{"nombre":"Avenida Lircay","jerarquia":3},"geometry":{"type":"LineString","coordinates":[[-71.63583,-35.40211],[-71.63622,-35.4023]]}},{"type":"Feature","properties":{"nombre":"Avenida Lircay","jerarquia":3},"geometry":{"type":"LineString","coordinates":[[-71.6363,-35.40241],[-71.63579,-35.40217]]}},{"type":"Feature","properties":{"nombre":"Avenida Lircay","jerarquia":3},"geometry":{"type":"LineString","coordinates":[[-71.63622,-35.4023],[-71.63665,-35.40251]]}},{"type":"Feature","properties":{"nombre":"Avenida Lircay","jerarquia":3},"geometry":{"type":"LineString","coordinates":[[-71.63524,-35.40184],[-71.63583,-35.40211]]}},{"type":"Feature","properties":{"nombre":"Avenida Lircay","jerarquia":3},"geometry":{"type":"LineString","coordinates":[[-71.64015,-35.40412],[-71.64151,-35.40478]]}},{"type":"Feature","properties":{"nombre":"Avenida Lircay","jerarquia":3},"geometry":{"type":"LineString","coordinates":[[-71.64082,-35.40454],[-71.64028,-35.40428]]}},{"type":"Feature","properties":{"nombre":"Avenida Lircay","jerarquia":3},"geometry":{"type":"LineString","coordinates":[[-71.64028,-35.40428],[-71.6401,-35.4042]]}},{"type":"Feature","properties":{"nombre":"Avenida Lircay","jerarquia":3},"geometry":{"type":"LineString","coordinates":[[-71.63995,-35.40403],[-71.64003,-35.40407]]}},{"type":"Feature","properties":{"nombre":"Avenida Lircay","jerarquia":3},"geometry":{"type":"LineString","coordinates":[[-71.64003,-35.40407],[-71.64015,-35.40412]]}},{"type":"Feature","properties":{"nombre":"Avenida Lircay","jerarquia":3},"geometry":{"type":"LineString","coordinates":[[-71.6401,-35.4042],[-71.63989,-35.4041]]}},{"type":"Feature","properties":{"nombre":"Avenida Lircay","jerarquia":3},"geometry":{"type":"LineString","coordinates":[[-71.64151,-35.40478],[-71.64164,-35.40485]]}},{"type":"Feature","properties":{"nombre":"Avenida Lircay","jerarquia":3},"geometry":{"type":"LineString","coordinates":[[-71.64164,-35.40485],[-71.64231,-35.40515]]}},{"type":"Feature","properties":{"nombre":"Avenida Lircay","jerarquia":3},"geometry":{"type":"LineString","coordinates":[[-71.63195,-35.40085],[-71.63075,-35.40048]]}},{"type":"Feature","properties":{"nombre":"Avenida Lircay","jerarquia":3},"geometry":{"type":"LineString","coordinates":[[-71.63143,-35.40056],[-71.63257,-35.40089]]}},{"type":"Feature","properties":{"nombre":"Avenida Lircay","jerarquia":3},"geometry":{"type":"LineString","coordinates":[[-71.63084,-35.40037],[-71.63143,-35.40056]]}},{"type":"Feature","properties":{"nombre":"Calle 2 Norte","jerarquia":4},"geometry":{"type":"LineString","coordinates":[[-71.63307,-35.4299],[-71.63234,-35.4301]]}},{"type":"Feature","properties":{"nombre":"Avenida Cancha Rayada","jerarquia":3},"geometry":{"type":"LineString","coordinates":[[-71.64967,-35.42237],[-71.64989,-35.42214]]}},{"type":"Feature","properties":{"nombre":"Avenida Salvador Allende","jerarquia":4},"geometry":{"type":"LineString","coordinates":[[-71.64962,-35.42211],[-71.64967,-35.42237]]}},{"type":"Feature","properties":{"nombre":"13½ Oriente Interior","jerarquia":5},"geometry":{"type":"LineString","coordinates":[[-71.64255,-35.41358],[-71.64257,-35.41347]]}},{"type":"Feature","properties":{"nombre":"13½ Oriente Interior","jerarquia":5},"geometry":{"type":"LineString","coordinates":[[-71.64252,-35.41367],[-71.64255,-35.41358]]}},{"type":"Feature","properties":{"nombre":"Calle 5 Norte","jerarquia":5},"geometry":{"type":"LineString","coordinates":[[-71.60841,-35.43315],[-71.60848,-35.43311]]}},{"type":"Feature","properties":{"nombre":"Rodrigo Mendoza","jerarquia":3},"geometry":{"type":"LineString","coordinates":[[-71.68486,-35.46095],[-71.68495,-35.46079]]}},{"type":"Feature","properties":{"nombre":"Rodrigo Mendoza","jerarquia":3},"geometry":{"type":"LineString","coordinates":[[-71.68452,-35.46153],[-71.68481,-35.46103]]}},{"type":"Feature","properties":{"nombre":"Rodrigo Mendoza","jerarquia":3},"geometry":{"type":"LineString","coordinates":[[-71.68426,-35.462],[-71.68452,-35.46153]]}},{"type":"Feature","properties":{"nombre":"Rodrigo Mendoza","jerarquia":3},"geometry":{"type":"LineString","coordinates":[[-71.68494,-35.46099],[-71.68452,-35.46167],[-71.68426,-35.462]]}},{"type":"Feature","properties":{"nombre":"Rodrigo Mendoza","jerarquia":3},"geometry":{"type":"LineString","coordinates":[[-71.68503,-35.46083],[-71.68494,-35.46099]]}},{"type":"Feature","properties":{"nombre":"Rodrigo Mendoza","jerarquia":3},"geometry":{"type":"LineString","coordinates":[[-71.68558,-35.45974],[-71.68503,-35.46083]]}},{"type":"Feature","properties":{"nombre":"Rodrigo Mendoza","jerarquia":3},"geometry":{"type":"LineString","coordinates":[[-71.68558,-35.45974],[-71.68586,-35.45927]]}},{"type":"Feature","properties":{"nombre":"Rodrigo Mendoza","jerarquia":3},"geometry":{"type":"LineString","coordinates":[[-71.68495,-35.46079],[-71.68558,-35.45974]]}},{"type":"Feature","properties":{"nombre":"Avenida Colín","jerarquia":3},"geometry":{"type":"LineString","coordinates":[[-71.68763,-35.4453],[-71.68795,-35.44569]]}},{"type":"Feature","properties":{"nombre":"Avenida Colín","jerarquia":3},"geometry":{"type":"LineString","coordinates":[[-71.68795,-35.44569],[-71.68807,-35.44584]]}},{"type":"Feature","properties":{"nombre":"Avenida Colín","jerarquia":3},"geometry":{"type":"LineString","coordinates":[[-71.68758,-35.44544],[-71.68724,-35.44502]]}},{"type":"Feature","properties":{"nombre":"Avenida Colín","jerarquia":3},"geometry":{"type":"LineString","coordinates":[[-71.68724,-35.44502],[-71.68704,-35.44477]]}},{"type":"Feature","properties":{"nombre":"27 Sur","jerarquia":5},"geometry":{"type":"LineString","coordinates":[[-71.68807,-35.44584],[-71.68795,-35.44588]]}},{"type":"Feature","properties":{"nombre":"Avenida Colín","jerarquia":3},"geometry":{"type":"LineString","coordinates":[[-71.68994,-35.4483],[-71.6898,-35.44813]]}},{"type":"Feature","properties":{"nombre":"Avenida Colín","jerarquia":3},"geometry":{"type":"LineString","coordinates":[[-71.6898,-35.44813],[-71.68974,-35.44806]]}},{"type":"Feature","properties":{"nombre":"29 Sur","jerarquia":5},"geometry":{"type":"LineString","coordinates":[[-71.68974,-35.44806],[-71.68986,-35.448]]}},{"type":"Feature","properties":{"nombre":"Avenida Colín","jerarquia":3},"geometry":{"type":"LineString","coordinates":[[-71.69043,-35.4496],[-71.69042,-35.44983]]}},{"type":"Feature","properties":{"nombre":"Avenida Colín","jerarquia":3},"geometry":{"type":"LineString","coordinates":[[-71.69026,-35.45022],[-71.69027,-35.44998]]}},{"type":"Feature","properties":{"nombre":"Avenida Colín","jerarquia":3},"geometry":{"type":"LineString","coordinates":[[-71.69017,-35.45193],[-71.69019,-35.45175]]}},{"type":"Feature","properties":{"nombre":"Rodrigo Mendoza","jerarquia":3},"geometry":{"type":"LineString","coordinates":[[-71.68911,-35.45412],[-71.68952,-35.45359]]}},{"type":"Feature","properties":{"nombre":"Avenida Duao","jerarquia":5},"geometry":{"type":"LineString","coordinates":[[-71.68972,-35.45326],[-71.68955,-35.45329]]}},{"type":"Feature","properties":{"nombre":"Avenida Duao","jerarquia":5},"geometry":{"type":"LineString","coordinates":[[-71.68955,-35.45329],[-71.68932,-35.45334]]}},{"type":"Feature","properties":{"nombre":"Rodrigo Mendoza","jerarquia":3},"geometry":{"type":"LineString","coordinates":[[-71.68952,-35.45359],[-71.68967,-35.45335]]}},{"type":"Feature","properties":{"nombre":"Rodrigo Mendoza","jerarquia":3},"geometry":{"type":"LineString","coordinates":[[-71.68967,-35.45335],[-71.68972,-35.45326]]}},{"type":"Feature","properties":{"nombre":"Ruta K-390","jerarquia":4},"geometry":{"type":"LineString","coordinates":[[-71.6904,-35.45332],[-71.69013,-35.45326]]}},{"type":"Feature","properties":{"nombre":"Rodrigo Mendoza","jerarquia":3},"geometry":{"type":"LineString","coordinates":[[-71.68988,-35.45325],[-71.68975,-35.45345]]}},{"type":"Feature","properties":{"nombre":"Ruta K-390","jerarquia":4},"geometry":{"type":"LineString","coordinates":[[-71.69013,-35.45326],[-71.68999,-35.45326]]}},{"type":"Feature","properties":{"nombre":"Ruta K-390","jerarquia":4},"geometry":{"type":"LineString","coordinates":[[-71.68999,-35.45326],[-71.68988,-35.45325]]}},{"type":"Feature","properties":{"nombre":"Avenida Colín","jerarquia":3},"geometry":{"type":"LineString","coordinates":[[-71.68997,-35.45306],[-71.68988,-35.45325]]}},{"type":"Feature","properties":{"nombre":"Ruta 5 Sur","jerarquia":1},"geometry":{"type":"LineString","coordinates":[[-71.67433,-35.51784],[-71.67647,-35.52023]]}},{"type":"Feature","properties":{"nombre":"Ruta K-361","jerarquia":4},"geometry":{"type":"LineString","coordinates":[[-71.55342,-35.47965],[-71.55388,-35.48019]]}},{"type":"Feature","properties":{"nombre":"Ruta K-361","jerarquia":4},"geometry":{"type":"LineString","coordinates":[[-71.55388,-35.48019],[-71.55443,-35.48085]]}},{"type":"Feature","properties":{"nombre":"Ruta K-361","jerarquia":4},"geometry":{"type":"LineString","coordinates":[[-71.55326,-35.47945],[-71.55342,-35.47965]]}},{"type":"Feature","properties":{"nombre":"Calle 2 Sur","jerarquia":3},"geometry":{"type":"LineString","coordinates":[[-71.6696,-35.42798],[-71.66972,-35.42797]]}},{"type":"Feature","properties":{"nombre":"Calle 2 Sur","jerarquia":3},"geometry":{"type":"LineString","coordinates":[[-71.66972,-35.42797],[-71.66986,-35.42796]]}},{"type":"Feature","properties":{"nombre":"","jerarquia":1},"geometry":{"type":"LineString","coordinates":[[-71.60191,-35.37977],[-71.60188,-35.38]]}},{"type":"Feature","properties":{"nombre":"Camino Los Patos","jerarquia":5},"geometry":{"type":"LineString","coordinates":[[-71.68362,-35.45906],[-71.68524,-35.45843]]}},{"type":"Feature","properties":{"nombre":"Camino Los Patos","jerarquia":5},"geometry":{"type":"LineString","coordinates":[[-71.68601,-35.45831],[-71.68548,-35.4585]]}},{"type":"Feature","properties":{"nombre":"Camino Los Patos","jerarquia":5},"geometry":{"type":"LineString","coordinates":[[-71.66634,-35.4599],[-71.66638,-35.45994]]}},{"type":"Feature","properties":{"nombre":"Camino Los Patos","jerarquia":5},"geometry":{"type":"LineString","coordinates":[[-71.66607,-35.45981],[-71.66615,-35.45982]]}},{"type":"Feature","properties":{"nombre":"Camino Los Patos","jerarquia":5},"geometry":{"type":"LineString","coordinates":[[-71.66615,-35.45982],[-71.66634,-35.4599]]}},{"type":"Feature","properties":{"nombre":"Camino Santa María","jerarquia":5},"geometry":{"type":"LineString","coordinates":[[-71.58785,-35.55657],[-71.58798,-35.55676]]}},{"type":"Feature","properties":{"nombre":"Camino Santa María","jerarquia":5},"geometry":{"type":"LineString","coordinates":[[-71.58798,-35.55676],[-71.58848,-35.55756]]}},{"type":"Feature","properties":{"nombre":"Camino Santa María","jerarquia":5},"geometry":{"type":"LineString","coordinates":[[-71.58779,-35.55649],[-71.58785,-35.55657]]}},{"type":"Feature","properties":{"nombre":"Ruta K-505","jerarquia":4},"geometry":{"type":"LineString","coordinates":[[-71.60931,-35.52667],[-71.60981,-35.52908],[-71.60997,-35.5295],[-71.6103,-35.53009]]}},{"type":"Feature","properties":{"nombre":"Ruta K-505","jerarquia":4},"geometry":{"type":"LineString","coordinates":[[-71.6103,-35.53009],[-71.61088,-35.531],[-71.61172,-35.53213]]}},{"type":"Feature","properties":{"nombre":"Ruta K-505","jerarquia":4},"geometry":{"type":"LineString","coordinates":[[-71.61172,-35.53213],[-71.61191,-35.53239]]}},{"type":"Feature","properties":{"nombre":"Ruta K-505","jerarquia":4},"geometry":{"type":"LineString","coordinates":[[-71.61191,-35.53239],[-71.61363,-35.53463],[-71.61549,-35.53678]]}},{"type":"Feature","properties":{"nombre":"Ruta K-505","jerarquia":4},"geometry":{"type":"LineString","coordinates":[[-71.61549,-35.53678],[-71.61822,-35.53973]]}},{"type":"Feature","properties":{"nombre":"Ruta K-505","jerarquia":4},"geometry":{"type":"LineString","coordinates":[[-71.61822,-35.53973],[-71.6196,-35.54129]]}},{"type":"Feature","properties":{"nombre":"Ruta K-505","jerarquia":4},"geometry":{"type":"LineString","coordinates":[[-71.60929,-35.52659],[-71.60931,-35.52667]]}},{"type":"Feature","properties":{"nombre":"Ruta K-505","jerarquia":4},"geometry":{"type":"LineString","coordinates":[[-71.62346,-35.51688],[-71.622,-35.51692],[-71.62046,-35.51676],[-71.61901,-35.51667]]}},{"type":"Feature","properties":{"nombre":"Ruta K-505","jerarquia":4},"geometry":{"type":"LineString","coordinates":[[-71.61901,-35.51667],[-71.61867,-35.51668]]}},{"type":"Feature","properties":{"nombre":"Ruta K-505","jerarquia":4},"geometry":{"type":"LineString","coordinates":[[-71.61867,-35.51668],[-71.61849,-35.51672]]}},{"type":"Feature","properties":{"nombre":"Ruta K-505","jerarquia":4},"geometry":{"type":"LineString","coordinates":[[-71.61849,-35.51672],[-71.61747,-35.51715],[-71.61584,-35.51793],[-71.61358,-35.5191]]}},{"type":"Feature","properties":{"nombre":"Ruta K-505","jerarquia":4},"geometry":{"type":"LineString","coordinates":[[-71.61358,-35.5191],[-71.60939,-35.52148]]}},{"type":"Feature","properties":{"nombre":"Ruta K-505","jerarquia":4},"geometry":{"type":"LineString","coordinates":[[-71.60939,-35.52148],[-71.60867,-35.52188],[-71.60848,-35.5221]]}},{"type":"Feature","properties":{"nombre":"Ruta K-505","jerarquia":4},"geometry":{"type":"LineString","coordinates":[[-71.60848,-35.5221],[-71.60845,-35.52239],[-71.60906,-35.52539]]}},{"type":"Feature","properties":{"nombre":"Ruta K-505","jerarquia":4},"geometry":{"type":"LineString","coordinates":[[-71.60906,-35.52539],[-71.60929,-35.52659]]}},{"type":"Feature","properties":{"nombre":"Ruta K-505","jerarquia":4},"geometry":{"type":"LineString","coordinates":[[-71.62356,-35.51689],[-71.62346,-35.51688]]}},{"type":"Feature","properties":{"nombre":"14 Oriente","jerarquia":5},"geometry":{"type":"LineString","coordinates":[[-71.64955,-35.47786],[-71.64949,-35.47736],[-71.6497,-35.47657],[-71.65,-35.47577]]}},{"type":"Feature","properties":{"nombre":"14 Oriente","jerarquia":5},"geometry":{"type":"LineString","coordinates":[[-71.65,-35.47577],[-71.65018,-35.47547]]}},{"type":"Feature","properties":{"nombre":"14 Oriente","jerarquia":5},"geometry":{"type":"LineString","coordinates":[[-71.65018,-35.47547],[-71.6505,-35.47438]]}},{"type":"Feature","properties":{"nombre":"14 Oriente","jerarquia":5},"geometry":{"type":"LineString","coordinates":[[-71.6505,-35.47438],[-71.65019,-35.47283],[-71.65015,-35.47226]]}},{"type":"Feature","properties":{"nombre":"14 Oriente","jerarquia":5},"geometry":{"type":"LineString","coordinates":[[-71.65015,-35.47226],[-71.65021,-35.47177]]}},{"type":"Feature","properties":{"nombre":"14 Oriente","jerarquia":5},"geometry":{"type":"LineString","coordinates":[[-71.65021,-35.47177],[-71.65026,-35.47141]]}},{"type":"Feature","properties":{"nombre":"14 Oriente","jerarquia":5},"geometry":{"type":"LineString","coordinates":[[-71.65026,-35.47141],[-71.65043,-35.47032]]}},{"type":"Feature","properties":{"nombre":"14 Oriente","jerarquia":5},"geometry":{"type":"LineString","coordinates":[[-71.65043,-35.47032],[-71.65055,-35.46943]]}},{"type":"Feature","properties":{"nombre":"14 Oriente","jerarquia":5},"geometry":{"type":"LineString","coordinates":[[-71.65055,-35.46943],[-71.65058,-35.46894]]}},{"type":"Feature","properties":{"nombre":"14 Oriente","jerarquia":5},"geometry":{"type":"LineString","coordinates":[[-71.65058,-35.46894],[-71.65045,-35.4686],[-71.6495,-35.46754]]}},{"type":"Feature","properties":{"nombre":"14 Oriente","jerarquia":5},"geometry":{"type":"LineString","coordinates":[[-71.6495,-35.46754],[-71.64824,-35.4661]]}},{"type":"Feature","properties":{"nombre":"14 Oriente","jerarquia":5},"geometry":{"type":"LineString","coordinates":[[-71.64824,-35.4661],[-71.64609,-35.46386]]}},{"type":"Feature","properties":{"nombre":"Ruta K-625","jerarquia":5},"geometry":{"type":"LineString","coordinates":[[-71.64955,-35.47799],[-71.64955,-35.47786]]}},{"type":"Feature","properties":{"nombre":"Avenida Lircay","jerarquia":3},"geometry":{"type":"LineString","coordinates":[[-71.64522,-35.40668],[-71.64495,-35.40653]]}},{"type":"Feature","properties":{"nombre":"Avenida Lircay","jerarquia":3},"geometry":{"type":"LineString","coordinates":[[-71.64547,-35.40684],[-71.64537,-35.40677]]}},{"type":"Feature","properties":{"nombre":"Avenida Lircay","jerarquia":3},"geometry":{"type":"LineString","coordinates":[[-71.64537,-35.40677],[-71.64522,-35.40668]]}},{"type":"Feature","properties":{"nombre":"Avenida Lircay","jerarquia":3},"geometry":{"type":"LineString","coordinates":[[-71.64435,-35.40622],[-71.64337,-35.40575]]}},{"type":"Feature","properties":{"nombre":"Avenida Lircay","jerarquia":3},"geometry":{"type":"LineString","coordinates":[[-71.64337,-35.40575],[-71.64215,-35.40516]]}},{"type":"Feature","properties":{"nombre":"Calle 23 Oriente","jerarquia":5},"geometry":{"type":"LineString","coordinates":[[-71.63443,-35.43257],[-71.63435,-35.43241]]}},{"type":"Feature","properties":{"nombre":"Avenida San Miguel","jerarquia":2},"geometry":{"type":"LineString","coordinates":[[-71.63452,-35.43275],[-71.63472,-35.43269]]}},{"type":"Feature","properties":{"nombre":"","jerarquia":2},"geometry":{"type":"LineString","coordinates":[[-71.63443,-35.43257],[-71.63472,-35.43269]]}},{"type":"Feature","properties":{"nombre":"Ruta K-392","jerarquia":5},"geometry":{"type":"LineString","coordinates":[[-71.66829,-35.47933],[-71.66935,-35.4793]]}},{"type":"Feature","properties":{"nombre":"Ruta K-392","jerarquia":5},"geometry":{"type":"LineString","coordinates":[[-71.66935,-35.4793],[-71.6712,-35.47924],[-71.67248,-35.47933]]}},{"type":"Feature","properties":{"nombre":"Ruta K-392","jerarquia":5},"geometry":{"type":"LineString","coordinates":[[-71.67248,-35.47933],[-71.67378,-35.47932]]}},{"type":"Feature","properties":{"nombre":"Ruta K-392","jerarquia":5},"geometry":{"type":"LineString","coordinates":[[-71.67378,-35.47932],[-71.67469,-35.4793]]}},{"type":"Feature","properties":{"nombre":"Ruta K-392","jerarquia":5},"geometry":{"type":"LineString","coordinates":[[-71.67469,-35.4793],[-71.6753,-35.47929],[-71.67579,-35.47936],[-71.6769,-35.47967],[-71.67748,-35.47991]]}},{"type":"Feature","properties":{"nombre":"Ruta K-392","jerarquia":5},"geometry":{"type":"LineString","coordinates":[[-71.67748,-35.47991],[-71.67753,-35.47993]]}},{"type":"Feature","properties":{"nombre":"Ruta K-390","jerarquia":4},"geometry":{"type":"LineString","coordinates":[[-71.69568,-35.46619],[-71.69456,-35.46273]]}},{"type":"Feature","properties":{"nombre":"Ruta K-390","jerarquia":4},"geometry":{"type":"LineString","coordinates":[[-71.69456,-35.46273],[-71.69398,-35.46102]]}},{"type":"Feature","properties":{"nombre":"Ruta K-390","jerarquia":4},"geometry":{"type":"LineString","coordinates":[[-71.69398,-35.46102],[-71.69363,-35.45997]]}},{"type":"Feature","properties":{"nombre":"Ruta K-390","jerarquia":4},"geometry":{"type":"LineString","coordinates":[[-71.69363,-35.45997],[-71.69358,-35.45983]]}},{"type":"Feature","properties":{"nombre":"Ruta K-390","jerarquia":4},"geometry":{"type":"LineString","coordinates":[[-71.69358,-35.45983],[-71.6926,-35.45679]]}},{"type":"Feature","properties":{"nombre":"Ruta K-390","jerarquia":4},"geometry":{"type":"LineString","coordinates":[[-71.6957,-35.46627],[-71.69568,-35.46619]]}},{"type":"Feature","properties":{"nombre":"Ruta K-35","jerarquia":5},"geometry":{"type":"LineString","coordinates":[[-71.59514,-35.42261],[-71.59488,-35.42257]]}},{"type":"Feature","properties":{"nombre":"Ruta K-35","jerarquia":5},"geometry":{"type":"LineString","coordinates":[[-71.59488,-35.42257],[-71.59477,-35.42255]]}},{"type":"Feature","properties":{"nombre":"Ruta K-35","jerarquia":5},"geometry":{"type":"LineString","coordinates":[[-71.59477,-35.42255],[-71.59456,-35.42252]]}},{"type":"Feature","properties":{"nombre":"Ruta K-35","jerarquia":5},"geometry":{"type":"LineString","coordinates":[[-71.59041,-35.42179],[-71.5896,-35.42173]]}},{"type":"Feature","properties":{"nombre":"","jerarquia":5},"geometry":{"type":"LineString","coordinates":[[-71.59514,-35.42261],[-71.59501,-35.42263],[-71.59489,-35.42272]]}},{"type":"Feature","properties":{"nombre":"","jerarquia":5},"geometry":{"type":"LineString","coordinates":[[-71.59478,-35.42271],[-71.59472,-35.42261],[-71.59456,-35.42252]]}},{"type":"Feature","properties":{"nombre":"","jerarquia":5},"geometry":{"type":"LineString","coordinates":[[-71.59328,-35.42232],[-71.59296,-35.4224],[-71.5928,-35.42259]]}},{"type":"Feature","properties":{"nombre":"","jerarquia":5},"geometry":{"type":"LineString","coordinates":[[-71.5928,-35.42259],[-71.59266,-35.42239],[-71.59242,-35.42219]]}},{"type":"Feature","properties":{"nombre":"26 Sur","jerarquia":5},"geometry":{"type":"LineString","coordinates":[[-71.67205,-35.45153],[-71.67115,-35.45186],[-71.67081,-35.45192],[-71.6689,-35.45183],[-71.66846,-35.45186],[-71.66734,-35.45207]]}},{"type":"Feature","properties":{"nombre":"Calle 9 Oriente","jerarquia":5},"geometry":{"type":"LineString","coordinates":[[-71.67049,-35.46356],[-71.67074,-35.46392]]}},{"type":"Feature","properties":{"nombre":"Calle 9 Oriente","jerarquia":5},"geometry":{"type":"LineString","coordinates":[[-71.67066,-35.46396],[-71.67041,-35.46355]]}},{"type":"Feature","properties":{"nombre":"","jerarquia":5},"geometry":{"type":"LineString","coordinates":[[-71.67036,-35.46341],[-71.67039,-35.46345]]}},{"type":"Feature","properties":{"nombre":"Calle Vicente Pérez Rosales","jerarquia":5},"geometry":{"type":"LineString","coordinates":[[-71.67049,-35.46356],[-71.67044,-35.46356]]}},{"type":"Feature","properties":{"nombre":"Calle Vicente Pérez Rosales","jerarquia":5},"geometry":{"type":"LineString","coordinates":[[-71.67044,-35.46356],[-71.67041,-35.46355]]}},{"type":"Feature","properties":{"nombre":"O'Higgins","jerarquia":5},"geometry":{"type":"LineString","coordinates":[[-71.69263,-35.52312],[-71.69266,-35.52303]]}},{"type":"Feature","properties":{"nombre":"O'Higgins","jerarquia":5},"geometry":{"type":"LineString","coordinates":[[-71.69237,-35.52416],[-71.69263,-35.52312]]}},{"type":"Feature","properties":{"nombre":"Avenida Diego Portales","jerarquia":4},"geometry":{"type":"LineString","coordinates":[[-71.69475,-35.5219],[-71.69485,-35.52192]]}},{"type":"Feature","properties":{"nombre":"Avenida Diego Portales","jerarquia":4},"geometry":{"type":"LineString","coordinates":[[-71.69485,-35.52192],[-71.69635,-35.52219]]}},{"type":"Feature","properties":{"nombre":"Avenida Diego Portales","jerarquia":4},"geometry":{"type":"LineString","coordinates":[[-71.69635,-35.52219],[-71.69889,-35.52264]]}},{"type":"Feature","properties":{"nombre":"Avenida Diego Portales","jerarquia":4},"geometry":{"type":"LineString","coordinates":[[-71.69461,-35.52187],[-71.69475,-35.5219]]}},{"type":"Feature","properties":{"nombre":"Avenida San Miguel","jerarquia":2},"geometry":{"type":"LineString","coordinates":[[-71.53362,-35.4957],[-71.533,-35.49626]]}},{"type":"Feature","properties":{"nombre":"Avenida San Miguel","jerarquia":2},"geometry":{"type":"LineString","coordinates":[[-71.54794,-35.48275],[-71.54744,-35.48321]]}},{"type":"Feature","properties":{"nombre":"Avenida San Miguel","jerarquia":2},"geometry":{"type":"LineString","coordinates":[[-71.5487,-35.48206],[-71.54794,-35.48275]]}},{"type":"Feature","properties":{"nombre":"Avenida San Miguel","jerarquia":2},"geometry":{"type":"LineString","coordinates":[[-71.54903,-35.48176],[-71.5487,-35.48206]]}},{"type":"Feature","properties":{"nombre":"Avenida San Miguel","jerarquia":2},"geometry":{"type":"LineString","coordinates":[[-71.55218,-35.47891],[-71.54973,-35.48112]]}},{"type":"Feature","properties":{"nombre":"Avenida San Miguel","jerarquia":2},"geometry":{"type":"LineString","coordinates":[[-71.55347,-35.47776],[-71.55313,-35.47805]]}},{"type":"Feature","properties":{"nombre":"Avenida San Miguel","jerarquia":2},"geometry":{"type":"LineString","coordinates":[[-71.55797,-35.47392],[-71.5574,-35.4743]]}},{"type":"Feature","properties":{"nombre":"Avenida San Miguel","jerarquia":2},"geometry":{"type":"LineString","coordinates":[[-71.56522,-35.46936],[-71.56273,-35.47106]]}},{"type":"Feature","properties":{"nombre":"Rodrigo Mendoza","jerarquia":3},"geometry":{"type":"LineString","coordinates":[[-71.688,-35.45563],[-71.68814,-35.45542]]}},{"type":"Feature","properties":{"nombre":"29 Sur","jerarquia":5},"geometry":{"type":"LineString","coordinates":[[-71.68986,-35.448],[-71.68992,-35.44796]]}},{"type":"Feature","properties":{"nombre":"Rodrigo Mendoza","jerarquia":3},"geometry":{"type":"LineString","coordinates":[[-71.68814,-35.45542],[-71.68875,-35.45461]]}},{"type":"Feature","properties":{"nombre":"Rodrigo Mendoza","jerarquia":3},"geometry":{"type":"LineString","coordinates":[[-71.68481,-35.46103],[-71.68486,-35.46095]]}},{"type":"Feature","properties":{"nombre":"Avenida Ignacio Carrera Pinto","jerarquia":3},"geometry":{"type":"LineString","coordinates":[[-71.67736,-35.43158],[-71.67729,-35.4315]]}},{"type":"Feature","properties":{"nombre":"Avenida Circunvalación","jerarquia":3},"geometry":{"type":"LineString","coordinates":[[-71.67552,-35.42104],[-71.6755,-35.42092]]}},{"type":"Feature","properties":{"nombre":"Avenida Circunvalación","jerarquia":3},"geometry":{"type":"LineString","coordinates":[[-71.67574,-35.42228],[-71.67563,-35.4216]]}},{"type":"Feature","properties":{"nombre":"Avenida Circunvalación","jerarquia":3},"geometry":{"type":"LineString","coordinates":[[-71.67575,-35.42145],[-71.67577,-35.42158]]}},{"type":"Feature","properties":{"nombre":"Avenida Alameda Bernardo O'Higgins","jerarquia":3},"geometry":{"type":"LineString","coordinates":[[-71.67584,-35.42145],[-71.67575,-35.42145]]}},{"type":"Feature","properties":{"nombre":"Avenida Alameda Bernardo O'Higgins","jerarquia":3},"geometry":{"type":"LineString","coordinates":[[-71.6756,-35.42146],[-71.67552,-35.42147]]}},{"type":"Feature","properties":{"nombre":"Avenida Alameda Bernardo O'Higgins","jerarquia":3},"geometry":{"type":"LineString","coordinates":[[-71.67565,-35.42091],[-71.67576,-35.4209]]}},{"type":"Feature","properties":{"nombre":"Avenida Alameda Bernardo O'Higgins","jerarquia":3},"geometry":{"type":"LineString","coordinates":[[-71.67542,-35.42092],[-71.6755,-35.42092]]}},{"type":"Feature","properties":{"nombre":"Avenida Circunvalación","jerarquia":3},"geometry":{"type":"LineString","coordinates":[[-71.67447,-35.41835],[-71.67455,-35.41848]]}},{"type":"Feature","properties":{"nombre":"Avenida Circunvalación","jerarquia":3},"geometry":{"type":"LineString","coordinates":[[-71.67437,-35.41839],[-71.67419,-35.41792],[-71.67417,-35.41724]]}},{"type":"Feature","properties":{"nombre":"Calle 6 Sur","jerarquia":5},"geometry":{"type":"LineString","coordinates":[[-71.65097,-35.43445],[-71.65129,-35.43441]]}},{"type":"Feature","properties":{"nombre":"Calle 25 Oriente","jerarquia":5},"geometry":{"type":"LineString","coordinates":[[-71.61521,-35.40428],[-71.61557,-35.40482]]}},{"type":"Feature","properties":{"nombre":"Calle 25 Oriente","jerarquia":5},"geometry":{"type":"LineString","coordinates":[[-71.61557,-35.40482],[-71.61609,-35.40561]]}},{"type":"Feature","properties":{"nombre":"Calle 25 Oriente","jerarquia":5},"geometry":{"type":"LineString","coordinates":[[-71.61609,-35.40561],[-71.61648,-35.40619]]}},{"type":"Feature","properties":{"nombre":"Calle 16 Sur","jerarquia":5},"geometry":{"type":"LineString","coordinates":[[-71.66058,-35.44633],[-71.66041,-35.4464]]}},{"type":"Feature","properties":{"nombre":"Calle 16 Sur","jerarquia":5},"geometry":{"type":"LineString","coordinates":[[-71.66041,-35.4464],[-71.65976,-35.4467]]}},{"type":"Feature","properties":{"nombre":"Calle 16 Sur","jerarquia":5},"geometry":{"type":"LineString","coordinates":[[-71.65976,-35.4467],[-71.65941,-35.44685]]}},{"type":"Feature","properties":{"nombre":"Calle 16 Sur","jerarquia":5},"geometry":{"type":"LineString","coordinates":[[-71.65941,-35.44685],[-71.65934,-35.44688]]}},{"type":"Feature","properties":{"nombre":"Ruta K-35","jerarquia":5},"geometry":{"type":"LineString","coordinates":[[-71.58688,-35.42176],[-71.58158,-35.42208]]}},{"type":"Feature","properties":{"nombre":"Ruta K-35","jerarquia":5},"geometry":{"type":"LineString","coordinates":[[-71.58158,-35.42208],[-71.57738,-35.42223]]}},{"type":"Feature","properties":{"nombre":"Ruta K-35","jerarquia":5},"geometry":{"type":"LineString","coordinates":[[-71.57738,-35.42223],[-71.57334,-35.4224]]}},{"type":"Feature","properties":{"nombre":"Ruta K-35","jerarquia":5},"geometry":{"type":"LineString","coordinates":[[-71.57334,-35.4224],[-71.57171,-35.42247],[-71.57103,-35.42256],[-71.56878,-35.42308]]}},{"type":"Feature","properties":{"nombre":"Ruta K-35","jerarquia":5},"geometry":{"type":"LineString","coordinates":[[-71.56878,-35.42308],[-71.56623,-35.42364]]}},{"type":"Feature","properties":{"nombre":"Ruta K-35","jerarquia":5},"geometry":{"type":"LineString","coordinates":[[-71.56623,-35.42364],[-71.56612,-35.42366]]}},{"type":"Feature","properties":{"nombre":"Ruta K-35","jerarquia":5},"geometry":{"type":"LineString","coordinates":[[-71.56612,-35.42366],[-71.56366,-35.42417]]}},{"type":"Feature","properties":{"nombre":"Ruta K-35","jerarquia":5},"geometry":{"type":"LineString","coordinates":[[-71.56366,-35.42417],[-71.56273,-35.42419],[-71.5624,-35.42424]]}},{"type":"Feature","properties":{"nombre":"Ruta K-35","jerarquia":5},"geometry":{"type":"LineString","coordinates":[[-71.5624,-35.42424],[-71.56086,-35.42462]]}},{"type":"Feature","properties":{"nombre":"Ruta K-35","jerarquia":5},"geometry":{"type":"LineString","coordinates":[[-71.56086,-35.42462],[-71.55528,-35.42609],[-71.55233,-35.42706]]}},{"type":"Feature","properties":{"nombre":"Ruta K-35","jerarquia":5},"geometry":{"type":"LineString","coordinates":[[-71.55233,-35.42706],[-71.551,-35.42743]]}},{"type":"Feature","properties":{"nombre":"Ruta K-35","jerarquia":5},"geometry":{"type":"LineString","coordinates":[[-71.551,-35.42743],[-71.55053,-35.4275]]}},{"type":"Feature","properties":{"nombre":"Ruta K-35","jerarquia":5},"geometry":{"type":"LineString","coordinates":[[-71.55053,-35.4275],[-71.54756,-35.42746],[-71.5452,-35.42807],[-71.54331,-35.42841]]}},{"type":"Feature","properties":{"nombre":"Ruta K-35","jerarquia":5},"geometry":{"type":"LineString","coordinates":[[-71.54331,-35.42841],[-71.53997,-35.429]]}},{"type":"Feature","properties":{"nombre":"Ruta K-35","jerarquia":5},"geometry":{"type":"LineString","coordinates":[[-71.53997,-35.429],[-71.53936,-35.4291]]}},{"type":"Feature","properties":{"nombre":"Ruta K-35","jerarquia":5},"geometry":{"type":"LineString","coordinates":[[-71.53936,-35.4291],[-71.53814,-35.42933]]}},{"type":"Feature","properties":{"nombre":"Ruta K-35","jerarquia":5},"geometry":{"type":"LineString","coordinates":[[-71.53814,-35.42933],[-71.53479,-35.42996],[-71.53335,-35.43015]]}},{"type":"Feature","properties":{"nombre":"Ruta K-361","jerarquia":4},"geometry":{"type":"LineString","coordinates":[[-71.57372,-35.50762],[-71.57376,-35.50769]]}},{"type":"Feature","properties":{"nombre":"Ruta K-361","jerarquia":4},"geometry":{"type":"LineString","coordinates":[[-71.55443,-35.48085],[-71.55689,-35.48387]]}},{"type":"Feature","properties":{"nombre":"Ruta K-361","jerarquia":4},"geometry":{"type":"LineString","coordinates":[[-71.55689,-35.48387],[-71.56108,-35.48899],[-71.56242,-35.49071],[-71.56636,-35.49546],[-71.56954,-35.49944]]}},{"type":"Feature","properties":{"nombre":"Ruta K-361","jerarquia":4},"geometry":{"type":"LineString","coordinates":[[-71.56954,-35.49944],[-71.57129,-35.50159]]}},{"type":"Feature","properties":{"nombre":"Ruta K-361","jerarquia":4},"geometry":{"type":"LineString","coordinates":[[-71.57129,-35.50159],[-71.57275,-35.50342],[-71.57326,-35.50415],[-71.57333,-35.50433],[-71.57333,-35.50532]]}},{"type":"Feature","properties":{"nombre":"Ruta K-361","jerarquia":4},"geometry":{"type":"LineString","coordinates":[[-71.57333,-35.50532],[-71.57333,-35.50585]]}},{"type":"Feature","properties":{"nombre":"Ruta K-361","jerarquia":4},"geometry":{"type":"LineString","coordinates":[[-71.57333,-35.50585],[-71.57332,-35.50656]]}},{"type":"Feature","properties":{"nombre":"Ruta K-361","jerarquia":4},"geometry":{"type":"LineString","coordinates":[[-71.57332,-35.50656],[-71.57338,-35.50694],[-71.57372,-35.50762]]}},{"type":"Feature","properties":{"nombre":"Calle 1 Oriente","jerarquia":5},"geometry":{"type":"LineString","coordinates":[[-71.67205,-35.45153],[-71.67198,-35.45142]]}},{"type":"Feature","properties":{"nombre":"Ruta K-35","jerarquia":5},"geometry":{"type":"LineString","coordinates":[[-71.59539,-35.42263],[-71.59514,-35.42261]]}},{"type":"Feature","properties":{"nombre":"Ruta K-35","jerarquia":5},"geometry":{"type":"LineString","coordinates":[[-71.59649,-35.42276],[-71.59539,-35.42263]]}},{"type":"Feature","properties":{"nombre":"Camino Santa María","jerarquia":5},"geometry":{"type":"LineString","coordinates":[[-71.5885,-35.55761],[-71.58855,-35.55768]]}},{"type":"Feature","properties":{"nombre":"Camino Santa María","jerarquia":5},"geometry":{"type":"LineString","coordinates":[[-71.58848,-35.55756],[-71.5885,-35.55761]]}},{"type":"Feature","properties":{"nombre":"Ruta K-35","jerarquia":5},"geometry":{"type":"LineString","coordinates":[[-71.59531,-35.42257],[-71.59649,-35.42276]]}},{"type":"Feature","properties":{"nombre":"Ruta K-35","jerarquia":5},"geometry":{"type":"LineString","coordinates":[[-71.5943,-35.42248],[-71.59389,-35.42242]]}},{"type":"Feature","properties":{"nombre":"Ruta K-35","jerarquia":5},"geometry":{"type":"LineString","coordinates":[[-71.59456,-35.42252],[-71.5943,-35.42248]]}},{"type":"Feature","properties":{"nombre":"Ruta K-35","jerarquia":5},"geometry":{"type":"LineString","coordinates":[[-71.59488,-35.4225],[-71.59531,-35.42257]]}},{"type":"Feature","properties":{"nombre":"Ruta K-35","jerarquia":5},"geometry":{"type":"LineString","coordinates":[[-71.5928,-35.42217],[-71.59422,-35.42239]]}},{"type":"Feature","properties":{"nombre":"Ruta K-35","jerarquia":5},"geometry":{"type":"LineString","coordinates":[[-71.59187,-35.42202],[-71.5928,-35.42217]]}},{"type":"Feature","properties":{"nombre":"Ruta K-35","jerarquia":5},"geometry":{"type":"LineString","coordinates":[[-71.59041,-35.42179],[-71.59187,-35.42202]]}},{"type":"Feature","properties":{"nombre":"Ruta K-35","jerarquia":5},"geometry":{"type":"LineString","coordinates":[[-71.59242,-35.42219],[-71.59165,-35.42205]]}},{"type":"Feature","properties":{"nombre":"Ruta K-35","jerarquia":5},"geometry":{"type":"LineString","coordinates":[[-71.59389,-35.42242],[-71.59328,-35.42232]]}},{"type":"Feature","properties":{"nombre":"Ruta K-35","jerarquia":5},"geometry":{"type":"LineString","coordinates":[[-71.59328,-35.42232],[-71.59279,-35.42225]]}},{"type":"Feature","properties":{"nombre":"Ruta K-35","jerarquia":5},"geometry":{"type":"LineString","coordinates":[[-71.59279,-35.42225],[-71.59242,-35.42219]]}},{"type":"Feature","properties":{"nombre":"Ruta K-35","jerarquia":5},"geometry":{"type":"LineString","coordinates":[[-71.59165,-35.42205],[-71.59041,-35.42179]]}},{"type":"Feature","properties":{"nombre":"Avenida San Miguel","jerarquia":2},"geometry":{"type":"LineString","coordinates":[[-71.53288,-35.49619],[-71.53349,-35.49563]]}},{"type":"Feature","properties":{"nombre":"Avenida San Miguel","jerarquia":2},"geometry":{"type":"LineString","coordinates":[[-71.53349,-35.49563],[-71.53386,-35.49529]]}},{"type":"Feature","properties":{"nombre":"Avenida 5 Oriente","jerarquia":5},"geometry":{"type":"LineString","coordinates":[[-71.65225,-35.40057],[-71.65219,-35.40007]]}},{"type":"Feature","properties":{"nombre":"","jerarquia":5},"geometry":{"type":"LineString","coordinates":[[-71.67039,-35.46345],[-71.67044,-35.46356]]}},{"type":"Feature","properties":{"nombre":"","jerarquia":5},"geometry":{"type":"LineString","coordinates":[[-71.67034,-35.46339],[-71.67036,-35.46341]]}},{"type":"Feature","properties":{"nombre":"Camino Los Patos","jerarquia":5},"geometry":{"type":"LineString","coordinates":[[-71.67824,-35.46121],[-71.6787,-35.46101]]}},{"type":"Feature","properties":{"nombre":"Camino Los Patos","jerarquia":5},"geometry":{"type":"LineString","coordinates":[[-71.67449,-35.46309],[-71.67459,-35.46295],[-71.67474,-35.46287]]}},{"type":"Feature","properties":{"nombre":"Camino Los Patos","jerarquia":5},"geometry":{"type":"LineString","coordinates":[[-71.67759,-35.46168],[-71.676,-35.46245]]}},{"type":"Feature","properties":{"nombre":"Camino Los Patos","jerarquia":5},"geometry":{"type":"LineString","coordinates":[[-71.676,-35.46245],[-71.67569,-35.4626]]}},{"type":"Feature","properties":{"nombre":"Camino Los Patos","jerarquia":5},"geometry":{"type":"LineString","coordinates":[[-71.67569,-35.4626],[-71.67461,-35.46312]]}},{"type":"Feature","properties":{"nombre":"Camino Los Patos","jerarquia":5},"geometry":{"type":"LineString","coordinates":[[-71.67461,-35.46312],[-71.67445,-35.46354],[-71.67438,-35.46362]]}},{"type":"Feature","properties":{"nombre":"Calle 9 Oriente","jerarquia":5},"geometry":{"type":"LineString","coordinates":[[-71.67074,-35.46392],[-71.67128,-35.46479]]}},{"type":"Feature","properties":{"nombre":"Calle 9 Oriente","jerarquia":5},"geometry":{"type":"LineString","coordinates":[[-71.67119,-35.46482],[-71.67066,-35.46396]]}},{"type":"Feature","properties":{"nombre":"Camino Los Patos","jerarquia":5},"geometry":{"type":"LineString","coordinates":[[-71.67119,-35.46482],[-71.67128,-35.46479]]}},{"type":"Feature","properties":{"nombre":"Camino Los Patos","jerarquia":5},"geometry":{"type":"LineString","coordinates":[[-71.67128,-35.46479],[-71.67171,-35.46461]]}},{"type":"Feature","properties":{"nombre":"Camino Los Patos","jerarquia":5},"geometry":{"type":"LineString","coordinates":[[-71.67171,-35.46461],[-71.67211,-35.46445]]}},{"type":"Feature","properties":{"nombre":"Camino Los Patos","jerarquia":5},"geometry":{"type":"LineString","coordinates":[[-71.67211,-35.46445],[-71.67253,-35.46428]]}},{"type":"Feature","properties":{"nombre":"Camino Los Patos","jerarquia":5},"geometry":{"type":"LineString","coordinates":[[-71.67253,-35.46428],[-71.67296,-35.4641]]}},{"type":"Feature","properties":{"nombre":"Camino Los Patos","jerarquia":5},"geometry":{"type":"LineString","coordinates":[[-71.67296,-35.4641],[-71.67301,-35.46408]]}},{"type":"Feature","properties":{"nombre":"Camino Los Patos","jerarquia":5},"geometry":{"type":"LineString","coordinates":[[-71.67301,-35.46408],[-71.67339,-35.46393]]}},{"type":"Feature","properties":{"nombre":"Camino Los Patos","jerarquia":5},"geometry":{"type":"LineString","coordinates":[[-71.67339,-35.46393],[-71.67382,-35.46375]]}},{"type":"Feature","properties":{"nombre":"Camino Los Patos","jerarquia":5},"geometry":{"type":"LineString","coordinates":[[-71.67382,-35.46375],[-71.67422,-35.46359]]}},{"type":"Feature","properties":{"nombre":"Camino Los Patos","jerarquia":5},"geometry":{"type":"LineString","coordinates":[[-71.67422,-35.46359],[-71.67436,-35.46348],[-71.67449,-35.46309]]}},{"type":"Feature","properties":{"nombre":"Avenida San Miguel","jerarquia":2},"geometry":{"type":"LineString","coordinates":[[-71.54548,-35.48477],[-71.54639,-35.484]]}},{"type":"Feature","properties":{"nombre":"Avenida San Miguel","jerarquia":2},"geometry":{"type":"LineString","coordinates":[[-71.54644,-35.48413],[-71.54568,-35.4849]]}},{"type":"Feature","properties":{"nombre":"Avenida San Miguel","jerarquia":2},"geometry":{"type":"LineString","coordinates":[[-71.54526,-35.48496],[-71.54548,-35.48477]]}},{"type":"Feature","properties":{"nombre":"Avenida San Miguel","jerarquia":2},"geometry":{"type":"LineString","coordinates":[[-71.54568,-35.4849],[-71.54547,-35.48509]]}},{"type":"Feature","properties":{"nombre":"Avenida San Miguel","jerarquia":2},"geometry":{"type":"LineString","coordinates":[[-71.54435,-35.48588],[-71.54526,-35.48496]]}},{"type":"Feature","properties":{"nombre":"Avenida San Miguel","jerarquia":2},"geometry":{"type":"LineString","coordinates":[[-71.54639,-35.484],[-71.54886,-35.48175]]}},{"type":"Feature","properties":{"nombre":"Avenida San Miguel","jerarquia":2},"geometry":{"type":"LineString","coordinates":[[-71.54886,-35.48175],[-71.55148,-35.47939]]}},{"type":"Feature","properties":{"nombre":"Avenida Lircay","jerarquia":3},"geometry":{"type":"LineString","coordinates":[[-71.63951,-35.40383],[-71.63995,-35.40403]]}},{"type":"Feature","properties":{"nombre":"Avenida Lircay","jerarquia":3},"geometry":{"type":"LineString","coordinates":[[-71.63946,-35.40389],[-71.63851,-35.40345]]}},{"type":"Feature","properties":{"nombre":"Avenida Lircay","jerarquia":3},"geometry":{"type":"LineString","coordinates":[[-71.63989,-35.4041],[-71.63946,-35.40389]]}},{"type":"Feature","properties":{"nombre":"Avenida Lircay","jerarquia":3},"geometry":{"type":"LineString","coordinates":[[-71.6427,-35.40534],[-71.6433,-35.40563]]}},{"type":"Feature","properties":{"nombre":"Avenida Lircay","jerarquia":3},"geometry":{"type":"LineString","coordinates":[[-71.6433,-35.40563],[-71.64451,-35.40621]]}},{"type":"Feature","properties":{"nombre":"Avenida Lircay","jerarquia":3},"geometry":{"type":"LineString","coordinates":[[-71.64231,-35.40515],[-71.6427,-35.40534]]}},{"type":"Feature","properties":{"nombre":"Avenida Lircay","jerarquia":3},"geometry":{"type":"LineString","coordinates":[[-71.64176,-35.40498],[-71.64147,-35.40484]]}},{"type":"Feature","properties":{"nombre":"Avenida Lircay","jerarquia":3},"geometry":{"type":"LineString","coordinates":[[-71.64147,-35.40484],[-71.64082,-35.40454]]}},{"type":"Feature","properties":{"nombre":"Avenida Lircay","jerarquia":3},"geometry":{"type":"LineString","coordinates":[[-71.64215,-35.40516],[-71.64176,-35.40498]]}},{"type":"Feature","properties":{"nombre":"Avenida Lircay","jerarquia":3},"geometry":{"type":"LineString","coordinates":[[-71.64468,-35.40639],[-71.64435,-35.40622]]}},{"type":"Feature","properties":{"nombre":"Avenida Lircay","jerarquia":3},"geometry":{"type":"LineString","coordinates":[[-71.64495,-35.40653],[-71.64468,-35.40639]]}},{"type":"Feature","properties":{"nombre":"Cardenal Raúl Silva Henríquez","jerarquia":4},"geometry":{"type":"LineString","coordinates":[[-71.66662,-35.42591],[-71.66661,-35.42582]]}},{"type":"Feature","properties":{"nombre":"","jerarquia":2},"geometry":{"type":"LineString","coordinates":[[-71.53278,-35.496],[-71.53296,-35.49601]]}},{"type":"Feature","properties":{"nombre":"","jerarquia":2},"geometry":{"type":"LineString","coordinates":[[-71.53284,-35.49609],[-71.53296,-35.49601]]}},{"type":"Feature","properties":{"nombre":"","jerarquia":2},"geometry":{"type":"LineString","coordinates":[[-71.53296,-35.49601],[-71.53349,-35.49563]]}},{"type":"Feature","properties":{"nombre":"Avenida San Miguel","jerarquia":2},"geometry":{"type":"LineString","coordinates":[[-71.55236,-35.47859],[-71.55332,-35.47774]]}},{"type":"Feature","properties":{"nombre":"Avenida San Miguel","jerarquia":2},"geometry":{"type":"LineString","coordinates":[[-71.55148,-35.47939],[-71.55236,-35.47859]]}},{"type":"Feature","properties":{"nombre":"Ruta K-118","jerarquia":5},"geometry":{"type":"LineString","coordinates":[[-71.67765,-35.39783],[-71.67777,-35.39787],[-71.67844,-35.39885],[-71.67887,-35.39971],[-71.67898,-35.39981],[-71.67909,-35.39982],[-71.67918,-35.39973],[-71.67909,-35.39927],[-71.67917,-35.39786],[-71.67932,-35.39751]]}},{"type":"Feature","properties":{"nombre":"Ruta K-118","jerarquia":5},"geometry":{"type":"LineString","coordinates":[[-71.67932,-35.39751],[-71.68014,-35.39655],[-71.68055,-35.39618]]}},{"type":"Feature","properties":{"nombre":"Ruta K-118","jerarquia":5},"geometry":{"type":"LineString","coordinates":[[-71.68055,-35.39618],[-71.68075,-35.39595],[-71.68078,-35.39572],[-71.68051,-35.39421],[-71.68049,-35.39387],[-71.68059,-35.39312],[-71.68057,-35.39303],[-71.67689,-35.39198]]}},{"type":"Feature","properties":{"nombre":"Ruta K-118","jerarquia":5},"geometry":{"type":"LineString","coordinates":[[-71.67689,-35.39198],[-71.67684,-35.39191],[-71.67691,-35.39186],[-71.67792,-35.39183],[-71.679,-35.39172],[-71.67951,-35.39161],[-71.67956,-35.39152],[-71.67947,-35.39146],[-71.67683,-35.39105],[-71.67679,-35.39099]]}},{"type":"Feature","properties":{"nombre":"Ruta K-118","jerarquia":5},"geometry":{"type":"LineString","coordinates":[[-71.67679,-35.39099],[-71.67686,-35.39092],[-71.67849,-35.39081],[-71.67919,-35.39059],[-71.6801,-35.3901],[-71.68033,-35.38987],[-71.6805,-35.38956],[-71.6806,-35.3892],[-71.68056,-35.38897],[-71.68026,-35.38851]]}},{"type":"Feature","properties":{"nombre":"Calle 19 Norte","jerarquia":4},"geometry":{"type":"LineString","coordinates":[[-71.64344,-35.40852],[-71.64347,-35.40849]]}},{"type":"Feature","properties":{"nombre":"Calle 19 Norte","jerarquia":5},"geometry":{"type":"LineString","coordinates":[[-71.64339,-35.40858],[-71.64344,-35.40852]]}},{"type":"Feature","properties":{"nombre":"Calle 11 Oriente","jerarquia":4},"geometry":{"type":"LineString","coordinates":[[-71.64347,-35.40855],[-71.64344,-35.40852]]}},{"type":"Feature","properties":{"nombre":"Avenida Alameda Bernardo O'Higgins","jerarquia":3},"geometry":{"type":"LineString","coordinates":[[-71.6755,-35.42092],[-71.67565,-35.42091]]}},{"type":"Feature","properties":{"nombre":"Ramadillas de Lircay","jerarquia":5},"geometry":{"type":"LineString","coordinates":[[-71.60988,-35.41995],[-71.60992,-35.42002]]}},{"type":"Feature","properties":{"nombre":"Ramadillas de Lircay","jerarquia":5},"geometry":{"type":"LineString","coordinates":[[-71.60992,-35.42002],[-71.61013,-35.42023]]}},{"type":"Feature","properties":{"nombre":"Avenida Circunvalación","jerarquia":3},"geometry":{"type":"LineString","coordinates":[[-71.6755,-35.42092],[-71.67547,-35.42078]]}},{"type":"Feature","properties":{"nombre":"Calle 22 Norte","jerarquia":5},"geometry":{"type":"LineString","coordinates":[[-71.6098,-35.41734],[-71.60975,-35.41737]]}},{"type":"Feature","properties":{"nombre":"Calle 22 Norte","jerarquia":5},"geometry":{"type":"LineString","coordinates":[[-71.60975,-35.41737],[-71.60967,-35.41741]]}},{"type":"Feature","properties":{"nombre":"Calle 22 Norte","jerarquia":5},"geometry":{"type":"LineString","coordinates":[[-71.60967,-35.41741],[-71.60887,-35.41791]]}},{"type":"Feature","properties":{"nombre":"Avenida del Agua","jerarquia":5},"geometry":{"type":"LineString","coordinates":[[-71.61015,-35.42026],[-71.61013,-35.42023]]}},{"type":"Feature","properties":{"nombre":"Avenida 8 Sur","jerarquia":3},"geometry":{"type":"LineString","coordinates":[[-71.64507,-35.43673],[-71.64571,-35.43666]]}},{"type":"Feature","properties":{"nombre":"Avenida 8 Sur","jerarquia":3},"geometry":{"type":"LineString","coordinates":[[-71.64508,-35.43681],[-71.645,-35.43682]]}},{"type":"Feature","properties":{"nombre":"Avenida 8 Sur","jerarquia":3},"geometry":{"type":"LineString","coordinates":[[-71.64424,-35.43691],[-71.64414,-35.43693]]}},{"type":"Feature","properties":{"nombre":"14 Sur","jerarquia":4},"geometry":{"type":"LineString","coordinates":[[-71.65438,-35.44558],[-71.6545,-35.44552]]}},{"type":"Feature","properties":{"nombre":"","jerarquia":4},"geometry":{"type":"LineString","coordinates":[[-71.66558,-35.40954],[-71.66552,-35.40941]]}},{"type":"Feature","properties":{"nombre":"Avenida 21 Norte","jerarquia":5},"geometry":{"type":"LineString","coordinates":[[-71.62378,-35.41079],[-71.62384,-35.41078]]}},{"type":"Feature","properties":{"nombre":"Avenida 21 Norte","jerarquia":5},"geometry":{"type":"LineString","coordinates":[[-71.62372,-35.41081],[-71.62378,-35.41079]]}},{"type":"Feature","properties":{"nombre":"Avenida 21 Norte","jerarquia":5},"geometry":{"type":"LineString","coordinates":[[-71.62393,-35.41105],[-71.62387,-35.41106]]}},{"type":"Feature","properties":{"nombre":"Avenida 21 Norte","jerarquia":5},"geometry":{"type":"LineString","coordinates":[[-71.62387,-35.41106],[-71.62381,-35.41108]]}},{"type":"Feature","properties":{"nombre":"Avenida 21 Norte","jerarquia":5},"geometry":{"type":"LineString","coordinates":[[-71.62595,-35.41056],[-71.62574,-35.4106]]}},{"type":"Feature","properties":{"nombre":"Avenida 21 Norte","jerarquia":5},"geometry":{"type":"LineString","coordinates":[[-71.62574,-35.4106],[-71.62393,-35.41105]]}},{"type":"Feature","properties":{"nombre":"Avenida Circunvalación 30 Oriente","jerarquia":5},"geometry":{"type":"LineString","coordinates":[[-71.62588,-35.42753],[-71.62585,-35.42747]]}},{"type":"Feature","properties":{"nombre":"Avenida Circunvalación 30 Oriente","jerarquia":5},"geometry":{"type":"LineString","coordinates":[[-71.6259,-35.42758],[-71.62588,-35.42753]]}},{"type":"Feature","properties":{"nombre":"Avenida Circunvalación 30 Oriente","jerarquia":5},"geometry":{"type":"LineString","coordinates":[[-71.62619,-35.42737],[-71.62622,-35.42743]]}},{"type":"Feature","properties":{"nombre":"Avenida Circunvalación 30 Oriente","jerarquia":5},"geometry":{"type":"LineString","coordinates":[[-71.62622,-35.42743],[-71.62625,-35.42749]]}},{"type":"Feature","properties":{"nombre":"Calle 5 Norte","jerarquia":5},"geometry":{"type":"LineString","coordinates":[[-71.62622,-35.42743],[-71.62626,-35.42742]]}},{"type":"Feature","properties":{"nombre":"Calle 5 Norte","jerarquia":5},"geometry":{"type":"LineString","coordinates":[[-71.62578,-35.42756],[-71.62588,-35.42753]]}},{"type":"Feature","properties":{"nombre":"Calle 5 Sur","jerarquia":5},"geometry":{"type":"LineString","coordinates":[[-71.6421,-35.43414],[-71.642,-35.43417]]}},{"type":"Feature","properties":{"nombre":"18 Oriente","jerarquia":4},"geometry":{"type":"LineString","coordinates":[[-71.642,-35.43417],[-71.64203,-35.43424]]}},{"type":"Feature","properties":{"nombre":"18 Oriente","jerarquia":4},"geometry":{"type":"LineString","coordinates":[[-71.64194,-35.43403],[-71.642,-35.43417]]}},{"type":"Feature","properties":{"nombre":"Calle 5 Sur","jerarquia":5},"geometry":{"type":"LineString","coordinates":[[-71.64179,-35.43423],[-71.642,-35.43417]]}},{"type":"Feature","properties":{"nombre":"9 Oriente","jerarquia":5},"geometry":{"type":"LineString","coordinates":[[-71.6575,-35.44429],[-71.65745,-35.44422]]}},{"type":"Feature","properties":{"nombre":"9 Oriente","jerarquia":5},"geometry":{"type":"LineString","coordinates":[[-71.65753,-35.44419],[-71.65758,-35.44426]]}},{"type":"Feature","properties":{"nombre":"14 Sur","jerarquia":4},"geometry":{"type":"LineString","coordinates":[[-71.65734,-35.44427],[-71.65742,-35.44424]]}},{"type":"Feature","properties":{"nombre":"14 Sur","jerarquia":4},"geometry":{"type":"LineString","coordinates":[[-71.65742,-35.44424],[-71.65745,-35.44422]]}},{"type":"Feature","properties":{"nombre":"14 Sur","jerarquia":4},"geometry":{"type":"LineString","coordinates":[[-71.65745,-35.44422],[-71.65753,-35.44419]]}},{"type":"Feature","properties":{"nombre":"14 Sur","jerarquia":4},"geometry":{"type":"LineString","coordinates":[[-71.65753,-35.44419],[-71.65757,-35.44417]]}},{"type":"Feature","properties":{"nombre":"14 Sur","jerarquia":4},"geometry":{"type":"LineString","coordinates":[[-71.65454,-35.4455],[-71.65456,-35.4455]]}},{"type":"Feature","properties":{"nombre":"14 Sur","jerarquia":4},"geometry":{"type":"LineString","coordinates":[[-71.65456,-35.4455],[-71.65534,-35.44515]]}},{"type":"Feature","properties":{"nombre":"14 Sur","jerarquia":4},"geometry":{"type":"LineString","coordinates":[[-71.65534,-35.44515],[-71.65577,-35.44496]]}},{"type":"Feature","properties":{"nombre":"14 Sur","jerarquia":4},"geometry":{"type":"LineString","coordinates":[[-71.65577,-35.44496],[-71.65598,-35.44487]]}},{"type":"Feature","properties":{"nombre":"14 Sur","jerarquia":4},"geometry":{"type":"LineString","coordinates":[[-71.65598,-35.44487],[-71.65619,-35.44477]]}},{"type":"Feature","properties":{"nombre":"14 Sur","jerarquia":4},"geometry":{"type":"LineString","coordinates":[[-71.65619,-35.44477],[-71.65694,-35.44444]]}},{"type":"Feature","properties":{"nombre":"14 Sur","jerarquia":4},"geometry":{"type":"LineString","coordinates":[[-71.65694,-35.44444],[-71.65734,-35.44427]]}},{"type":"Feature","properties":{"nombre":"14 Sur","jerarquia":4},"geometry":{"type":"LineString","coordinates":[[-71.65429,-35.44561],[-71.65432,-35.4456]]}},{"type":"Feature","properties":{"nombre":"14 Sur","jerarquia":4},"geometry":{"type":"LineString","coordinates":[[-71.65432,-35.4456],[-71.65438,-35.44558]]}},{"type":"Feature","properties":{"nombre":"Calle 10 Oriente","jerarquia":5},"geometry":{"type":"LineString","coordinates":[[-71.65443,-35.44565],[-71.65438,-35.44558]]}},{"type":"Feature","properties":{"nombre":"Calle 10 Oriente","jerarquia":5},"geometry":{"type":"LineString","coordinates":[[-71.6545,-35.44552],[-71.65455,-35.44559]]}},{"type":"Feature","properties":{"nombre":"14 Sur","jerarquia":4},"geometry":{"type":"LineString","coordinates":[[-71.6545,-35.44552],[-71.65454,-35.4455]]}},{"type":"Feature","properties":{"nombre":"Calle 10 Oriente","jerarquia":4},"geometry":{"type":"LineString","coordinates":[[-71.65443,-35.4454],[-71.6545,-35.44552]]}},{"type":"Feature","properties":{"nombre":"Calle 10 Oriente","jerarquia":4},"geometry":{"type":"LineString","coordinates":[[-71.65438,-35.44558],[-71.65429,-35.44546]]}},{"type":"Feature","properties":{"nombre":"Calle 3½ Sur","jerarquia":5},"geometry":{"type":"LineString","coordinates":[[-71.64559,-35.43185],[-71.64567,-35.43184]]}},{"type":"Feature","properties":{"nombre":"Calle 3½ Sur","jerarquia":5},"geometry":{"type":"LineString","coordinates":[[-71.6455,-35.43185],[-71.64559,-35.43185]]}},{"type":"Feature","properties":{"nombre":"Calle 14 Oriente","jerarquia":5},"geometry":{"type":"LineString","coordinates":[[-71.64558,-35.43176],[-71.64548,-35.43096]]}},{"type":"Feature","properties":{"nombre":"Calle 14 Oriente","jerarquia":5},"geometry":{"type":"LineString","coordinates":[[-71.64548,-35.43096],[-71.64548,-35.43093]]}},{"type":"Feature","properties":{"nombre":"Calle 14 Oriente","jerarquia":5},"geometry":{"type":"LineString","coordinates":[[-71.64569,-35.43282],[-71.64559,-35.43191]]}},{"type":"Feature","properties":{"nombre":"Calle 3 Sur","jerarquia":5},"geometry":{"type":"LineString","coordinates":[[-71.64556,-35.43087],[-71.64547,-35.43088]]}},{"type":"Feature","properties":{"nombre":"Calle 3 Sur","jerarquia":5},"geometry":{"type":"LineString","coordinates":[[-71.64547,-35.43088],[-71.64538,-35.43088]]}},{"type":"Feature","properties":{"nombre":"Calle 3 Sur","jerarquia":5},"geometry":{"type":"LineString","coordinates":[[-71.64665,-35.4308],[-71.64561,-35.43087]]}},{"type":"Feature","properties":{"nombre":"Calle 3 Sur","jerarquia":5},"geometry":{"type":"LineString","coordinates":[[-71.64561,-35.43087],[-71.64556,-35.43087]]}},{"type":"Feature","properties":{"nombre":"Calle 14 Oriente","jerarquia":5},"geometry":{"type":"LineString","coordinates":[[-71.64547,-35.43082],[-71.6454,-35.43006]]}},{"type":"Feature","properties":{"nombre":"Calle 14 Oriente","jerarquia":5},"geometry":{"type":"LineString","coordinates":[[-71.6454,-35.43006],[-71.64539,-35.42995]]}},{"type":"Feature","properties":{"nombre":"Calle 14 Oriente","jerarquia":5},"geometry":{"type":"LineString","coordinates":[[-71.64548,-35.43093],[-71.64547,-35.43088]]}},{"type":"Feature","properties":{"nombre":"Calle 14 Oriente","jerarquia":5},"geometry":{"type":"LineString","coordinates":[[-71.64547,-35.43088],[-71.64547,-35.43082]]}},{"type":"Feature","properties":{"nombre":"Avenida Circunvalación 30 Oriente","jerarquia":4},"geometry":{"type":"LineString","coordinates":[[-71.62962,-35.43438],[-71.62966,-35.43446]]}},{"type":"Feature","properties":{"nombre":"Avenida Circunvalación 30 Oriente","jerarquia":4},"geometry":{"type":"LineString","coordinates":[[-71.62945,-35.43452],[-71.62939,-35.43444]]}},{"type":"Feature","properties":{"nombre":"Avenida Circunvalación 30 Oriente","jerarquia":4},"geometry":{"type":"LineString","coordinates":[[-71.62923,-35.43422],[-71.62907,-35.43393]]}},{"type":"Feature","properties":{"nombre":"Avenida San Miguel","jerarquia":2},"geometry":{"type":"LineString","coordinates":[[-71.6292,-35.43439],[-71.62932,-35.43435]]}},{"type":"Feature","properties":{"nombre":"Avenida San Miguel","jerarquia":2},"geometry":{"type":"LineString","coordinates":[[-71.62939,-35.43444],[-71.62926,-35.43448]]}},{"type":"Feature","properties":{"nombre":"Avenida San Miguel","jerarquia":2},"geometry":{"type":"LineString","coordinates":[[-71.6297,-35.43435],[-71.62962,-35.43438]]}},{"type":"Feature","properties":{"nombre":"Avenida San Miguel","jerarquia":2},"geometry":{"type":"LineString","coordinates":[[-71.62957,-35.43427],[-71.62965,-35.43425]]}},{"type":"Feature","properties":{"nombre":"Avenida Circunvalación 30 Oriente","jerarquia":4},"geometry":{"type":"LineString","coordinates":[[-71.6295,-35.43413],[-71.62952,-35.43417]]}},{"type":"Feature","properties":{"nombre":"","jerarquia":4},"geometry":{"type":"LineString","coordinates":[[-71.62877,-35.43255],[-71.62842,-35.43266]]}},{"type":"Feature","properties":{"nombre":"Avenida Circunvalación 30 Oriente","jerarquia":5},"geometry":{"type":"LineString","coordinates":[[-71.62783,-35.43139],[-71.62757,-35.43088]]}},{"type":"Feature","properties":{"nombre":"Calle 2 Norte","jerarquia":4},"geometry":{"type":"LineString","coordinates":[[-71.62786,-35.43145],[-71.62779,-35.43147]]}},{"type":"Feature","properties":{"nombre":"Calle 2 Norte","jerarquia":4},"geometry":{"type":"LineString","coordinates":[[-71.63093,-35.4305],[-71.63066,-35.43062]]}},{"type":"Feature","properties":{"nombre":"Calle 2 Norte","jerarquia":4},"geometry":{"type":"LineString","coordinates":[[-71.63066,-35.43062],[-71.63035,-35.43071]]}},{"type":"Feature","properties":{"nombre":"Calle 2 Norte","jerarquia":4},"geometry":{"type":"LineString","coordinates":[[-71.63035,-35.43071],[-71.62833,-35.43133]]}},{"type":"Feature","properties":{"nombre":"Calle 2 Norte","jerarquia":4},"geometry":{"type":"LineString","coordinates":[[-71.62833,-35.43133],[-71.6282,-35.43136]]}},{"type":"Feature","properties":{"nombre":"Avenida Circunvalación 30 Oriente","jerarquia":4},"geometry":{"type":"LineString","coordinates":[[-71.62791,-35.43158],[-71.62789,-35.43151]]}},{"type":"Feature","properties":{"nombre":"Avenida Circunvalación 30 Oriente","jerarquia":4},"geometry":{"type":"LineString","coordinates":[[-71.62789,-35.43151],[-71.62786,-35.43145]]}},{"type":"Feature","properties":{"nombre":"Avenida Circunvalación 30 Oriente","jerarquia":4},"geometry":{"type":"LineString","coordinates":[[-71.6282,-35.43136],[-71.62826,-35.43147]]}},{"type":"Feature","properties":{"nombre":"Barcelona","jerarquia":5},"geometry":{"type":"LineString","coordinates":[[-71.66949,-35.43544],[-71.66942,-35.4354]]}},{"type":"Feature","properties":{"nombre":"Circunvalación Sur","jerarquia":5},"geometry":{"type":"LineString","coordinates":[[-71.66957,-35.4355],[-71.66949,-35.43544]]}},{"type":"Feature","properties":{"nombre":"Piduco","jerarquia":5},"geometry":{"type":"LineString","coordinates":[[-71.66962,-35.43539],[-71.66949,-35.43544]]}},{"type":"Feature","properties":{"nombre":"Piduco","jerarquia":5},"geometry":{"type":"LineString","coordinates":[[-71.66949,-35.43544],[-71.66932,-35.43552]]}},{"type":"Feature","properties":{"nombre":"Piduco","jerarquia":5},"geometry":{"type":"LineString","coordinates":[[-71.67096,-35.43477],[-71.67043,-35.43489]]}},{"type":"Feature","properties":{"nombre":"Piduco","jerarquia":5},"geometry":{"type":"LineString","coordinates":[[-71.67043,-35.43489],[-71.67015,-35.43504]]}},{"type":"Feature","properties":{"nombre":"Piduco","jerarquia":5},"geometry":{"type":"LineString","coordinates":[[-71.67015,-35.43504],[-71.66991,-35.43522]]}},{"type":"Feature","properties":{"nombre":"Piduco","jerarquia":5},"geometry":{"type":"LineString","coordinates":[[-71.66991,-35.43522],[-71.66962,-35.43539]]}},{"type":"Feature","properties":{"nombre":"Calle 1 Oriente","jerarquia":4},"geometry":{"type":"LineString","coordinates":[[-71.66547,-35.42832],[-71.66548,-35.42839]]}},{"type":"Feature","properties":{"nombre":"Calle 2 Sur","jerarquia":3},"geometry":{"type":"LineString","coordinates":[[-71.6654,-35.42833],[-71.66536,-35.42833]]}},{"type":"Feature","properties":{"nombre":"Calle 2 Sur","jerarquia":3},"geometry":{"type":"LineString","coordinates":[[-71.66536,-35.42833],[-71.66493,-35.42837]]}},{"type":"Feature","properties":{"nombre":"Calle 2 Sur","jerarquia":3},"geometry":{"type":"LineString","coordinates":[[-71.66557,-35.42831],[-71.66547,-35.42832]]}},{"type":"Feature","properties":{"nombre":"Calle 1 Oriente","jerarquia":4},"geometry":{"type":"LineString","coordinates":[[-71.66546,-35.42823],[-71.66547,-35.42832]]}},{"type":"Feature","properties":{"nombre":"Calle 2 Sur","jerarquia":3},"geometry":{"type":"LineString","coordinates":[[-71.66684,-35.42816],[-71.66694,-35.42816]]}},{"type":"Feature","properties":{"nombre":"Calle 2 Sur","jerarquia":3},"geometry":{"type":"LineString","coordinates":[[-71.66684,-35.42816],[-71.66676,-35.42817]]}},{"type":"Feature","properties":{"nombre":"Cardenal Raúl Silva Henríquez","jerarquia":4},"geometry":{"type":"LineString","coordinates":[[-71.66684,-35.42816],[-71.66684,-35.42809]]}},{"type":"Feature","properties":{"nombre":"Calle 2 Sur","jerarquia":3},"geometry":{"type":"LineString","coordinates":[[-71.66832,-35.42807],[-71.6684,-35.42806]]}},{"type":"Feature","properties":{"nombre":"Calle 2 Sur","jerarquia":3},"geometry":{"type":"LineString","coordinates":[[-71.6684,-35.42806],[-71.66951,-35.42798]]}},{"type":"Feature","properties":{"nombre":"Calle 2 Sur","jerarquia":3},"geometry":{"type":"LineString","coordinates":[[-71.66951,-35.42798],[-71.6696,-35.42798]]}},{"type":"Feature","properties":{"nombre":"Calle 2 Sur","jerarquia":3},"geometry":{"type":"LineString","coordinates":[[-71.66694,-35.42816],[-71.66699,-35.42816]]}},{"type":"Feature","properties":{"nombre":"Calle 2 Sur","jerarquia":3},"geometry":{"type":"LineString","coordinates":[[-71.66699,-35.42816],[-71.66766,-35.42811]]}},{"type":"Feature","properties":{"nombre":"Calle 2 Sur","jerarquia":3},"geometry":{"type":"LineString","coordinates":[[-71.66766,-35.42811],[-71.66802,-35.42809]]}},{"type":"Feature","properties":{"nombre":"Calle 2 Sur","jerarquia":3},"geometry":{"type":"LineString","coordinates":[[-71.66802,-35.42809],[-71.66811,-35.42808]]}},{"type":"Feature","properties":{"nombre":"Calle 2 Norte","jerarquia":3},"geometry":{"type":"LineString","coordinates":[[-71.64,-35.42782],[-71.63992,-35.42784]]}},{"type":"Feature","properties":{"nombre":"Calle 2 Norte","jerarquia":3},"geometry":{"type":"LineString","coordinates":[[-71.63992,-35.42784],[-71.63984,-35.42787]]}},{"type":"Feature","properties":{"nombre":"Calle 2 Norte","jerarquia":3},"geometry":{"type":"LineString","coordinates":[[-71.63976,-35.42777],[-71.63984,-35.42775]]}},{"type":"Feature","properties":{"nombre":"Calle 2 Norte","jerarquia":3},"geometry":{"type":"LineString","coordinates":[[-71.63984,-35.42775],[-71.63995,-35.42773]]}},{"type":"Feature","properties":{"nombre":"18 Oriente","jerarquia":5},"geometry":{"type":"LineString","coordinates":[[-71.63979,-35.4277],[-71.6398,-35.42772]]}},{"type":"Feature","properties":{"nombre":"18 Oriente","jerarquia":5},"geometry":{"type":"LineString","coordinates":[[-71.6398,-35.42772],[-71.63984,-35.42775]]}},{"type":"Feature","properties":{"nombre":"18 Oriente","jerarquia":5},"geometry":{"type":"LineString","coordinates":[[-71.63976,-35.42777],[-71.63972,-35.42772]]}},{"type":"Feature","properties":{"nombre":"Calle 2 Norte","jerarquia":3},"geometry":{"type":"LineString","coordinates":[[-71.63963,-35.42781],[-71.63976,-35.42777]]}},{"type":"Feature","properties":{"nombre":"Calle 2 Norte","jerarquia":3},"geometry":{"type":"LineString","coordinates":[[-71.63984,-35.42787],[-71.63969,-35.42791]]}},{"type":"Feature","properties":{"nombre":"18 Oriente","jerarquia":3},"geometry":{"type":"LineString","coordinates":[[-71.63998,-35.42793],[-71.6402,-35.42829]]}},{"type":"Feature","properties":{"nombre":"18 Oriente","jerarquia":3},"geometry":{"type":"LineString","coordinates":[[-71.63989,-35.42794],[-71.63984,-35.42787]]}},{"type":"Feature","properties":{"nombre":"Calle 2 Norte","jerarquia":4},"geometry":{"type":"LineString","coordinates":[[-71.63234,-35.4301],[-71.63294,-35.42987]]}},{"type":"Feature","properties":{"nombre":"Calle 2 Norte","jerarquia":4},"geometry":{"type":"LineString","coordinates":[[-71.63294,-35.42987],[-71.63304,-35.42983]]}},{"type":"Feature","properties":{"nombre":"Avenida 12 Norte","jerarquia":4},"geometry":{"type":"LineString","coordinates":[[-71.65464,-35.41256],[-71.65399,-35.41273]]}},{"type":"Feature","properties":{"nombre":"Avenida 12 Norte","jerarquia":4},"geometry":{"type":"LineString","coordinates":[[-71.65486,-35.4125],[-71.65464,-35.41256]]}},{"type":"Feature","properties":{"nombre":"Avenida 12 Norte","jerarquia":4},"geometry":{"type":"LineString","coordinates":[[-71.65587,-35.41222],[-71.65525,-35.41239]]}},{"type":"Feature","properties":{"nombre":"Avenida 12 Norte","jerarquia":4},"geometry":{"type":"LineString","coordinates":[[-71.65525,-35.41239],[-71.65486,-35.4125]]}},{"type":"Feature","properties":{"nombre":"Calle 2 Norte","jerarquia":4},"geometry":{"type":"LineString","coordinates":[[-71.62157,-35.43332],[-71.62147,-35.43335]]}},{"type":"Feature","properties":{"nombre":"27 Sur","jerarquia":5},"geometry":{"type":"LineString","coordinates":[[-71.6899,-35.44512],[-71.68828,-35.44577]]}},{"type":"Feature","properties":{"nombre":"27 Sur","jerarquia":5},"geometry":{"type":"LineString","coordinates":[[-71.68828,-35.44577],[-71.68818,-35.4458]]}},{"type":"Feature","properties":{"nombre":"27 Sur","jerarquia":5},"geometry":{"type":"LineString","coordinates":[[-71.68818,-35.4458],[-71.68807,-35.44584]]}},{"type":"Feature","properties":{"nombre":"27 Sur","jerarquia":5},"geometry":{"type":"LineString","coordinates":[[-71.69191,-35.44442],[-71.69174,-35.44448]]}},{"type":"Feature","properties":{"nombre":"27 Sur","jerarquia":5},"geometry":{"type":"LineString","coordinates":[[-71.69174,-35.44448],[-71.69126,-35.44464]]}},{"type":"Feature","properties":{"nombre":"27 Sur","jerarquia":5},"geometry":{"type":"LineString","coordinates":[[-71.69126,-35.44464],[-71.69124,-35.44466]]}},{"type":"Feature","properties":{"nombre":"27 Sur","jerarquia":5},"geometry":{"type":"LineString","coordinates":[[-71.69124,-35.44466],[-71.6899,-35.44512]]}},{"type":"Feature","properties":{"nombre":"27 Sur","jerarquia":5},"geometry":{"type":"LineString","coordinates":[[-71.69409,-35.44364],[-71.69353,-35.44384]]}},{"type":"Feature","properties":{"nombre":"27 Sur","jerarquia":5},"geometry":{"type":"LineString","coordinates":[[-71.69353,-35.44384],[-71.69307,-35.444]]}},{"type":"Feature","properties":{"nombre":"27 Sur","jerarquia":5},"geometry":{"type":"LineString","coordinates":[[-71.69307,-35.444],[-71.69253,-35.4442]]}},{"type":"Feature","properties":{"nombre":"27 Sur","jerarquia":5},"geometry":{"type":"LineString","coordinates":[[-71.69253,-35.4442],[-71.69206,-35.44437]]}},{"type":"Feature","properties":{"nombre":"27 Sur","jerarquia":5},"geometry":{"type":"LineString","coordinates":[[-71.69206,-35.44437],[-71.69191,-35.44442]]}},{"type":"Feature","properties":{"nombre":"Ruta K-370","jerarquia":5},"geometry":{"type":"LineString","coordinates":[[-71.6961,-35.45541],[-71.69563,-35.45536]]}},{"type":"Feature","properties":{"nombre":"Ruta K-370","jerarquia":5},"geometry":{"type":"LineString","coordinates":[[-71.69563,-35.45536],[-71.69519,-35.45534]]}},{"type":"Feature","properties":{"nombre":"Ruta K-370","jerarquia":5},"geometry":{"type":"LineString","coordinates":[[-71.69692,-35.45549],[-71.6961,-35.45541]]}},{"type":"Feature","properties":{"nombre":"Calle 5","jerarquia":5},"geometry":{"type":"LineString","coordinates":[[-71.69563,-35.45536],[-71.69564,-35.45529]]}},{"type":"Feature","properties":{"nombre":"Ruta K-370","jerarquia":5},"geometry":{"type":"LineString","coordinates":[[-71.69598,-35.45533],[-71.69629,-35.45537]]}},{"type":"Feature","properties":{"nombre":"Ruta K-370","jerarquia":5},"geometry":{"type":"LineString","coordinates":[[-71.69564,-35.45529],[-71.69598,-35.45533]]}},{"type":"Feature","properties":{"nombre":"Ruta K-370","jerarquia":5},"geometry":{"type":"LineString","coordinates":[[-71.69629,-35.45537],[-71.69692,-35.45549]]}},{"type":"Feature","properties":{"nombre":"Ruta K-370","jerarquia":5},"geometry":{"type":"LineString","coordinates":[[-71.69516,-35.45528],[-71.69564,-35.45529]]}},{"type":"Feature","properties":{"nombre":"Ruta K-370","jerarquia":5},"geometry":{"type":"LineString","coordinates":[[-71.69242,-35.45548],[-71.69333,-35.45538]]}},{"type":"Feature","properties":{"nombre":"Ruta K-370","jerarquia":5},"geometry":{"type":"LineString","coordinates":[[-71.69213,-35.45554],[-71.6922,-35.45552]]}},{"type":"Feature","properties":{"nombre":"Ruta K-370","jerarquia":5},"geometry":{"type":"LineString","coordinates":[[-71.69234,-35.45556],[-71.69227,-35.45558]]}},{"type":"Feature","properties":{"nombre":"Ruta K-370","jerarquia":5},"geometry":{"type":"LineString","coordinates":[[-71.69227,-35.45558],[-71.69223,-35.45558]]}},{"type":"Feature","properties":{"nombre":"Ruta K-370","jerarquia":5},"geometry":{"type":"LineString","coordinates":[[-71.69519,-35.45534],[-71.69303,-35.45548]]}},{"type":"Feature","properties":{"nombre":"Ruta K-370","jerarquia":5},"geometry":{"type":"LineString","coordinates":[[-71.69333,-35.45538],[-71.69516,-35.45528]]}},{"type":"Feature","properties":{"nombre":"19 Sur","jerarquia":5},"geometry":{"type":"LineString","coordinates":[[-71.68289,-35.43921],[-71.68314,-35.43907]]}},{"type":"Feature","properties":{"nombre":"19 Sur","jerarquia":5},"geometry":{"type":"LineString","coordinates":[[-71.68314,-35.43907],[-71.6834,-35.43892]]}},{"type":"Feature","properties":{"nombre":"19 Sur","jerarquia":5},"geometry":{"type":"LineString","coordinates":[[-71.6834,-35.43892],[-71.68353,-35.43884]]}},{"type":"Feature","properties":{"nombre":"19 Sur","jerarquia":5},"geometry":{"type":"LineString","coordinates":[[-71.68353,-35.43884],[-71.6839,-35.43861]]}},{"type":"Feature","properties":{"nombre":"Ruta K-513","jerarquia":5},"geometry":{"type":"LineString","coordinates":[[-71.66707,-35.54424],[-71.66627,-35.54022],[-71.66627,-35.53982],[-71.66905,-35.5313],[-71.66953,-35.52924]]}},{"type":"Feature","properties":{"nombre":"Ruta K-513","jerarquia":5},"geometry":{"type":"LineString","coordinates":[[-71.66953,-35.52924],[-71.67005,-35.52692]]}},{"type":"Feature","properties":{"nombre":"Calle 1½ Poniente","jerarquia":5},"geometry":{"type":"LineString","coordinates":[[-71.67082,-35.44415],[-71.67077,-35.44408]]}},{"type":"Feature","properties":{"nombre":"Calle 1½ Poniente","jerarquia":5},"geometry":{"type":"LineString","coordinates":[[-71.67077,-35.44408],[-71.67071,-35.444]]}},{"type":"Feature","properties":{"nombre":"Calle 1½ Poniente","jerarquia":5},"geometry":{"type":"LineString","coordinates":[[-71.67071,-35.444],[-71.67036,-35.44347]]}},{"type":"Feature","properties":{"nombre":"Calle 1½ Poniente","jerarquia":5},"geometry":{"type":"LineString","coordinates":[[-71.67036,-35.44347],[-71.67032,-35.44341]]}},{"type":"Feature","properties":{"nombre":"Calle 1½ Poniente","jerarquia":5},"geometry":{"type":"LineString","coordinates":[[-71.67032,-35.44341],[-71.67006,-35.44302]]}},{"type":"Feature","properties":{"nombre":"Calle 1½ Poniente","jerarquia":5},"geometry":{"type":"LineString","coordinates":[[-71.67157,-35.44536],[-71.6714,-35.44508]]}},{"type":"Feature","properties":{"nombre":"Calle 1½ Poniente","jerarquia":5},"geometry":{"type":"LineString","coordinates":[[-71.6714,-35.44508],[-71.67118,-35.44474]]}},{"type":"Feature","properties":{"nombre":"Calle 1½ Poniente","jerarquia":5},"geometry":{"type":"LineString","coordinates":[[-71.67118,-35.44474],[-71.67096,-35.44438]]}},{"type":"Feature","properties":{"nombre":"Calle 1½ Poniente","jerarquia":5},"geometry":{"type":"LineString","coordinates":[[-71.67096,-35.44438],[-71.67086,-35.44422]]}},{"type":"Feature","properties":{"nombre":"Calle 1½ Poniente","jerarquia":5},"geometry":{"type":"LineString","coordinates":[[-71.67086,-35.44422],[-71.67082,-35.44415]]}},{"type":"Feature","properties":{"nombre":"Calle 1½ Poniente","jerarquia":5},"geometry":{"type":"LineString","coordinates":[[-71.67006,-35.44302],[-71.66987,-35.44287]]}},{"type":"Feature","properties":{"nombre":"Calle 1½ Poniente","jerarquia":5},"geometry":{"type":"LineString","coordinates":[[-71.66987,-35.44287],[-71.6696,-35.44275]]}},{"type":"Feature","properties":{"nombre":"Calle 1 Oriente","jerarquia":4},"geometry":{"type":"LineString","coordinates":[[-71.66724,-35.44387],[-71.66713,-35.4437]]}},{"type":"Feature","properties":{"nombre":"Calle 1 Oriente","jerarquia":4},"geometry":{"type":"LineString","coordinates":[[-71.66713,-35.4437],[-71.66693,-35.44341]]}},{"type":"Feature","properties":{"nombre":"Calle 1 Oriente","jerarquia":4},"geometry":{"type":"LineString","coordinates":[[-71.66693,-35.44341],[-71.66686,-35.4433]]}},{"type":"Feature","properties":{"nombre":"14 Sur","jerarquia":5},"geometry":{"type":"LineString","coordinates":[[-71.67414,-35.43905],[-71.67402,-35.43911]]}},{"type":"Feature","properties":{"nombre":"14 Sur","jerarquia":5},"geometry":{"type":"LineString","coordinates":[[-71.67402,-35.43911],[-71.67359,-35.43922]]}},{"type":"Feature","properties":{"nombre":"Calle 1½ Poniente","jerarquia":5},"geometry":{"type":"LineString","coordinates":[[-71.67587,-35.45166],[-71.67584,-35.45155]]}},{"type":"Feature","properties":{"nombre":"Calle 4 Poniente","jerarquia":5},"geometry":{"type":"LineString","coordinates":[[-71.67753,-35.4475],[-71.67739,-35.44702]]}},{"type":"Feature","properties":{"nombre":"Calle 4 Poniente","jerarquia":5},"geometry":{"type":"LineString","coordinates":[[-71.67819,-35.44875],[-71.67815,-35.44862]]}},{"type":"Feature","properties":{"nombre":"Ruta K-370","jerarquia":5},"geometry":{"type":"LineString","coordinates":[[-71.69303,-35.45548],[-71.69234,-35.45556]]}},{"type":"Feature","properties":{"nombre":"Ruta K-390","jerarquia":4},"geometry":{"type":"LineString","coordinates":[[-71.6922,-35.45552],[-71.69223,-35.45558]]}},{"type":"Feature","properties":{"nombre":"Ruta K-390","jerarquia":4},"geometry":{"type":"LineString","coordinates":[[-71.69216,-35.4556],[-71.69213,-35.45554]]}},{"type":"Feature","properties":{"nombre":"Ruta K-390","jerarquia":4},"geometry":{"type":"LineString","coordinates":[[-71.69203,-35.45524],[-71.69209,-35.45533]]}},{"type":"Feature","properties":{"nombre":"Ruta K-390","jerarquia":4},"geometry":{"type":"LineString","coordinates":[[-71.69227,-35.45567],[-71.69233,-35.45585]]}},{"type":"Feature","properties":{"nombre":"Ruta K-390","jerarquia":4},"geometry":{"type":"LineString","coordinates":[[-71.69201,-35.45532],[-71.69184,-35.45503]]}},{"type":"Feature","properties":{"nombre":"Ruta K-370","jerarquia":5},"geometry":{"type":"LineString","coordinates":[[-71.6922,-35.45552],[-71.69242,-35.45548]]}},{"type":"Feature","properties":{"nombre":"Ruta K-370","jerarquia":5},"geometry":{"type":"LineString","coordinates":[[-71.69223,-35.45558],[-71.69216,-35.4556]]}},{"type":"Feature","properties":{"nombre":"Ruta K-390","jerarquia":4},"geometry":{"type":"LineString","coordinates":[[-71.69233,-35.45585],[-71.6926,-35.45679]]}},{"type":"Feature","properties":{"nombre":"Ruta K-390","jerarquia":4},"geometry":{"type":"LineString","coordinates":[[-71.69223,-35.45558],[-71.69227,-35.45567]]}},{"type":"Feature","properties":{"nombre":"Ruta K-390","jerarquia":4},"geometry":{"type":"LineString","coordinates":[[-71.69209,-35.45533],[-71.69215,-35.45543]]}},{"type":"Feature","properties":{"nombre":"Ruta K-390","jerarquia":4},"geometry":{"type":"LineString","coordinates":[[-71.69215,-35.45543],[-71.6922,-35.45552]]}},{"type":"Feature","properties":{"nombre":"Ruta K-390","jerarquia":4},"geometry":{"type":"LineString","coordinates":[[-71.69213,-35.45554],[-71.69201,-35.45532]]}},{"type":"Feature","properties":{"nombre":"Ruta K-390","jerarquia":4},"geometry":{"type":"LineString","coordinates":[[-71.69234,-35.45612],[-71.69221,-35.45573]]}},{"type":"Feature","properties":{"nombre":"Ruta K-390","jerarquia":4},"geometry":{"type":"LineString","coordinates":[[-71.69221,-35.45573],[-71.69216,-35.4556]]}},{"type":"Feature","properties":{"nombre":"Ruta K-390","jerarquia":4},"geometry":{"type":"LineString","coordinates":[[-71.6926,-35.45679],[-71.69234,-35.45612]]}},{"type":"Feature","properties":{"nombre":"Ruta K-390","jerarquia":4},"geometry":{"type":"LineString","coordinates":[[-71.69184,-35.45503],[-71.69203,-35.45524]]}},{"type":"Feature","properties":{"nombre":"Camino Los Patos","jerarquia":5},"geometry":{"type":"LineString","coordinates":[[-71.6797,-35.46058],[-71.67919,-35.4608]]}},{"type":"Feature","properties":{"nombre":"Camino Los Patos","jerarquia":5},"geometry":{"type":"LineString","coordinates":[[-71.67919,-35.4608],[-71.67915,-35.46082]]}},{"type":"Feature","properties":{"nombre":"Camino Los Patos","jerarquia":5},"geometry":{"type":"LineString","coordinates":[[-71.67915,-35.46082],[-71.6787,-35.46101]]}},{"type":"Feature","properties":{"nombre":"Avenida Colín","jerarquia":3},"geometry":{"type":"LineString","coordinates":[[-71.68897,-35.44712],[-71.68871,-35.44681]]}},{"type":"Feature","properties":{"nombre":"29 Sur","jerarquia":5},"geometry":{"type":"LineString","coordinates":[[-71.69989,-35.44419],[-71.70003,-35.44408]]}},{"type":"Feature","properties":{"nombre":"5 Poniente","jerarquia":5},"geometry":{"type":"LineString","coordinates":[[-71.68152,-35.44685],[-71.6816,-35.44694]]}},{"type":"Feature","properties":{"nombre":"Calle de Servicio Ruta 5","jerarquia":5},"geometry":{"type":"LineString","coordinates":[[-71.63256,-35.4197],[-71.6325,-35.41966]]}},{"type":"Feature","properties":{"nombre":"Camino Los Patos","jerarquia":5},"geometry":{"type":"LineString","coordinates":[[-71.67771,-35.46146],[-71.6778,-35.46142]]}},{"type":"Feature","properties":{"nombre":"Camino Los Patos","jerarquia":5},"geometry":{"type":"LineString","coordinates":[[-71.6778,-35.46142],[-71.67804,-35.46131]]}},{"type":"Feature","properties":{"nombre":"Camino Los Patos","jerarquia":5},"geometry":{"type":"LineString","coordinates":[[-71.67804,-35.46131],[-71.67824,-35.46121]]}},{"type":"Feature","properties":{"nombre":"Camino Los Patos","jerarquia":5},"geometry":{"type":"LineString","coordinates":[[-71.67438,-35.46362],[-71.67308,-35.46415]]}},{"type":"Feature","properties":{"nombre":"Camino Los Patos","jerarquia":5},"geometry":{"type":"LineString","coordinates":[[-71.67308,-35.46415],[-71.67258,-35.46436]]}},{"type":"Feature","properties":{"nombre":"Camino Los Patos","jerarquia":5},"geometry":{"type":"LineString","coordinates":[[-71.67258,-35.46436],[-71.67217,-35.46453]]}},{"type":"Feature","properties":{"nombre":"Camino Los Patos","jerarquia":5},"geometry":{"type":"LineString","coordinates":[[-71.67217,-35.46453],[-71.67176,-35.46469]]}},{"type":"Feature","properties":{"nombre":"Camino Los Patos","jerarquia":5},"geometry":{"type":"LineString","coordinates":[[-71.67176,-35.46469],[-71.67134,-35.46487]]}},{"type":"Feature","properties":{"nombre":"Camino Los Patos","jerarquia":5},"geometry":{"type":"LineString","coordinates":[[-71.67134,-35.46487],[-71.67125,-35.46491]]}},{"type":"Feature","properties":{"nombre":"Calle 9 Oriente","jerarquia":5},"geometry":{"type":"LineString","coordinates":[[-71.67119,-35.46482],[-71.67125,-35.46491]]}},{"type":"Feature","properties":{"nombre":"Calle 9 Oriente","jerarquia":5},"geometry":{"type":"LineString","coordinates":[[-71.67128,-35.46479],[-71.67134,-35.46487]]}},{"type":"Feature","properties":{"nombre":"Camino Los Patos","jerarquia":5},"geometry":{"type":"LineString","coordinates":[[-71.6778,-35.46158],[-71.67759,-35.46168]]}},{"type":"Feature","properties":{"nombre":"Ruta K-555","jerarquia":5},"geometry":{"type":"LineString","coordinates":[[-71.55741,-35.47141],[-71.55742,-35.47113]]}},{"type":"Feature","properties":{"nombre":"Ruta K-555","jerarquia":5},"geometry":{"type":"LineString","coordinates":[[-71.55742,-35.47113],[-71.55663,-35.46977]]}},{"type":"Feature","properties":{"nombre":"Ruta K-555","jerarquia":5},"geometry":{"type":"LineString","coordinates":[[-71.55663,-35.46977],[-71.5563,-35.46921]]}},{"type":"Feature","properties":{"nombre":"Ruta K-555","jerarquia":5},"geometry":{"type":"LineString","coordinates":[[-71.5563,-35.46921],[-71.55428,-35.46578]]}},{"type":"Feature","properties":{"nombre":"Ruta K-555","jerarquia":5},"geometry":{"type":"LineString","coordinates":[[-71.55428,-35.46578],[-71.55424,-35.46571]]}},{"type":"Feature","properties":{"nombre":"","jerarquia":5},"geometry":{"type":"LineString","coordinates":[[-71.68426,-35.44524],[-71.68408,-35.44522]]}},{"type":"Feature","properties":{"nombre":"Calle 19 Norte","jerarquia":5},"geometry":{"type":"LineString","coordinates":[[-71.6418,-35.41024],[-71.64192,-35.41012]]}},{"type":"Feature","properties":{"nombre":"Calle 19 Norte","jerarquia":5},"geometry":{"type":"LineString","coordinates":[[-71.64192,-35.41012],[-71.64225,-35.40979]]}},{"type":"Feature","properties":{"nombre":"Calle 19 Norte","jerarquia":5},"geometry":{"type":"LineString","coordinates":[[-71.64225,-35.40979],[-71.64257,-35.40945]]}},{"type":"Feature","properties":{"nombre":"Calle 19 Norte","jerarquia":5},"geometry":{"type":"LineString","coordinates":[[-71.64257,-35.40945],[-71.64293,-35.40908]]}},{"type":"Feature","properties":{"nombre":"Calle 19 Norte","jerarquia":5},"geometry":{"type":"LineString","coordinates":[[-71.64293,-35.40908],[-71.64303,-35.40898]]}},{"type":"Feature","properties":{"nombre":"Calle 19 Norte","jerarquia":5},"geometry":{"type":"LineString","coordinates":[[-71.64303,-35.40898],[-71.64339,-35.40858]]}},{"type":"Feature","properties":{"nombre":"","jerarquia":3},"geometry":{"type":"LineString","coordinates":[[-71.64527,-35.40684],[-71.64499,-35.40692]]}},{"type":"Feature","properties":{"nombre":"","jerarquia":3},"geometry":{"type":"LineString","coordinates":[[-71.64499,-35.40692],[-71.645,-35.40668]]}},{"type":"Feature","properties":{"nombre":"Calle 8 Oriente","jerarquia":5},"geometry":{"type":"LineString","coordinates":[[-71.65556,-35.42687],[-71.65551,-35.42578]]}},{"type":"Feature","properties":{"nombre":"Calle 8 Oriente","jerarquia":5},"geometry":{"type":"LineString","coordinates":[[-71.65551,-35.42578],[-71.6555,-35.4255]]}},{"type":"Feature","properties":{"nombre":"Calle 8 Oriente","jerarquia":5},"geometry":{"type":"LineString","coordinates":[[-71.6555,-35.4255],[-71.65549,-35.42543]]}},{"type":"Feature","properties":{"nombre":"Calle 8 Oriente","jerarquia":5},"geometry":{"type":"LineString","coordinates":[[-71.65564,-35.42889],[-71.65561,-35.42808]]}},{"type":"Feature","properties":{"nombre":"Calle 8 Oriente","jerarquia":5},"geometry":{"type":"LineString","coordinates":[[-71.65561,-35.42808],[-71.6556,-35.42797]]}},{"type":"Feature","properties":{"nombre":"Calle 8 Oriente","jerarquia":5},"geometry":{"type":"LineString","coordinates":[[-71.6556,-35.42797],[-71.65556,-35.42697]]}},{"type":"Feature","properties":{"nombre":"Calle 8 Oriente","jerarquia":5},"geometry":{"type":"LineString","coordinates":[[-71.65556,-35.42697],[-71.65556,-35.42687]]}}]}